timestamp,open,high,low,close,volume,datetime
1786727100000,63144.31,63157.09,63116.0,63122.56,27.88796,2026-08-14 17:05:00+00:00
1786727400000,63122.56,63179.77,63122.55,63179.76,32.93109,2026-08-14 17:10:00+00:00
1786727700000,63179.76,63210.32,63166.14,63201.77,44.05148,2026-08-14 17:15:00+00:00
1786728000000,63201.77,63247.05,63200.0,63227.95,77.06944,2026-08-14 17:20:00+00:00
1786728300000,63227.95,63227.95,63186.5,63202.0,27.64697,2026-08-14 17:25:00+00:00
1786728600000,63202.0,63220.0,63176.36,63216.72,30.90536,2026-08-14 17:30:00+00:00
1786728900000,63216.73,63216.73,63125.25,63129.59,33.94054,2026-08-14 17:35:00+00:00
1786729200000,63129.58,63143.19,63075.72,63109.97,42.02851,2026-08-14 17:40:00+00:00
1786729500000,63109.98,63127.16,63106.0,63117.99,22.77737,2026-08-14 17:45:00+00:00
1786729800000,63117.99,63118.0,63071.41,63074.8,21.20739,2026-08-14 17:50:00+00:00
1786730100000,63074.79,63074.79,63000.0,63013.69,65.31814,2026-08-14 17:55:00+00:00
1786730400000,63013.7,63049.92,62958.0,63042.0,53.01476,2026-08-14 18:00:00+00:00
1786730700000,63041.99,63064.39,63022.0,63035.07,24.54149,2026-08-14 18:05:00+00:00
1786731000000,63035.06,63070.0,63000.0,63004.0,36.26268,2026-08-14 18:10:00+00:00
1786731300000,63004.0,63052.2,63004.0,63038.57,17.47826,2026-08-14 18:15:00+00:00
1786731600000,63038.56,63061.71,63028.02,63053.99,36.7216,2026-08-14 18:20:00+00:00
1786731900000,63053.99,63088.21,63036.54,63037.82,23.80127,2026-08-14 18:25:00+00:00
1786732200000,63037.81,63039.15,62948.03,62956.2,26.14317,2026-08-14 18:30:00+00:00
1786732500000,62956.2,63012.37,62956.19,63006.0,24.76067,2026-08-14 18:35:00+00:00
1786732800000,63006.0,63024.0,62972.0,62972.02,26.56395,2026-08-14 18:40:00+00:00
1786733100000,62972.02,62974.53,62894.85,62895.8,38.02643,2026-08-14 18:45:00+00:00
1786733400000,62895.8,62931.09,62895.79,62920.91,25.95931,2026-08-14 18:50:00+00:00
1786733700000,62920.91,62930.01,62917.5,62930.01,34.49679,2026-08-14 18:55:00+00:00
1786734000000,62930.01,62930.01,62870.0,62873.79,43.83118,2026-08-14 19:00:00+00:00
1786734300000,62873.79,62894.0,62852.34,62894.0,27.97716,2026-08-14 19:05:00+00:00
1786734600000,62893.99,62894.0,62856.74,62859.26,24.53572,2026-08-14 19:10:00+00:00
1786734900000,62859.26,62875.05,62830.0,62831.02,28.98069,2026-08-14 19:15:00+00:00
1786735200000,62831.02,62901.48,62831.02,62874.55,46.28008,2026-08-14 19:20:00+00:00
1786735500000,62874.55,62936.49,62874.54,62929.1,26.87598,2026-08-14 19:25:00+00:00
1786735800000,62929.1,62929.1,62888.91,62913.9,22.63192,2026-08-14 19:30:00+00:00
1786736100000,62913.89,62947.33,62909.16,62934.04,36.61476,2026-08-14 19:35:00+00:00
1786736400000,62934.04,62982.99,62922.0,62982.99,29.18995,2026-08-14 19:40:00+00:00
1786736700000,62982.99,62996.0,62947.75,62954.0,55.32591,2026-08-14 19:45:00+00:00
1786737000000,62954.0,62973.82,62952.72,62973.82,19.28012,2026-08-14 19:50:00+00:00
1786737300000,62973.81,62973.82,62943.39,62968.05,33.46198,2026-08-14 19:55:00+00:00
1786737600000,62968.06,63008.0,62964.78,63007.99,27.8093,2026-08-14 20:00:00+00:00
1786737900000,63008.0,63020.74,62985.99,63020.74,149.01827,2026-08-14 20:05:00+00:00
1786738200000,63020.74,63020.74,62974.76,62974.76,15.78253,2026-08-14 20:10:00+00:00
1786738500000,62974.77,62974.77,62934.0,62944.04,25.80335,2026-08-14 20:15:00+00:00
1786738800000,62944.04,62987.44,62944.0,62976.01,22.85108,2026-08-14 20:20:00+00:00
1786739100000,62976.01,62976.01,62942.6,62949.74,28.3704,2026-08-14 20:25:00+00:00
1786739400000,62949.73,62957.28,62932.0,62939.78,35.94051,2026-08-14 20:30:00+00:00
1786739700000,62939.78,62940.0,62912.0,62912.0,12.62732,2026-08-14 20:35:00+00:00
1786740000000,62912.01,62912.51,62912.0,62912.51,4.70361,2026-08-14 20:40:00+00:00
1786740300000,62912.51,62928.06,62909.99,62925.79,8.48157,2026-08-14 20:45:00+00:00
1786740600000,62925.79,62937.22,62910.0,62910.0,13.1778,2026-08-14 20:50:00+00:00
1786740900000,62910.01,62910.01,62896.85,62907.59,14.87191,2026-08-14 20:55:00+00:00
1786741200000,62907.59,62937.22,62898.58,62937.22,15.70392,2026-08-14 21:00:00+00:00
1786741500000,62937.21,62937.22,62900.27,62900.27,9.60065,2026-08-14 21:05:00+00:00
1786741800000,62900.28,62924.0,62900.27,62904.0,14.82871,2026-08-14 21:10:00+00:00
1786742100000,62904.01,62914.0,62894.95,62894.96,6.03138,2026-08-14 21:15:00+00:00
1786742400000,62894.95,62902.0,62888.0,62901.81,11.58623,2026-08-14 21:20:00+00:00
1786742700000,62901.82,62922.53,62892.7,62892.71,21.4425,2026-08-14 21:25:00+00:00
1786743000000,62892.71,62893.31,62873.25,62873.25,6.61577,2026-08-14 21:30:00+00:00
1786743300000,62873.25,62890.05,62873.25,62890.05,15.95663,2026-08-14 21:35:00+00:00
1786743600000,62890.05,62912.0,62877.52,62889.01,27.67862,2026-08-14 21:40:00+00:00
1786743900000,62889.01,62924.42,62876.89,62921.29,27.08115,2026-08-14 21:45:00+00:00
1786744200000,62921.3,62925.36,62886.0,62886.01,14.7532,2026-08-14 21:50:00+00:00
1786744500000,62886.01,62928.49,62884.57,62928.49,8.36724,2026-08-14 21:55:00+00:00
1786744800000,62928.49,62957.28,62912.0,62939.35,24.43853,2026-08-14 22:00:00+00:00
1786745100000,62939.35,62943.64,62896.66,62902.97,17.83254,2026-08-14 22:05:00+00:00
1786745400000,62902.96,62902.97,62833.33,62833.33,36.82987,2026-08-14 22:10:00+00:00
1786745700000,62833.33,62834.49,62800.0,62834.48,45.40527,2026-08-14 22:15:00+00:00
1786746000000,62834.48,62840.16,62817.22,62834.0,12.15294,2026-08-14 22:20:00+00:00
1786746300000,62833.99,62834.0,62823.99,62823.99,4.52742,2026-08-14 22:25:00+00:00
1786746600000,62823.99,62871.41,62823.99,62869.08,36.4479,2026-08-14 22:30:00+00:00
1786746900000,62869.09,62877.91,62869.08,62877.9,6.64324,2026-08-14 22:35:00+00:00
1786747200000,62877.91,62884.0,62877.9,62883.99,3.05225,2026-08-14 22:40:00+00:00
1786747500000,62884.0,62895.99,62880.35,62880.35,10.35511,2026-08-14 22:45:00+00:00
1786747800000,62880.36,62885.86,62876.68,62880.35,19.4677,2026-08-14 22:50:00+00:00
1786748100000,62880.35,62890.67,62868.53,62886.88,9.41928,2026-08-14 22:55:00+00:00
1786748400000,62886.87,62892.0,62884.35,62887.45,8.33897,2026-08-14 23:00:00+00:00
1786748700000,62887.45,62893.5,62887.45,62893.49,6.98255,2026-08-14 23:05:00+00:00
1786749000000,62893.5,62930.0,62893.49,62929.99,9.23655,2026-08-14 23:10:00+00:00
1786749300000,62930.0,62940.0,62891.11,62891.12,26.99262,2026-08-14 23:15:00+00:00
1786749600000,62891.11,62956.81,62865.03,62956.8,118.77866,2026-08-14 23:20:00+00:00
1786749900000,62956.8,62956.81,62934.5,62948.11,11.04665,2026-08-14 23:25:00+00:00
1786750200000,62948.11,62966.87,62929.85,62929.85,10.97579,2026-08-14 23:30:00+00:00
1786750500000,62929.85,62980.0,62905.99,62980.0,25.34299,2026-08-14 23:35:00+00:00
1786750800000,62979.99,63029.53,62974.0,63008.89,60.14728,2026-08-14 23:40:00+00:00
1786751100000,63008.89,63062.0,63008.88,63054.77,18.89999,2026-08-14 23:45:00+00:00
1786751400000,63054.76,63066.13,63018.06,63047.53,20.34859,2026-08-14 23:50:00+00:00
1786751700000,63047.53,63047.54,63027.84,63043.56,12.0005,2026-08-14 23:55:00+00:00
1786752000000,63043.56,63059.5,63026.08,63026.08,14.12534,2026-08-15 00:00:00+00:00
1786752300000,63026.07,63028.0,63008.01,63026.05,8.81245,2026-08-15 00:05:00+00:00
1786752600000,63026.05,63029.61,63012.37,63012.37,4.81749,2026-08-15 00:10:00+00:00
1786752900000,63012.37,63021.73,63012.03,63021.73,8.98943,2026-08-15 00:15:00+00:00
1786753200000,63021.72,63033.41,63003.69,63027.85,12.03051,2026-08-15 00:20:00+00:00
1786753500000,63027.85,63031.89,63000.0,63010.0,61.47788,2026-08-15 00:25:00+00:00
1786753800000,63010.0,63023.97,63009.99,63015.88,11.11326,2026-08-15 00:30:00+00:00
1786754100000,63015.88,63015.89,63000.67,63012.86,4.84898,2026-08-15 00:35:00+00:00
1786754400000,63012.86,63019.99,63006.17,63019.98,26.9566,2026-08-15 00:40:00+00:00
1786754700000,63019.99,63031.81,63013.35,63013.36,6.16993,2026-08-15 00:45:00+00:00
1786755000000,63013.36,63013.36,62992.91,63000.0,7.6607,2026-08-15 00:50:00+00:00
1786755300000,63000.0,63028.88,62999.99,63019.88,41.63976,2026-08-15 00:55:00+00:00
1786755600000,63019.89,63019.89,63006.03,63006.03,10.26455,2026-08-15 01:00:00+00:00
1786755900000,63006.04,63013.25,62993.57,63013.25,11.67025,2026-08-15 01:05:00+00:00
1786756200000,63013.24,63035.27,62999.99,63012.89,142.78388,2026-08-15 01:10:00+00:00
1786756500000,63012.89,63012.89,63000.0,63001.29,9.40376,2026-08-15 01:15:00+00:00
1786756800000,63001.29,63037.92,62999.89,63037.92,51.69,2026-08-15 01:20:00+00:00
1786757100000,63037.91,63037.92,62999.9,63034.0,88.12829,2026-08-15 01:25:00+00:00
1786757400000,63034.0,63043.01,63015.7,63043.01,42.32781,2026-08-15 01:30:00+00:00
1786757700000,63043.01,63048.5,63033.17,63044.01,49.50105,2026-08-15 01:35:00+00:00
1786758000000,63044.0,63051.78,63030.0,63030.0,36.80903,2026-08-15 01:40:00+00:00
1786758300000,63030.01,63030.01,63024.14,63024.14,5.69607,2026-08-15 01:45:00+00:00
1786758600000,63024.15,63024.15,63023.64,63023.65,10.98275,2026-08-15 01:50:00+00:00
1786758900000,63023.64,63045.14,63023.64,63045.13,25.97788,2026-08-15 01:55:00+00:00
1786759200000,63045.14,63063.68,63045.13,63063.68,10.13889,2026-08-15 02:00:00+00:00
1786759500000,63063.67,63065.8,63045.49,63048.44,93.32168,2026-08-15 02:05:00+00:00
1786759800000,63048.44,63052.0,63035.95,63051.99,40.84606,2026-08-15 02:10:00+00:00
1786760100000,63052.0,63095.51,63052.0,63080.0,13.52188,2026-08-15 02:15:00+00:00
1786760400000,63080.01,63117.2,63080.0,63116.85,26.92869,2026-08-15 02:20:00+00:00
1786760700000,63116.85,63118.41,63102.57,63102.57,10.25597,2026-08-15 02:25:00+00:00
1786761000000,63102.58,63126.17,63102.57,63126.16,6.80077,2026-08-15 02:30:00+00:00
1786761300000,63126.16,63131.44,63111.03,63128.01,10.47003,2026-08-15 02:35:00+00:00
1786761600000,63128.01,63134.82,63121.12,63121.12,9.25912,2026-08-15 02:40:00+00:00
1786761900000,63121.12,63134.41,63121.12,63134.4,6.87463,2026-08-15 02:45:00+00:00
1786762200000,63134.4,63134.41,63130.0,63130.01,8.34711,2026-08-15 02:50:00+00:00
1786762500000,63130.0,63134.41,63130.0,63134.41,6.77946,2026-08-15 02:55:00+00:00
1786762800000,63134.41,63134.42,63134.4,63134.41,4.02054,2026-08-15 03:00:00+00:00
1786763100000,63134.41,63146.97,63134.41,63135.01,9.96931,2026-08-15 03:05:00+00:00
1786763400000,63135.01,63155.0,63135.0,63154.0,8.45792,2026-08-15 03:10:00+00:00
1786763700000,63154.0,63187.98,63132.0,63132.0,24.92584,2026-08-15 03:15:00+00:00
1786764000000,63132.01,63132.01,63108.05,63110.77,6.0713,2026-08-15 03:20:00+00:00
1786764300000,63110.77,63110.77,63088.0,63091.75,7.20261,2026-08-15 03:25:00+00:00
1786764600000,63091.75,63091.75,63086.21,63086.22,5.61065,2026-08-15 03:30:00+00:00
1786764900000,63086.21,63086.22,63046.0,63060.0,12.53235,2026-08-15 03:35:00+00:00
1786765200000,63060.0,63064.35,63060.0,63064.34,2.24871,2026-08-15 03:40:00+00:00
1786765500000,63064.34,63064.35,63064.34,63064.35,14.84283,2026-08-15 03:45:00+00:00
1786765800000,63064.34,63074.0,63060.49,63073.99,8.66664,2026-08-15 03:50:00+00:00
1786766100000,63074.0,63075.03,63039.99,63051.25,79.91905,2026-08-15 03:55:00+00:00
1786766400000,63051.25,63080.01,63051.25,63080.0,41.65488,2026-08-15 04:00:00+00:00
1786766700000,63080.01,63085.17,63070.0,63070.62,30.25913,2026-08-15 04:05:00+00:00
1786767000000,63070.61,63100.0,63070.61,63099.99,25.04499,2026-08-15 04:10:00+00:00
1786767300000,63099.99,63130.0,63099.99,63125.83,29.8518,2026-08-15 04:15:00+00:00
1786767600000,63125.84,63125.84,63124.56,63124.57,4.15508,2026-08-15 04:20:00+00:00
1786767900000,63124.56,63124.57,63124.56,63124.57,1.87237,2026-08-15 04:25:00+00:00
1786768200000,63124.57,63124.57,63123.29,63123.75,5.77684,2026-08-15 04:30:00+00:00
1786768500000,63123.76,63145.71,63123.75,63145.46,8.9569,2026-08-15 04:35:00+00:00
1786768800000,63145.47,63151.64,63145.46,63151.64,5.41684,2026-08-15 04:40:00+00:00
1786769100000,63151.64,63151.65,63146.0,63146.01,4.29629,2026-08-15 04:45:00+00:00
1786769400000,63146.01,63146.01,63122.59,63122.6,11.18477,2026-08-15 04:50:00+00:00
1786769700000,63122.6,63122.6,63122.0,63122.0,3.83254,2026-08-15 04:55:00+00:00
1786770000000,63122.01,63124.54,63122.0,63124.53,3.48361,2026-08-15 05:00:00+00:00
1786770300000,63124.53,63141.52,63124.53,63141.5,3.20669,2026-08-15 05:05:00+00:00
1786770600000,63141.51,63149.54,63141.5,63149.54,6.07068,2026-08-15 05:10:00+00:00
1786770900000,63149.54,63155.76,63149.53,63151.95,4.4904,2026-08-15 05:15:00+00:00
1786771200000,63151.96,63151.96,63130.28,63130.28,7.7391,2026-08-15 05:20:00+00:00
1786771500000,63130.28,63130.29,63124.53,63124.54,6.45593,2026-08-15 05:25:00+00:00
1786771800000,63124.53,63124.54,63121.0,63123.53,3.11132,2026-08-15 05:30:00+00:00
1786772100000,63123.53,63123.53,63066.0,63066.01,16.82574,2026-08-15 05:35:00+00:00
1786772400000,63066.01,63075.08,63056.18,63075.07,8.57991,2026-08-15 05:40:00+00:00
1786772700000,63075.07,63081.19,63068.95,63068.96,8.48621,2026-08-15 05:45:00+00:00
1786773000000,63068.95,63068.96,63058.0,63068.52,5.99101,2026-08-15 05:50:00+00:00
1786773300000,63068.52,63094.64,63039.99,63089.0,138.83992,2026-08-15 05:55:00+00:00
1786773600000,63089.0,63089.01,63089.0,63089.0,3.36934,2026-08-15 06:00:00+00:00
1786773900000,63089.01,63095.32,63089.0,63093.6,9.8588,2026-08-15 06:05:00+00:00
1786774200000,63093.59,63093.63,63037.76,63037.76,64.98655,2026-08-15 06:10:00+00:00
1786774500000,63037.77,63047.68,63037.76,63047.68,8.97959,2026-08-15 06:15:00+00:00
1786774800000,63047.67,63065.34,63047.0,63059.12,83.86825,2026-08-15 06:20:00+00:00
1786775100000,63059.13,63067.85,63027.89,63036.5,77.96949,2026-08-15 06:25:00+00:00
1786775400000,63036.5,63059.36,63036.5,63059.35,4.78265,2026-08-15 06:30:00+00:00
1786775700000,63059.36,63059.36,63055.4,63055.4,10.90884,2026-08-15 06:35:00+00:00
1786776000000,63055.41,63069.29,63050.35,63069.29,11.37714,2026-08-15 06:40:00+00:00
1786776300000,63069.29,63077.51,63069.28,63077.51,42.74891,2026-08-15 06:45:00+00:00
1786776600000,63077.51,63128.42,63077.5,63128.42,33.84688,2026-08-15 06:50:00+00:00
1786776900000,63128.42,63134.84,63108.0,63114.68,21.05674,2026-08-15 06:55:00+00:00
1786777200000,63114.68,63118.0,63113.5,63113.51,68.15431,2026-08-15 07:00:00+00:00
1786777500000,63113.51,63113.51,63070.15,63070.16,14.79289,2026-08-15 07:05:00+00:00
1786777800000,63070.16,63134.83,63068.0,63134.83,232.17389,2026-08-15 07:10:00+00:00
1786778100000,63134.83,63134.83,63100.36,63100.37,26.4828,2026-08-15 07:15:00+00:00
1786778400000,63100.36,63100.37,63069.83,63091.99,42.77991,2026-08-15 07:20:00+00:00
1786778700000,63091.99,63107.54,63076.74,63076.75,130.52685,2026-08-15 07:25:00+00:00
1786779000000,63076.75,63076.75,63063.01,63076.54,55.0076,2026-08-15 07:30:00+00:00
1786779300000,63076.53,63099.48,63076.53,63086.54,9.26041,2026-08-15 07:35:00+00:00
1786779600000,63086.54,63086.54,63079.92,63079.93,16.4843,2026-08-15 07:40:00+00:00
1786779900000,63079.92,63079.92,63078.0,63078.01,14.65633,2026-08-15 07:45:00+00:00
1786780200000,63078.0,63078.01,63076.0,63076.01,12.22552,2026-08-15 07:50:00+00:00
1786780500000,63076.0,63082.0,63042.0,63075.43,66.18693,2026-08-15 07:55:00+00:00
1786780800000,63075.43,63085.8,63070.0,63070.01,35.60433,2026-08-15 08:00:00+00:00
1786781100000,63070.01,63070.01,63062.16,63063.44,21.06601,2026-08-15 08:05:00+00:00
1786781400000,63063.44,63063.44,63061.87,63061.88,12.23778,2026-08-15 08:10:00+00:00
1786781700000,63061.87,63065.97,63059.83,63065.97,4.49526,2026-08-15 08:15:00+00:00
1786782000000,63065.96,63065.97,63059.83,63059.84,5.76907,2026-08-15 08:20:00+00:00
1786782300000,63059.83,63059.84,63052.7,63052.71,3.31953,2026-08-15 08:25:00+00:00
1786782600000,63052.71,63052.72,63040.0,63040.01,9.06811,2026-08-15 08:30:00+00:00
1786782900000,63040.01,63040.01,63031.33,63031.34,4.57303,2026-08-15 08:35:00+00:00
1786783200000,63031.33,63031.34,63020.0,63020.01,4.69809,2026-08-15 08:40:00+00:00
1786783500000,63020.0,63057.58,63020.0,63050.0,13.55646,2026-08-15 08:45:00+00:00
1786783800000,63050.0,63050.0,62962.8,62962.81,31.4847,2026-08-15 08:50:00+00:00
1786784100000,62962.8,62972.0,62933.71,62935.72,32.12408,2026-08-15 08:55:00+00:00
1786784400000,62935.72,62949.25,62920.0,62922.01,20.32856,2026-08-15 09:00:00+00:00
1786784700000,62922.0,62949.12,62922.0,62946.67,12.84186,2026-08-15 09:05:00+00:00
1786785000000,62946.67,62960.27,62946.67,62956.64,4.98529,2026-08-15 09:10:00+00:00
1786785300000,62956.64,62975.63,62956.63,62975.63,29.80481,2026-08-15 09:15:00+00:00
1786785600000,62975.62,62975.63,62967.93,62967.93,6.04543,2026-08-15 09:20:00+00:00
1786785900000,62967.94,62982.76,62967.93,62981.37,11.5085,2026-08-15 09:25:00+00:00
1786786200000,62981.38,62993.78,62981.37,62992.95,14.78479,2026-08-15 09:30:00+00:00
1786786500000,62992.96,63013.76,62992.95,63013.76,35.41814,2026-08-15 09:35:00+00:00
1786786800000,63013.76,63029.15,63010.66,63026.61,7.60879,2026-08-15 09:40:00+00:00
1786787100000,63026.62,63026.62,63026.61,63026.61,3.76479,2026-08-15 09:45:00+00:00
1786787400000,63026.61,63042.46,63026.61,63042.46,29.20694,2026-08-15 09:50:00+00:00
1786787700000,63042.46,63045.83,63030.38,63030.38,7.69581,2026-08-15 09:55:00+00:00
1786788000000,63030.39,63033.25,63002.12,63002.12,7.09745,2026-08-15 10:00:00+00:00
1786788300000,63002.12,63015.43,63002.12,63015.42,9.67611,2026-08-15 10:05:00+00:00
1786788600000,63015.42,63018.81,63015.42,63018.81,2.51,2026-08-15 10:10:00+00:00
1786788900000,63018.81,63018.81,63018.8,63018.81,3.22634,2026-08-15 10:15:00+00:00
1786789200000,63018.8,63020.0,63018.8,63020.0,3.1541,2026-08-15 10:20:00+00:00
1786789500000,63020.0,63020.0,63019.99,63019.99,1.13944,2026-08-15 10:25:00+00:00
1786789800000,63020.0,63044.0,63018.76,63028.88,10.89312,2026-08-15 10:30:00+00:00
1786790100000,63028.88,63034.0,63024.57,63033.99,4.0504,2026-08-15 10:35:00+00:00
1786790400000,63034.0,63036.0,63032.39,63035.99,8.35402,2026-08-15 10:40:00+00:00
1786790700000,63036.0,63050.0,63035.99,63050.0,4.46889,2026-08-15 10:45:00+00:00
1786791000000,63049.99,63051.74,63035.99,63035.99,7.97102,2026-08-15 10:50:00+00:00
1786791300000,63035.99,63050.01,63027.12,63046.1,17.04022,2026-08-15 10:55:00+00:00
1786791600000,63046.1,63046.11,63029.67,63029.99,22.01603,2026-08-15 11:00:00+00:00
1786791900000,63029.99,63037.79,63029.99,63037.78,7.92739,2026-08-15 11:05:00+00:00
1786792200000,63037.78,63037.79,63030.0,63030.0,18.94246,2026-08-15 11:10:00+00:00
1786792500000,63030.0,63044.95,63030.0,63033.84,6.29738,2026-08-15 11:15:00+00:00
1786792800000,63033.83,63033.84,63030.0,63030.0,4.58374,2026-08-15 11:20:00+00:00
1786793100000,63030.01,63032.54,63030.0,63032.54,8.90665,2026-08-15 11:25:00+00:00
1786793400000,63032.53,63038.93,63032.53,63035.01,7.13156,2026-08-15 11:30:00+00:00
1786793700000,63035.0,63035.01,63035.0,63035.0,2.30077,2026-08-15 11:35:00+00:00
1786794000000,63035.0,63047.78,63035.0,63047.77,4.34565,2026-08-15 11:40:00+00:00
1786794300000,63047.78,63054.69,63000.0,63008.05,72.83974,2026-08-15 11:45:00+00:00
1786794600000,63008.05,63025.2,62996.85,63025.2,11.59762,2026-08-15 11:50:00+00:00
1786794900000,63025.2,63028.0,63022.0,63022.01,8.82292,2026-08-15 11:55:00+00:00
1786795200000,63022.01,63022.01,63000.0,63000.01,5.23648,2026-08-15 12:00:00+00:00
1786795500000,63000.01,63000.01,62992.51,62999.99,10.20127,2026-08-15 12:05:00+00:00
1786795800000,63000.0,63000.0,62986.36,62986.37,15.02704,2026-08-15 12:10:00+00:00
1786796100000,62986.36,62987.26,62984.73,62987.26,4.77163,2026-08-15 12:15:00+00:00
1786796400000,62987.25,62987.26,62987.25,62987.26,2.70182,2026-08-15 12:20:00+00:00
1786796700000,62987.26,62987.26,62987.25,62987.26,18.05407,2026-08-15 12:25:00+00:00
1786797000000,62987.25,62987.26,62985.0,62985.0,5.27438,2026-08-15 12:30:00+00:00
1786797300000,62985.0,62985.01,62977.81,62977.82,3.83708,2026-08-15 12:35:00+00:00
1786797600000,62977.82,62977.82,62960.46,62960.47,7.16162,2026-08-15 12:40:00+00:00
1786797900000,62960.46,62960.46,62946.58,62953.52,13.5409,2026-08-15 12:45:00+00:00
1786798200000,62953.51,62956.05,62953.51,62956.04,4.1138,2026-08-15 12:50:00+00:00
1786798500000,62956.05,63055.36,62956.05,63050.13,19.81393,2026-08-15 12:55:00+00:00
1786798800000,63050.12,63070.84,63028.11,63070.84,16.96371,2026-08-15 13:00:00+00:00
1786799100000,63070.84,63080.88,63054.68,63054.68,17.79753,2026-08-15 13:05:00+00:00
1786799400000,63054.69,63073.14,63054.68,63073.14,8.90137,2026-08-15 13:10:00+00:00
1786799700000,63073.14,63078.96,63038.55,63052.28,20.64348,2026-08-15 13:15:00+00:00
1786800000000,63052.27,63058.0,63036.25,63042.61,8.6051,2026-08-15 13:20:00+00:00
1786800300000,63042.6,63043.26,63036.0,63036.01,6.57353,2026-08-15 13:25:00+00:00
1786800600000,63036.0,63040.95,63031.46,63040.95,6.80946,2026-08-15 13:30:00+00:00
1786800900000,63040.94,63049.6,63040.04,63040.05,7.26327,2026-08-15 13:35:00+00:00
1786801200000,63040.04,63040.05,63031.43,63031.43,6.12222,2026-08-15 13:40:00+00:00
1786801500000,63031.44,63052.32,63031.43,63048.1,15.4842,2026-08-15 13:45:00+00:00
1786801800000,63048.09,63055.0,63048.09,63048.09,8.63486,2026-08-15 13:50:00+00:00
1786802100000,63048.09,63060.35,63048.09,63060.35,8.49807,2026-08-15 13:55:00+00:00
1786802400000,63060.34,63060.35,63034.45,63034.45,24.3862,2026-08-15 14:00:00+00:00
1786802700000,63034.45,63042.83,63034.45,63042.83,13.31202,2026-08-15 14:05:00+00:00
1786803000000,63042.83,63055.01,63038.0,63055.01,28.76722,2026-08-15 14:10:00+00:00
1786803300000,63055.01,63055.01,63029.86,63029.86,37.57466,2026-08-15 14:15:00+00:00
1786803600000,63029.86,63029.87,62996.77,63016.0,27.89479,2026-08-15 14:20:00+00:00
1786803900000,63015.99,63040.08,63015.99,63040.0,21.5391,2026-08-15 14:25:00+00:00
1786804200000,63040.01,63040.01,63034.81,63034.82,8.85364,2026-08-15 14:30:00+00:00
1786804500000,63034.82,63040.0,63029.89,63029.89,18.95322,2026-08-15 14:35:00+00:00
1786804800000,63029.9,63040.08,63029.89,63040.0,4.79072,2026-08-15 14:40:00+00:00
1786805100000,63040.0,63045.16,63040.0,63045.16,8.54391,2026-08-15 14:45:00+00:00
1786805400000,63045.16,63050.0,63041.53,63050.0,10.57394,2026-08-15 14:50:00+00:00
1786805700000,63050.0,63051.43,63040.0,63040.0,38.84809,2026-08-15 14:55:00+00:00
1786806000000,63040.01,63045.7,63040.0,63045.7,27.79624,2026-08-15 15:00:00+00:00
1786806300000,63045.69,63045.7,63040.01,63040.01,7.24171,2026-08-15 15:05:00+00:00
1786806600000,63040.01,63040.02,63040.01,63040.01,7.22402,2026-08-15 15:10:00+00:00
1786806900000,63040.01,63078.96,63032.0,63078.95,37.3507,2026-08-15 15:15:00+00:00
1786807200000,63078.95,63078.96,63054.68,63063.83,17.88312,2026-08-15 15:20:00+00:00
1786807500000,63063.83,63073.55,63063.82,63073.55,4.39742,2026-08-15 15:25:00+00:00
1786807800000,63073.55,63097.41,63073.54,63097.4,32.72788,2026-08-15 15:30:00+00:00
1786808100000,63097.4,63120.09,63097.4,63118.66,36.51632,2026-08-15 15:35:00+00:00
1786808400000,63118.67,63118.68,63115.59,63115.59,23.89577,2026-08-15 15:40:00+00:00
1786808700000,63115.59,63115.6,63115.12,63115.12,6.76038,2026-08-15 15:45:00+00:00
1786809000000,63115.13,63115.13,63100.7,63100.7,6.19921,2026-08-15 15:50:00+00:00
1786809300000,63100.71,63100.71,63100.55,63100.55,6.38285,2026-08-15 15:55:00+00:00
1786809600000,63100.55,63100.56,63094.01,63094.02,5.16617,2026-08-15 16:00:00+00:00
1786809900000,63094.02,63094.03,63076.0,63086.4,32.89515,2026-08-15 16:05:00+00:00
1786810200000,63086.4,63098.3,63083.03,63083.03,40.70713,2026-08-15 16:10:00+00:00
1786810500000,63083.03,63083.04,63066.73,63079.47,21.4615,2026-08-15 16:15:00+00:00
1786810800000,63079.46,63105.0,63079.46,63104.99,33.80665,2026-08-15 16:20:00+00:00
1786811100000,63104.99,63121.6,63104.99,63121.59,9.92625,2026-08-15 16:25:00+00:00
1786811400000,63121.6,63124.99,63092.92,63092.93,16.07808,2026-08-15 16:30:00+00:00
1786811700000,63092.93,63096.63,63092.92,63096.63,15.33197,2026-08-15 16:35:00+00:00
1786812000000,63096.62,63096.63,63096.6,63096.6,9.51227,2026-08-15 16:40:00+00:00
1786812300000,63096.6,63096.63,63095.56,63096.63,8.99583,2026-08-15 16:45:00+00:00
1786812600000,63096.63,63096.63,63096.62,63096.62,6.28407,2026-08-15 16:50:00+00:00
1786812900000,63096.63,63096.63,63096.62,63096.63,2.67465,2026-08-15 16:55:00+00:00
1786813200000,63096.62,63096.63,63096.58,63096.58,8.96219,2026-08-15 17:00:00+00:00
1786813500000,63096.58,63096.59,63096.58,63096.58,5.54042,2026-08-15 17:05:00+00:00
1786813800000,63096.59,63096.59,63096.58,63096.59,2.67749,2026-08-15 17:10:00+00:00
1786814100000,63096.58,63100.69,63096.58,63100.68,4.74416,2026-08-15 17:15:00+00:00
1786814400000,63100.69,63100.69,63066.21,63066.22,26.9248,2026-08-15 17:20:00+00:00
1786814700000,63066.22,63071.29,63066.21,63070.5,5.6858,2026-08-15 17:25:00+00:00
1786815000000,63070.49,63070.5,63070.49,63070.5,2.23919,2026-08-15 17:30:00+00:00
1786815300000,63070.49,63070.5,63070.49,63070.49,23.36252,2026-08-15 17:35:00+00:00
1786815600000,63070.5,63070.5,63070.49,63070.49,2.34019,2026-08-15 17:40:00+00:00
1786815900000,63070.49,63070.5,63070.49,63070.5,2.32342,2026-08-15 17:45:00+00:00
1786816200000,63070.49,63070.5,63070.48,63070.49,7.77504,2026-08-15 17:50:00+00:00
1786816500000,63070.48,63070.5,63070.48,63070.5,3.98891,2026-08-15 17:55:00+00:00
1786816800000,63070.49,63070.5,63070.48,63070.48,13.5682,2026-08-15 18:00:00+00:00
1786817100000,63070.48,63084.33,63070.0,63084.32,24.38346,2026-08-15 18:05:00+00:00
1786817400000,63084.32,63115.58,63084.32,63097.16,20.26083,2026-08-15 18:10:00+00:00
1786817700000,63097.15,63097.16,63052.0,63052.01,17.14108,2026-08-15 18:15:00+00:00
1786818000000,63052.01,63061.27,63052.0,63061.26,12.92074,2026-08-15 18:20:00+00:00
1786818300000,63061.27,63061.27,63050.05,63050.05,7.23695,2026-08-15 18:25:00+00:00
1786818600000,63050.06,63050.06,63050.05,63050.06,7.88702,2026-08-15 18:30:00+00:00
1786818900000,63050.05,63050.06,63050.05,63050.06,3.25976,2026-08-15 18:35:00+00:00
1786819200000,63050.06,63050.06,63050.05,63050.06,2.19421,2026-08-15 18:40:00+00:00
1786819500000,63050.05,63050.08,63044.37,63045.96,45.21352,2026-08-15 18:45:00+00:00
1786819800000,63045.95,63052.23,63045.95,63052.22,44.21498,2026-08-15 18:50:00+00:00
1786820100000,63052.22,63057.58,63052.22,63057.58,96.51011,2026-08-15 18:55:00+00:00
1786820400000,63057.58,63066.0,63057.57,63066.0,76.25043,2026-08-15 19:00:00+00:00
1786820700000,63065.99,63089.2,63065.99,63088.2,66.02103,2026-08-15 19:05:00+00:00
1786821000000,63088.2,63090.98,63086.6,63086.6,101.32266,2026-08-15 19:10:00+00:00
1786821300000,63086.61,63108.61,63086.6,63108.61,53.2554,2026-08-15 19:15:00+00:00
1786821600000,63108.61,63121.8,63108.6,63121.8,93.6435,2026-08-15 19:20:00+00:00
1786821900000,63121.79,63125.0,63101.31,63101.31,49.93692,2026-08-15 19:25:00+00:00
1786822200000,63101.31,63101.32,63101.31,63101.32,3.25607,2026-08-15 19:30:00+00:00
1786822500000,63101.31,63127.4,63101.31,63116.08,55.37276,2026-08-15 19:35:00+00:00
1786822800000,63116.08,63116.08,63115.57,63115.58,4.07113,2026-08-15 19:40:00+00:00
1786823100000,63115.58,63122.4,63115.57,63122.4,7.51235,2026-08-15 19:45:00+00:00
1786823400000,63122.39,63126.08,63122.39,63126.08,3.29248,2026-08-15 19:50:00+00:00
1786823700000,63126.08,63126.08,63126.07,63126.08,2.12798,2026-08-15 19:55:00+00:00
1786824000000,63126.07,63126.08,63116.83,63116.84,10.26459,2026-08-15 20:00:00+00:00
1786824300000,63116.83,63116.84,63096.0,63096.0,6.87557,2026-08-15 20:05:00+00:00
1786824600000,63096.01,63096.01,63076.96,63078.62,3.88383,2026-08-15 20:10:00+00:00
1786824900000,63078.62,63078.63,63078.62,63078.63,1.34256,2026-08-15 20:15:00+00:00
1786825200000,63078.62,63078.63,63078.62,63078.62,1.89276,2026-08-15 20:20:00+00:00
1786825500000,63078.62,63078.63,63078.62,63078.63,1.90791,2026-08-15 20:25:00+00:00
1786825800000,63078.62,63078.63,63078.62,63078.62,5.39936,2026-08-15 20:30:00+00:00
1786826100000,63078.62,63078.63,63078.62,63078.62,1.85325,2026-08-15 20:35:00+00:00
1786826400000,63078.62,63081.17,63078.62,63081.17,8.68778,2026-08-15 20:40:00+00:00
1786826700000,63081.17,63099.96,63081.16,63099.96,7.35132,2026-08-15 20:45:00+00:00
1786827000000,63099.96,63100.0,63099.96,63099.99,1.92958,2026-08-15 20:50:00+00:00
1786827300000,63100.0,63103.3,63099.99,63103.29,3.93055,2026-08-15 20:55:00+00:00
1786827600000,63103.29,63103.3,63103.29,63103.29,4.04338,2026-08-15 21:00:00+00:00
1786827900000,63103.3,63103.3,63103.29,63103.3,1.84135,2026-08-15 21:05:00+00:00
1786828200000,63103.29,63104.57,63103.29,63104.56,5.30077,2026-08-15 21:10:00+00:00
1786828500000,63104.55,63104.56,63104.55,63104.56,0.85376,2026-08-15 21:15:00+00:00
1786828800000,63104.55,63119.72,63104.55,63119.71,11.46993,2026-08-15 21:20:00+00:00
1786829100000,63119.72,63154.98,63119.72,63154.97,66.10892,2026-08-15 21:25:00+00:00
1786829400000,63154.98,63154.98,63146.43,63146.43,10.73496,2026-08-15 21:30:00+00:00
1786829700000,63146.43,63153.45,63139.57,63153.44,13.36688,2026-08-15 21:35:00+00:00
1786830000000,63153.44,63168.17,63153.44,63168.17,22.44922,2026-08-15 21:40:00+00:00
1786830300000,63168.17,63168.95,63155.6,63161.96,12.68146,2026-08-15 21:45:00+00:00
1786830600000,63161.96,63168.4,63155.07,63160.0,17.26891,2026-08-15 21:50:00+00:00
1786830900000,63160.0,63161.36,63159.03,63159.04,4.87998,2026-08-15 21:55:00+00:00
1786831200000,63159.04,63165.53,63155.04,63155.04,7.90271,2026-08-15 22:00:00+00:00
1786831500000,63155.04,63155.05,63153.21,63153.22,3.46635,2026-08-15 22:05:00+00:00
1786831800000,63153.22,63153.22,63150.0,63150.0,3.43025,2026-08-15 22:10:00+00:00
1786832100000,63150.01,63150.01,63135.52,63137.64,8.36654,2026-08-15 22:15:00+00:00
1786832400000,63137.64,63142.31,63137.63,63142.31,5.79827,2026-08-15 22:20:00+00:00
1786832700000,63142.3,63152.63,63142.3,63152.62,12.28011,2026-08-15 22:25:00+00:00
1786833000000,63152.63,63156.35,63152.62,63156.35,8.53403,2026-08-15 22:30:00+00:00
1786833300000,63156.35,63156.35,63156.34,63156.35,12.84838,2026-08-15 22:35:00+00:00
1786833600000,63156.35,63159.33,63156.34,63158.8,9.86781,2026-08-15 22:40:00+00:00
1786833900000,63158.81,63175.0,63158.8,63175.0,7.46857,2026-08-15 22:45:00+00:00
1786834200000,63174.99,63175.0,63135.52,63135.53,13.55462,2026-08-15 22:50:00+00:00
1786834500000,63135.52,63135.53,63135.52,63135.52,2.05168,2026-08-15 22:55:00+00:00
1786834800000,63135.52,63139.96,63135.52,63139.96,6.74578,2026-08-15 23:00:00+00:00
1786835100000,63139.95,63139.96,63139.95,63139.96,4.90116,2026-08-15 23:05:00+00:00
1786835400000,63139.95,63139.96,63112.9,63134.0,23.91929,2026-08-15 23:10:00+00:00
1786835700000,63134.0,63134.0,63130.0,63130.0,3.10726,2026-08-15 23:15:00+00:00
1786836000000,63130.01,63130.01,63127.61,63127.61,2.59663,2026-08-15 23:20:00+00:00
1786836300000,63127.62,63127.62,63112.0,63112.0,3.47964,2026-08-15 23:25:00+00:00
1786836600000,63112.01,63112.01,63107.26,63107.26,4.16377,2026-08-15 23:30:00+00:00
1786836900000,63107.26,63107.27,63100.0,63100.01,4.6129,2026-08-15 23:35:00+00:00
1786837200000,63100.0,63102.76,63100.0,63102.75,12.73257,2026-08-15 23:40:00+00:00
1786837500000,63102.76,63104.0,63102.75,63104.0,3.68539,2026-08-15 23:45:00+00:00
1786837800000,63103.99,63104.0,63086.01,63086.01,13.27612,2026-08-15 23:50:00+00:00
1786838100000,63086.01,63086.01,63086.0,63086.01,2.10986,2026-08-15 23:55:00+00:00
1786838400000,63086.01,63086.01,63067.47,63072.52,10.99634,2026-08-16 00:00:00+00:00
1786838700000,63072.53,63072.53,63070.47,63070.48,3.67161,2026-08-16 00:05:00+00:00
1786839000000,63070.47,63071.75,63070.47,63071.74,7.26595,2026-08-16 00:10:00+00:00
1786839300000,63071.75,63071.75,63071.74,63071.75,2.8558,2026-08-16 00:15:00+00:00
1786839600000,63071.75,63071.75,63071.74,63071.75,2.27654,2026-08-16 00:20:00+00:00
1786839900000,63071.75,63071.75,63071.74,63071.75,0.80312,2026-08-16 00:25:00+00:00
1786840200000,63071.74,63071.75,63061.47,63062.87,15.51032,2026-08-16 00:30:00+00:00
1786840500000,63062.87,63070.0,63062.86,63070.0,5.2323,2026-08-16 00:35:00+00:00
1786840800000,63070.0,63070.0,63069.99,63070.0,3.85731,2026-08-16 00:40:00+00:00
1786841100000,63070.0,63083.81,63069.99,63070.72,18.22604,2026-08-16 00:45:00+00:00
1786841400000,63070.72,63073.02,63070.72,63073.01,10.31175,2026-08-16 00:50:00+00:00
1786841700000,63073.02,63085.82,63073.01,63085.82,13.56664,2026-08-16 00:55:00+00:00
1786842000000,63085.81,63085.82,63075.0,63075.01,7.52379,2026-08-16 01:00:00+00:00
1786842300000,63075.0,63075.01,63058.64,63058.65,6.01989,2026-08-16 01:05:00+00:00
1786842600000,63058.65,63058.65,63052.25,63052.25,8.92517,2026-08-16 01:10:00+00:00
1786842900000,63052.26,63056.8,63052.25,63056.79,6.17215,2026-08-16 01:15:00+00:00
1786843200000,63056.79,63078.75,63054.8,63078.75,17.96981,2026-08-16 01:20:00+00:00
1786843500000,63078.75,63078.75,63059.67,63059.68,7.35254,2026-08-16 01:25:00+00:00
1786843800000,63059.67,63059.67,63057.97,63059.25,9.65573,2026-08-16 01:30:00+00:00
1786844100000,63059.24,63059.25,63012.0,63012.0,27.53076,2026-08-16 01:35:00+00:00
1786844400000,63012.01,63066.94,63012.0,63066.94,15.24698,2026-08-16 01:40:00+00:00
1786844700000,63066.94,63066.94,63066.93,63066.93,3.44638,2026-08-16 01:45:00+00:00
1786845000000,63066.93,63066.94,63054.68,63054.68,5.16988,2026-08-16 01:50:00+00:00
1786845300000,63054.68,63084.78,63054.68,63084.78,65.54249,2026-08-16 01:55:00+00:00
1786845600000,63084.78,63084.78,63046.36,63046.37,14.49965,2026-08-16 02:00:00+00:00
1786845900000,63046.37,63046.37,63046.36,63046.36,2.76222,2026-08-16 02:05:00+00:00
1786846200000,63046.36,63046.37,63024.22,63024.22,7.46176,2026-08-16 02:10:00+00:00
1786846500000,63024.23,63043.17,63024.22,63043.17,10.53273,2026-08-16 02:15:00+00:00
1786846800000,63043.16,63112.87,63043.16,63112.87,28.93904,2026-08-16 02:20:00+00:00
1786847100000,63112.87,63120.99,63112.86,63115.01,12.85876,2026-08-16 02:25:00+00:00
1786847400000,63115.0,63122.06,63115.0,63122.05,9.62474,2026-08-16 02:30:00+00:00
1786847700000,63122.05,63129.6,63115.59,63120.95,10.56471,2026-08-16 02:35:00+00:00
1786848000000,63120.95,63151.59,63120.94,63151.58,98.02409,2026-08-16 02:40:00+00:00
1786848300000,63151.58,63151.59,63132.43,63141.05,26.28586,2026-08-16 02:45:00+00:00
1786848600000,63141.05,63141.06,63115.6,63121.91,21.52922,2026-08-16 02:50:00+00:00
1786848900000,63121.92,63121.92,63121.91,63121.91,2.26619,2026-08-16 02:55:00+00:00
1786849200000,63121.92,63121.92,63121.91,63121.92,3.18277,2026-08-16 03:00:00+00:00
1786849500000,63121.92,63125.0,63121.91,63125.0,3.76592,2026-08-16 03:05:00+00:00
1786849800000,63125.0,63125.0,63122.98,63122.98,22.31738,2026-08-16 03:10:00+00:00
1786850100000,63122.99,63122.99,63115.61,63120.0,10.57112,2026-08-16 03:15:00+00:00
1786850400000,63119.99,63120.0,63119.99,63119.99,2.0826,2026-08-16 03:20:00+00:00
1786850700000,63120.0,63120.0,63119.99,63119.99,4.34363,2026-08-16 03:25:00+00:00
1786851000000,63120.0,63120.76,63119.99,63120.75,6.283,2026-08-16 03:30:00+00:00
1786851300000,63120.75,63124.04,63120.75,63124.04,5.21906,2026-08-16 03:35:00+00:00
1786851600000,63124.03,63124.04,63124.03,63124.03,5.94575,2026-08-16 03:40:00+00:00
1786851900000,63124.03,63124.04,63124.03,63124.04,4.0417,2026-08-16 03:45:00+00:00
1786852200000,63124.03,63124.63,63120.93,63120.93,21.43267,2026-08-16 03:50:00+00:00
1786852500000,63120.94,63130.01,63120.93,63130.0,16.76214,2026-08-16 03:55:00+00:00
1786852800000,63130.01,63133.04,63130.0,63133.03,7.63547,2026-08-16 04:00:00+00:00
1786853100000,63133.04,63133.04,63133.03,63133.03,2.00725,2026-08-16 04:05:00+00:00
1786853400000,63133.03,63134.73,63133.03,63134.72,12.7048,2026-08-16 04:10:00+00:00
1786853700000,63134.73,63158.8,63134.72,63158.79,21.73939,2026-08-16 04:15:00+00:00
1786854000000,63158.79,63158.8,63151.2,63151.21,7.87969,2026-08-16 04:20:00+00:00
1786854300000,63151.21,63153.56,63151.2,63153.56,7.02087,2026-08-16 04:25:00+00:00
1786854600000,63153.55,63153.56,63125.0,63125.01,12.03979,2026-08-16 04:30:00+00:00
1786854900000,63125.0,63125.01,63124.42,63124.42,2.25312,2026-08-16 04:35:00+00:00
1786855200000,63124.42,63124.43,63116.89,63116.9,13.94893,2026-08-16 04:40:00+00:00
1786855500000,63116.89,63124.01,63116.89,63124.0,18.00767,2026-08-16 04:45:00+00:00
1786855800000,63124.01,63124.43,63124.0,63124.43,2.4667,2026-08-16 04:50:00+00:00
1786856100000,63124.43,63124.43,63090.0,63090.01,22.61746,2026-08-16 04:55:00+00:00
1786856400000,63090.0,63094.0,63074.27,63094.0,14.29546,2026-08-16 05:00:00+00:00
1786856700000,63093.99,63094.0,63093.99,63094.0,4.68173,2026-08-16 05:05:00+00:00
1786857000000,63094.0,63094.0,63093.99,63093.99,2.97459,2026-08-16 05:10:00+00:00
1786857300000,63093.99,63094.0,63070.0,63070.0,11.65645,2026-08-16 05:15:00+00:00
1786857600000,63070.01,63070.01,63070.0,63070.01,2.05599,2026-08-16 05:20:00+00:00
1786857900000,63070.0,63070.01,63070.0,63070.01,1.76354,2026-08-16 05:25:00+00:00
1786858200000,63070.0,63070.01,63066.0,63068.54,4.11723,2026-08-16 05:30:00+00:00
1786858500000,63068.54,63075.0,63068.53,63074.99,5.9824,2026-08-16 05:35:00+00:00
1786858800000,63074.99,63075.0,63051.99,63053.27,55.75303,2026-08-16 05:40:00+00:00
1786859100000,63053.27,63053.27,63046.0,63047.13,17.03562,2026-08-16 05:45:00+00:00
1786859400000,63047.13,63059.92,63047.13,63059.91,9.05863,2026-08-16 05:50:00+00:00
1786859700000,63059.91,63070.0,63040.0,63069.43,105.7459,2026-08-16 05:55:00+00:00
1786860000000,63069.43,63069.43,63066.89,63066.89,1.80848,2026-08-16 06:00:00+00:00
1786860300000,63066.9,63078.41,63066.89,63078.4,15.86389,2026-08-16 06:05:00+00:00
1786860600000,63078.41,63078.41,63043.21,63044.0,72.13308,2026-08-16 06:10:00+00:00
1786860900000,63044.0,63066.21,63043.99,63057.38,74.98453,2026-08-16 06:15:00+00:00
1786861200000,63057.37,63057.38,63054.34,63054.35,3.7647,2026-08-16 06:20:00+00:00
1786861500000,63054.34,63072.32,63054.34,63072.32,32.62661,2026-08-16 06:25:00+00:00
1786861800000,63072.31,63072.32,63057.03,63058.48,44.35415,2026-08-16 06:30:00+00:00
1786862100000,63058.49,63058.49,63058.48,63058.48,2.32159,2026-08-16 06:35:00+00:00
1786862400000,63058.49,63058.49,63058.48,63058.48,8.55179,2026-08-16 06:40:00+00:00
1786862700000,63058.49,63083.79,63058.48,63078.01,7.67807,2026-08-16 06:45:00+00:00
1786863000000,63078.0,63078.01,63072.47,63072.48,5.99835,2026-08-16 06:50:00+00:00
1786863300000,63072.47,63072.48,63069.31,63069.31,10.23325,2026-08-16 06:55:00+00:00
1786863600000,63069.32,63069.32,63054.83,63054.83,6.31924,2026-08-16 07:00:00+00:00
1786863900000,63054.84,63054.84,63054.83,63054.84,3.55916,2026-08-16 07:05:00+00:00
1786864200000,63054.84,63054.84,63054.34,63054.34,8.6851,2026-08-16 07:10:00+00:00
1786864500000,63054.35,63054.35,63054.34,63054.35,1.13386,2026-08-16 07:15:00+00:00
1786864800000,63054.34,63061.03,63054.34,63061.02,31.21044,2026-08-16 07:20:00+00:00
1786865100000,63061.03,63061.03,63061.02,63061.02,16.2333,2026-08-16 07:25:00+00:00
1786865400000,63061.03,63061.03,63061.02,63061.02,5.5104,2026-08-16 07:30:00+00:00
1786865700000,63061.02,63063.03,63061.02,63063.02,25.9767,2026-08-16 07:35:00+00:00
1786866000000,63063.03,63063.03,63061.02,63061.03,23.20642,2026-08-16 07:40:00+00:00
1786866300000,63061.03,63061.03,63061.02,63061.02,6.66362,2026-08-16 07:45:00+00:00
1786866600000,63061.03,63061.03,63061.02,63061.03,12.4273,2026-08-16 07:50:00+00:00
1786866900000,63061.03,63061.03,63061.02,63061.02,6.01444,2026-08-16 07:55:00+00:00
1786867200000,63061.03,63064.11,63061.02,63064.11,23.28688,2026-08-16 08:00:00+00:00
1786867500000,63064.11,63064.11,63064.1,63064.11,3.59533,2026-08-16 08:05:00+00:00
1786867800000,63064.11,63064.11,63064.1,63064.1,7.98187,2026-08-16 08:10:00+00:00
1786868100000,63064.1,63064.11,63064.1,63064.11,9.4985,2026-08-16 08:15:00+00:00
1786868400000,63064.1,63064.11,63064.1,63064.11,12.20556,2026-08-16 08:20:00+00:00
1786868700000,63064.11,63079.76,63064.1,63079.76,17.04225,2026-08-16 08:25:00+00:00
1786869000000,63079.76,63079.76,63071.71,63072.43,10.49768,2026-08-16 08:30:00+00:00
1786869300000,63072.43,63072.43,63072.42,63072.43,3.64208,2026-08-16 08:35:00+00:00
1786869600000,63072.43,63072.43,63072.42,63072.42,3.80368,2026-08-16 08:40:00+00:00
1786869900000,63072.43,63072.43,63072.42,63072.42,3.53321,2026-08-16 08:45:00+00:00
1786870200000,63072.43,63072.43,63072.42,63072.43,7.4698,2026-08-16 08:50:00+00:00
1786870500000,63072.43,63072.43,63072.42,63072.42,6.36526,2026-08-16 08:55:00+00:00
1786870800000,63072.43,63072.43,63072.42,63072.42,2.83468,2026-08-16 09:00:00+00:00
1786871100000,63072.43,63072.43,63072.42,63072.42,1.92233,2026-08-16 09:05:00+00:00
1786871400000,63072.42,63072.43,63072.42,63072.43,6.97186,2026-08-16 09:10:00+00:00
1786871700000,63072.42,63072.43,63072.42,63072.43,2.14307,2026-08-16 09:15:00+00:00
1786872000000,63072.42,63072.43,63072.42,63072.43,7.90229,2026-08-16 09:20:00+00:00
1786872300000,63072.43,63072.43,63072.42,63072.42,14.30367,2026-08-16 09:25:00+00:00
1786872600000,63072.42,63072.43,63054.34,63054.35,46.24044,2026-08-16 09:30:00+00:00
1786872900000,63054.35,63056.73,63054.34,63056.73,32.94151,2026-08-16 09:35:00+00:00
1786873200000,63056.73,63056.73,63000.0,63000.0,52.76015,2026-08-16 09:40:00+00:00
1786873500000,63000.0,63000.01,62968.45,62998.0,71.17391,2026-08-16 09:45:00+00:00
1786873800000,62998.0,63008.69,62997.99,63008.69,42.36299,2026-08-16 09:50:00+00:00
1786874100000,63008.69,63008.69,62992.68,62992.69,9.37479,2026-08-16 09:55:00+00:00
1786874400000,62992.68,62992.69,62968.45,62968.46,31.57844,2026-08-16 10:00:00+00:00
1786874700000,62968.46,62987.78,62968.45,62987.78,23.7377,2026-08-16 10:05:00+00:00
1786875000000,62987.78,62991.13,62987.77,62987.79,16.4895,2026-08-16 10:10:00+00:00
1786875300000,62987.78,62987.79,62987.78,62987.79,2.3013,2026-08-16 10:15:00+00:00
1786875600000,62987.78,62991.74,62987.78,62991.74,10.23145,2026-08-16 10:20:00+00:00
1786875900000,62991.73,63013.62,62991.73,63013.62,18.0523,2026-08-16 10:25:00+00:00
1786876200000,63013.62,63013.62,63008.56,63008.56,7.40367,2026-08-16 10:30:00+00:00
1786876500000,63008.57,63008.57,63008.56,63008.57,2.8449,2026-08-16 10:35:00+00:00
1786876800000,63008.56,63008.57,63008.56,63008.57,6.72706,2026-08-16 10:40:00+00:00
1786877100000,63008.56,63008.57,63008.56,63008.56,8.97361,2026-08-16 10:45:00+00:00
1786877400000,63008.56,63008.57,63008.56,63008.56,1.79311,2026-08-16 10:50:00+00:00
1786877700000,63008.56,63008.57,63008.56,63008.57,3.16155,2026-08-16 10:55:00+00:00
1786878000000,63008.56,63008.57,63008.56,63008.57,15.48431,2026-08-16 11:00:00+00:00
1786878300000,63008.56,63008.57,63008.56,63008.57,4.16035,2026-08-16 11:05:00+00:00
1786878600000,63008.56,63008.57,63006.54,63006.54,15.88634,2026-08-16 11:10:00+00:00
1786878900000,63006.55,63006.55,63006.54,63006.55,3.24392,2026-08-16 11:15:00+00:00
1786879200000,63006.54,63006.55,62992.08,62992.09,11.71354,2026-08-16 11:20:00+00:00
1786879500000,62992.08,62992.09,62981.93,62981.95,9.58578,2026-08-16 11:25:00+00:00
1786879800000,62981.94,62987.62,62981.94,62987.62,21.57731,2026-08-16 11:30:00+00:00
1786880100000,62987.62,62998.75,62987.61,62998.75,17.84676,2026-08-16 11:35:00+00:00
1786880400000,62998.74,63003.5,62998.74,62999.63,16.68046,2026-08-16 11:40:00+00:00
1786880700000,62999.64,62999.64,62983.97,62983.98,58.56611,2026-08-16 11:45:00+00:00
1786881000000,62983.98,62988.5,62983.97,62988.5,13.86156,2026-08-16 11:50:00+00:00
1786881300000,62988.5,63013.66,62988.49,63013.66,25.01063,2026-08-16 11:55:00+00:00
1786881600000,63013.66,63014.22,63013.65,63014.22,8.83047,2026-08-16 12:00:00+00:00
1786881900000,63014.22,63025.42,63014.22,63025.41,6.13469,2026-08-16 12:05:00+00:00
1786882200000,63025.41,63025.42,63025.39,63025.39,4.44065,2026-08-16 12:10:00+00:00
1786882500000,63025.4,63025.4,63025.35,63025.35,3.34481,2026-08-16 12:15:00+00:00
1786882800000,63025.35,63025.36,63025.35,63025.36,2.84319,2026-08-16 12:20:00+00:00
1786883100000,63025.35,63025.36,63025.35,63025.36,2.27739,2026-08-16 12:25:00+00:00
1786883400000,63025.35,63025.36,63000.0,63004.95,7.86405,2026-08-16 12:30:00+00:00
1786883700000,63004.95,63005.97,63004.94,63005.97,6.8132,2026-08-16 12:35:00+00:00
1786884000000,63005.97,63005.97,62997.77,62997.77,8.03096,2026-08-16 12:40:00+00:00
1786884300000,62997.77,63010.0,62997.77,63009.99,11.30307,2026-08-16 12:45:00+00:00
1786884600000,63010.0,63010.0,63009.99,63010.0,2.8743,2026-08-16 12:50:00+00:00
1786884900000,63009.99,63021.99,63009.99,63021.98,13.98634,2026-08-16 12:55:00+00:00
1786885200000,63021.99,63021.99,63021.98,63021.99,2.64162,2026-08-16 13:00:00+00:00
1786885500000,63021.98,63054.34,63021.98,63054.34,18.76203,2026-08-16 13:05:00+00:00
1786885800000,63054.34,63063.34,63054.34,63063.34,21.1504,2026-08-16 13:10:00+00:00
1786886100000,63063.34,63070.0,63063.33,63070.0,6.38048,2026-08-16 13:15:00+00:00
1786886400000,63070.0,63070.0,63058.02,63058.03,26.20352,2026-08-16 13:20:00+00:00
1786886700000,63058.03,63063.0,63058.02,63063.0,8.70261,2026-08-16 13:25:00+00:00
1786887000000,63063.0,63070.05,63062.99,63070.04,5.926,2026-08-16 13:30:00+00:00
1786887300000,63070.04,63070.05,63067.01,63067.01,11.07601,2026-08-16 13:35:00+00:00
1786887600000,63067.02,63067.02,63067.01,63067.01,0.84814,2026-08-16 13:40:00+00:00
1786887900000,63067.02,63067.02,63067.01,63067.02,11.30404,2026-08-16 13:45:00+00:00
1786888200000,63067.02,63067.02,63067.01,63067.01,9.4608,2026-08-16 13:50:00+00:00
1786888500000,63067.01,63067.02,63060.0,63060.01,24.30633,2026-08-16 13:55:00+00:00
1786888800000,63060.01,63060.01,63060.0,63060.01,5.40597,2026-08-16 14:00:00+00:00
1786889100000,63060.01,63063.05,63060.01,63063.04,13.72393,2026-08-16 14:05:00+00:00
1786889400000,63063.05,63063.05,63063.04,63063.04,13.39328,2026-08-16 14:10:00+00:00
1786889700000,63063.05,63063.05,63063.04,63063.05,10.47851,2026-08-16 14:15:00+00:00
1786890000000,63063.05,63100.9,63063.04,63100.9,35.75075,2026-08-16 14:20:00+00:00
1786890300000,63100.89,63100.9,63080.0,63080.01,20.16565,2026-08-16 14:25:00+00:00
1786890600000,63080.01,63094.58,63075.18,63094.58,20.87629,2026-08-16 14:30:00+00:00
1786890900000,63094.58,63100.0,63094.57,63097.76,12.73385,2026-08-16 14:35:00+00:00
1786891200000,63097.77,63100.9,63097.76,63100.89,8.81744,2026-08-16 14:40:00+00:00
1786891500000,63100.89,63100.9,63100.89,63100.9,3.70094,2026-08-16 14:45:00+00:00
1786891800000,63100.9,63100.9,63100.89,63100.9,6.75101,2026-08-16 14:50:00+00:00
1786892100000,63100.89,63102.86,63100.89,63102.85,7.43711,2026-08-16 14:55:00+00:00
1786892400000,63102.86,63114.0,63102.86,63113.99,9.01855,2026-08-16 15:00:00+00:00
1786892700000,63114.0,63114.01,63113.99,63114.01,4.63206,2026-08-16 15:05:00+00:00
1786893000000,63114.0,63120.0,63110.25,63110.25,30.39654,2026-08-16 15:10:00+00:00
1786893300000,63110.26,63110.26,63110.25,63110.26,7.1834,2026-08-16 15:15:00+00:00
1786893600000,63110.26,63110.26,63110.25,63110.26,3.95643,2026-08-16 15:20:00+00:00
1786893900000,63110.26,63110.26,63110.25,63110.26,5.22363,2026-08-16 15:25:00+00:00
1786894200000,63110.26,63130.0,63110.25,63130.0,18.43965,2026-08-16 15:30:00+00:00
1786894500000,63130.0,63140.0,63129.99,63139.99,15.26717,2026-08-16 15:35:00+00:00
1786894800000,63139.99,63140.0,63114.01,63114.02,26.92543,2026-08-16 15:40:00+00:00
1786895100000,63114.01,63133.51,63114.01,63133.51,17.19764,2026-08-16 15:45:00+00:00
1786895400000,63133.51,63133.51,63132.53,63132.53,14.26283,2026-08-16 15:50:00+00:00
1786895700000,63132.54,63146.4,63129.99,63146.39,20.89007,2026-08-16 15:55:00+00:00
1786896000000,63146.39,63147.72,63138.58,63138.59,15.38679,2026-08-16 16:00:00+00:00
1786896300000,63138.59,63160.0,63137.35,63159.99,27.15829,2026-08-16 16:05:00+00:00
1786896600000,63159.99,63212.0,63159.99,63207.99,53.85753,2026-08-16 16:10:00+00:00
1786896900000,63207.99,63340.0,63206.96,63324.97,72.27518,2026-08-16 16:15:00+00:00
1786897200000,63324.97,63324.97,63277.19,63317.91,35.58608,2026-08-16 16:20:00+00:00
1786897500000,63317.91,63352.94,63316.88,63324.5,23.29811,2026-08-16 16:25:00+00:00
1786897800000,63324.51,63390.0,63324.5,63361.07,57.97733,2026-08-16 16:30:00+00:00
1786898100000,63361.07,63374.0,63322.0,63322.0,25.1656,2026-08-16 16:35:00+00:00
1786898400000,63322.01,63322.01,63290.0,63290.01,8.69764,2026-08-16 16:40:00+00:00
1786898700000,63290.01,63290.01,63280.0,63280.01,15.49593,2026-08-16 16:45:00+00:00
1786899000000,63280.0,63286.94,63205.32,63240.54,49.42752,2026-08-16 16:50:00+00:00
1786899300000,63240.53,63266.7,63240.53,63260.01,9.71588,2026-08-16 16:55:00+00:00
1786899600000,63260.0,63276.61,63237.0,63276.61,20.19445,2026-08-16 17:00:00+00:00
1786899900000,63276.61,63276.61,63266.18,63266.18,10.38709,2026-08-16 17:05:00+00:00
1786900200000,63266.19,63266.19,63209.4,63219.99,28.10549,2026-08-16 17:10:00+00:00
1786900500000,63220.0,63231.73,63215.02,63215.03,8.85127,2026-08-16 17:15:00+00:00
1786900800000,63215.02,63220.0,63210.0,63217.09,13.78044,2026-08-16 17:20:00+00:00
1786901100000,63217.09,63217.1,63185.0,63190.0,17.8695,2026-08-16 17:25:00+00:00
1786901400000,63190.0,63190.0,63146.05,63146.05,18.34625,2026-08-16 17:30:00+00:00
1786901700000,63146.05,63190.0,63146.05,63189.99,14.92375,2026-08-16 17:35:00+00:00
1786902000000,63189.99,63190.0,63126.0,63126.0,28.90021,2026-08-16 17:40:00+00:00
1786902300000,63126.0,63150.0,63120.22,63150.0,16.67871,2026-08-16 17:45:00+00:00
1786902600000,63149.99,63164.0,63149.99,63164.0,9.05267,2026-08-16 17:50:00+00:00
1786902900000,63164.0,63164.0,63159.3,63159.3,3.72984,2026-08-16 17:55:00+00:00
1786903200000,63159.31,63166.39,63150.0,63166.39,12.90211,2026-08-16 18:00:00+00:00
1786903500000,63166.39,63166.39,63140.53,63160.0,17.20531,2026-08-16 18:05:00+00:00
1786903800000,63160.0,63160.01,63120.0,63140.0,18.46031,2026-08-16 18:10:00+00:00
1786904100000,63139.99,63164.0,63139.99,63164.0,8.13901,2026-08-16 18:15:00+00:00
1786904400000,63164.0,63173.71,63163.99,63171.67,4.53869,2026-08-16 18:20:00+00:00
1786904700000,63171.68,63171.68,63146.05,63157.44,11.00864,2026-08-16 18:25:00+00:00
1786905000000,63157.45,63157.45,63157.44,63157.45,1.4796,2026-08-16 18:30:00+00:00
1786905300000,63157.45,63157.45,63150.0,63150.01,3.46632,2026-08-16 18:35:00+00:00
1786905600000,63150.01,63150.01,63145.14,63145.14,6.72539,2026-08-16 18:40:00+00:00
1786905900000,63145.15,63145.15,63145.14,63145.14,1.41665,2026-08-16 18:45:00+00:00
1786906200000,63145.15,63145.15,63141.16,63141.17,1.96686,2026-08-16 18:50:00+00:00
1786906500000,63141.16,63141.17,63140.05,63140.06,2.61282,2026-08-16 18:55:00+00:00
1786906800000,63140.05,63148.1,63140.05,63148.1,13.69313,2026-08-16 19:00:00+00:00
1786907100000,63148.1,63166.5,63148.09,63166.49,23.36955,2026-08-16 19:05:00+00:00
1786907400000,63166.5,63190.0,63166.49,63182.01,17.58955,2026-08-16 19:10:00+00:00
1786907700000,63182.01,63190.0,63182.0,63190.0,16.5649,2026-08-16 19:15:00+00:00
1786908000000,63190.0,63210.0,63182.57,63188.0,10.87175,2026-08-16 19:20:00+00:00
1786908300000,63188.0,63220.0,63187.99,63219.99,9.24515,2026-08-16 19:25:00+00:00
1786908600000,63219.99,63220.0,63200.0,63206.57,12.29496,2026-08-16 19:30:00+00:00
1786908900000,63206.57,63216.0,63206.57,63215.99,4.04386,2026-08-16 19:35:00+00:00
1786909200000,63216.0,63230.0,63155.86,63157.91,29.56808,2026-08-16 19:40:00+00:00
1786909500000,63157.91,63170.15,63135.89,63135.89,14.31796,2026-08-16 19:45:00+00:00
1786909800000,63135.88,63157.5,63100.89,63111.34,29.15419,2026-08-16 19:50:00+00:00
1786910100000,63111.34,63120.0,63100.89,63108.81,5.57862,2026-08-16 19:55:00+00:00
1786910400000,63108.8,63110.83,63108.8,63110.83,1.31442,2026-08-16 20:00:00+00:00
1786910700000,63110.83,63140.0,63110.82,63126.94,12.1,2026-08-16 20:05:00+00:00
1786911000000,63126.95,63140.0,63126.94,63135.97,8.40756,2026-08-16 20:10:00+00:00
1786911300000,63135.96,63135.96,63127.44,63127.44,3.24159,2026-08-16 20:15:00+00:00
1786911600000,63127.44,63127.45,63120.74,63120.74,2.41841,2026-08-16 20:20:00+00:00
1786911900000,63120.74,63120.74,63094.58,63094.58,8.04413,2026-08-16 20:25:00+00:00
1786912200000,63094.58,63107.53,63090.0,63107.53,19.92347,2026-08-16 20:30:00+00:00
1786912500000,63107.53,63110.0,63098.08,63098.08,3.22051,2026-08-16 20:35:00+00:00
1786912800000,63098.08,63098.09,63046.0,63071.58,26.01005,2026-08-16 20:40:00+00:00
1786913100000,63071.57,63071.57,63044.0,63044.01,5.40826,2026-08-16 20:45:00+00:00
1786913400000,63044.01,63070.0,63027.6,63070.0,29.10183,2026-08-16 20:50:00+00:00
1786913700000,63069.99,63072.2,63064.24,63067.79,3.79359,2026-08-16 20:55:00+00:00
1786914000000,63067.79,63067.8,63057.26,63063.36,4.31125,2026-08-16 21:00:00+00:00
1786914300000,63063.35,63063.35,63030.0,63052.18,11.38636,2026-08-16 21:05:00+00:00
1786914600000,63052.18,63062.0,63038.02,63057.99,16.83096,2026-08-16 21:10:00+00:00
1786914900000,63058.0,63085.15,63054.68,63068.51,8.8774,2026-08-16 21:15:00+00:00
1786915200000,63068.5,63068.51,63046.0,63046.0,4.83162,2026-08-16 21:20:00+00:00
1786915500000,63046.01,63048.0,63031.41,63032.0,12.74159,2026-08-16 21:25:00+00:00
1786915800000,63032.0,63034.42,63024.22,63034.42,13.04342,2026-08-16 21:30:00+00:00
1786916100000,63034.42,63041.0,62998.93,62998.93,19.35353,2026-08-16 21:35:00+00:00
1786916400000,62998.93,62998.94,62754.0,62939.59,171.53946,2026-08-16 21:40:00+00:00
1786916700000,62939.59,62970.0,62886.0,62969.99,24.25764,2026-08-16 21:45:00+00:00
1786917000000,62970.0,62978.0,62930.0,62930.0,22.97206,2026-08-16 21:50:00+00:00
1786917300000,62930.01,62966.0,62928.1,62929.61,18.45454,2026-08-16 21:55:00+00:00
1786917600000,62929.61,62929.61,62790.05,62866.0,91.18668,2026-08-16 22:00:00+00:00
1786917900000,62865.99,62916.0,62865.07,62914.99,31.87387,2026-08-16 22:05:00+00:00
1786918200000,62915.0,62931.68,62900.13,62922.44,23.95513,2026-08-16 22:10:00+00:00
1786918500000,62922.45,62954.0,62902.4,62909.99,25.31306,2026-08-16 22:15:00+00:00
1786918800000,62910.0,62910.5,62865.11,62865.11,18.43329,2026-08-16 22:20:00+00:00
1786919100000,62865.11,62865.11,62834.39,62845.22,19.38797,2026-08-16 22:25:00+00:00
1786919400000,62845.22,62845.23,62778.8,62809.55,64.7949,2026-08-16 22:30:00+00:00
1786919700000,62809.54,62809.55,62716.81,62739.06,57.51942,2026-08-16 22:35:00+00:00
1786920000000,62739.06,62790.0,62716.0,62790.0,35.15589,2026-08-16 22:40:00+00:00
1786920300000,62790.0,62808.78,62742.0,62806.01,24.78655,2026-08-16 22:45:00+00:00
1786920600000,62806.0,62822.0,62798.73,62822.0,12.91063,2026-08-16 22:50:00+00:00
1786920900000,62822.0,62913.7,62821.99,62913.7,48.57001,2026-08-16 22:55:00+00:00
1786921200000,62913.7,62993.77,62910.45,62931.37,57.92062,2026-08-16 23:00:00+00:00
1786921500000,62931.37,62952.0,62931.29,62952.0,6.48143,2026-08-16 23:05:00+00:00
1786921800000,62951.99,62963.32,62842.69,62842.7,29.02309,2026-08-16 23:10:00+00:00
1786922100000,62842.69,62886.0,62842.69,62876.61,33.86488,2026-08-16 23:15:00+00:00
1786922400000,62876.62,62913.92,62871.94,62876.25,18.75985,2026-08-16 23:20:00+00:00
1786922700000,62876.24,62882.0,62830.0,62846.0,17.55452,2026-08-16 23:25:00+00:00
1786923000000,62845.99,62851.08,62840.0,62851.07,12.83804,2026-08-16 23:30:00+00:00
1786923300000,62851.08,62893.41,62851.08,62872.92,20.10798,2026-08-16 23:35:00+00:00
1786923600000,62872.92,62898.13,62865.0,62898.12,7.89434,2026-08-16 23:40:00+00:00
1786923900000,62898.13,62920.0,62880.98,62919.99,20.71419,2026-08-16 23:45:00+00:00
1786924200000,62920.0,62927.55,62890.76,62890.77,9.82373,2026-08-16 23:50:00+00:00
1786924500000,62890.76,62905.68,62888.39,62900.0,11.67781,2026-08-16 23:55:00+00:00
1786924800000,62900.0,62932.87,62899.99,62919.47,20.23334,2026-08-17 00:00:00+00:00
1786925100000,62919.46,62919.47,62882.0,62882.0,9.26112,2026-08-17 00:05:00+00:00
1786925400000,62882.0,62909.53,62865.0,62909.53,22.50456,2026-08-17 00:10:00+00:00
1786925700000,62909.53,62909.53,62835.1,62835.11,14.20743,2026-08-17 00:15:00+00:00
1786926000000,62835.11,62871.58,62767.7,62784.99,113.22778,2026-08-17 00:20:00+00:00
1786926300000,62784.98,62866.03,62760.0,62866.02,35.7663,2026-08-17 00:25:00+00:00
1786926600000,62866.02,62866.03,62778.0,62794.25,22.81144,2026-08-17 00:30:00+00:00
1786926900000,62794.25,62821.7,62751.1,62821.7,35.33618,2026-08-17 00:35:00+00:00
1786927200000,62821.69,62956.0,62788.01,62947.84,134.07224,2026-08-17 00:40:00+00:00
1786927500000,62947.84,62947.85,62871.95,62874.01,125.95602,2026-08-17 00:45:00+00:00
1786927800000,62874.0,62890.38,62846.57,62890.38,25.65824,2026-08-17 00:50:00+00:00
1786928100000,62890.38,62940.0,62890.38,62917.54,18.20811,2026-08-17 00:55:00+00:00
1786928400000,62917.54,63137.95,62896.0,63131.61,139.90314,2026-08-17 01:00:00+00:00
1786928700000,63131.61,63192.0,63085.0,63104.49,59.59921,2026-08-17 01:05:00+00:00
1786929000000,63104.48,63109.3,63052.68,63054.68,34.34099,2026-08-17 01:10:00+00:00
1786929300000,63054.68,63092.0,63028.0,63056.49,27.62096,2026-08-17 01:15:00+00:00
1786929600000,63056.49,63146.06,63056.49,63129.35,29.39996,2026-08-17 01:20:00+00:00
1786929900000,63129.36,63160.0,63118.0,63121.72,16.42653,2026-08-17 01:25:00+00:00
1786930200000,63121.72,63246.91,63121.72,63200.0,56.57715,2026-08-17 01:30:00+00:00
1786930500000,63200.0,63232.87,63165.0,63192.0,29.17305,2026-08-17 01:35:00+00:00
1786930800000,63191.99,63230.0,63182.0,63214.0,30.18845,2026-08-17 01:40:00+00:00
1786931100000,63214.0,63237.42,63161.59,63234.37,28.89969,2026-08-17 01:45:00+00:00
1786931400000,63234.36,63234.36,63132.0,63132.58,32.04941,2026-08-17 01:50:00+00:00
1786931700000,63132.58,63134.68,63116.11,63116.12,11.34165,2026-08-17 01:55:00+00:00
1786932000000,63116.12,63133.45,63050.67,63050.67,27.84766,2026-08-17 02:00:00+00:00
1786932300000,63050.67,63063.67,63037.09,63060.49,23.72478,2026-08-17 02:05:00+00:00
1786932600000,63060.48,63082.0,63060.48,63082.0,11.61255,2026-08-17 02:10:00+00:00
1786932900000,63082.0,63106.96,63049.36,63083.26,17.06276,2026-08-17 02:15:00+00:00
1786933200000,63083.27,63134.17,63083.26,63119.75,14.43416,2026-08-17 02:20:00+00:00
1786933500000,63119.75,63206.74,63119.75,63186.01,19.89908,2026-08-17 02:25:00+00:00
1786933800000,63186.0,63359.25,63136.0,63294.0,102.45321,2026-08-17 02:30:00+00:00
1786934100000,63294.0,63303.03,63248.3,63266.72,31.24796,2026-08-17 02:35:00+00:00
1786934400000,63266.73,63290.0,63252.63,63256.69,20.45009,2026-08-17 02:40:00+00:00
1786934700000,63256.7,63286.0,63253.18,63278.04,14.39394,2026-08-17 02:45:00+00:00
1786935000000,63278.04,63500.0,63278.03,63435.25,130.62072,2026-08-17 02:50:00+00:00
1786935300000,63435.25,63449.85,63401.04,63403.34,46.05825,2026-08-17 02:55:00+00:00
1786935600000,63403.33,63447.99,63378.35,63385.02,49.612,2026-08-17 03:00:00+00:00
1786935900000,63385.01,63392.7,63376.08,63391.01,13.70193,2026-08-17 03:05:00+00:00
1786936200000,63391.02,63420.0,63366.9,63420.0,163.75038,2026-08-17 03:10:00+00:00
1786936500000,63420.0,63420.16,63359.24,63359.25,18.42832,2026-08-17 03:15:00+00:00
1786936800000,63359.25,63383.0,63350.0,63365.72,10.1613,2026-08-17 03:20:00+00:00
1786937100000,63365.72,63365.72,63345.32,63355.51,12.08295,2026-08-17 03:25:00+00:00
1786937400000,63355.51,63364.38,63347.2,63350.0,25.8498,2026-08-17 03:30:00+00:00
1786937700000,63350.0,63382.0,63349.99,63361.02,71.77203,2026-08-17 03:35:00+00:00
1786938000000,63361.03,63361.56,63339.78,63343.0,157.1452,2026-08-17 03:40:00+00:00
1786938300000,63342.99,63386.43,63342.99,63372.25,24.54192,2026-08-17 03:45:00+00:00
1786938600000,63372.25,63490.0,63372.24,63489.99,44.25981,2026-08-17 03:50:00+00:00
1786938900000,63490.0,63520.0,63429.2,63429.21,46.3537,2026-08-17 03:55:00+00:00
1786939200000,63429.21,63520.0,63429.21,63495.02,64.30071,2026-08-17 04:00:00+00:00
1786939500000,63495.02,63520.0,63486.98,63486.99,30.39857,2026-08-17 04:05:00+00:00
1786939800000,63486.98,63515.56,63486.52,63486.53,18.99262,2026-08-17 04:10:00+00:00
1786940100000,63486.53,63490.83,63472.0,63486.94,22.61557,2026-08-17 04:15:00+00:00
1786940400000,63486.94,63524.41,63486.93,63494.01,27.54153,2026-08-17 04:20:00+00:00
1786940700000,63494.0,63518.01,63491.01,63518.01,94.04819,2026-08-17 04:25:00+00:00
1786941000000,63518.0,63518.0,63473.2,63499.42,70.85718,2026-08-17 04:30:00+00:00
1786941300000,63499.41,63506.0,63486.05,63504.0,21.25599,2026-08-17 04:35:00+00:00
1786941600000,63503.99,63520.0,63479.57,63480.0,249.07047,2026-08-17 04:40:00+00:00
1786941900000,63479.99,63550.0,63479.99,63545.19,35.61494,2026-08-17 04:45:00+00:00
1786942200000,63545.19,63580.0,63524.65,63524.65,44.56219,2026-08-17 04:50:00+00:00
1786942500000,63524.65,63560.64,63524.65,63532.44,34.93401,2026-08-17 04:55:00+00:00
1786942800000,63532.43,63532.44,63518.22,63518.22,20.27582,2026-08-17 05:00:00+00:00
1786943100000,63518.23,63518.23,63449.03,63469.23,45.35521,2026-08-17 05:05:00+00:00
1786943400000,63469.23,63552.01,63450.61,63537.01,395.82548,2026-08-17 05:10:00+00:00
1786943700000,63537.0,63562.0,63527.96,63561.99,21.4978,2026-08-17 05:15:00+00:00
1786944000000,63562.0,63594.76,63557.57,63577.05,42.57454,2026-08-17 05:20:00+00:00
1786944300000,63577.05,63577.05,63474.63,63482.65,170.43447,2026-08-17 05:25:00+00:00
1786944600000,63482.66,63500.0,63482.66,63488.06,9.87782,2026-08-17 05:30:00+00:00
1786944900000,63488.06,63488.07,63450.0,63450.0,14.03558,2026-08-17 05:35:00+00:00
1786945200000,63450.0,63463.18,63446.59,63463.18,11.62908,2026-08-17 05:40:00+00:00
1786945500000,63463.17,63500.0,63460.96,63500.0,14.16535,2026-08-17 05:45:00+00:00
1786945800000,63500.0,63522.29,63499.99,63522.28,12.26125,2026-08-17 05:50:00+00:00
1786946100000,63522.29,63523.25,63512.01,63520.18,12.77379,2026-08-17 05:55:00+00:00
1786946400000,63520.18,63528.56,63477.95,63521.71,40.72783,2026-08-17 06:00:00+00:00
1786946700000,63521.72,63587.89,63521.71,63587.89,28.10554,2026-08-17 06:05:00+00:00
1786947000000,63587.89,63616.0,63567.45,63574.03,36.72142,2026-08-17 06:10:00+00:00
1786947300000,63574.03,63589.72,63574.03,63587.15,11.08762,2026-08-17 06:15:00+00:00
1786947600000,63587.14,63587.15,63560.7,63564.28,10.03771,2026-08-17 06:20:00+00:00
1786947900000,63564.29,63588.74,63564.29,63583.01,21.46852,2026-08-17 06:25:00+00:00
1786948200000,63583.0,63584.0,63566.41,63579.49,8.80252,2026-08-17 06:30:00+00:00
1786948500000,63579.48,63604.8,63579.48,63602.83,22.90125,2026-08-17 06:35:00+00:00
1786948800000,63602.83,63604.79,63598.11,63600.14,23.07852,2026-08-17 06:40:00+00:00
1786949100000,63600.14,63717.17,63600.14,63693.23,61.24903,2026-08-17 06:45:00+00:00
1786949400000,63693.23,63693.23,63625.28,63625.28,28.08256,2026-08-17 06:50:00+00:00
1786949700000,63625.29,63668.0,63622.0,63667.99,20.42935,2026-08-17 06:55:00+00:00
1786950000000,63668.0,63668.0,63569.51,63577.02,46.19166,2026-08-17 07:00:00+00:00
1786950300000,63577.01,63597.97,63577.01,63588.01,15.67626,2026-08-17 07:05:00+00:00
1786950600000,63588.0,63602.89,63566.73,63584.65,16.18704,2026-08-17 07:10:00+00:00
1786950900000,63584.66,63584.66,63534.63,63555.52,19.88188,2026-08-17 07:15:00+00:00
1786951200000,63555.52,63563.9,63555.51,63563.8,6.54767,2026-08-17 07:20:00+00:00
1786951500000,63563.81,63596.92,63546.0,63596.91,154.14493,2026-08-17 07:25:00+00:00
1786951800000,63596.91,63596.92,63562.53,63562.54,38.76995,2026-08-17 07:30:00+00:00
1786952100000,63562.53,63564.07,63545.37,63560.02,25.93179,2026-08-17 07:35:00+00:00
1786952400000,63560.01,63560.02,63538.5,63538.5,28.69888,2026-08-17 07:40:00+00:00
1786952700000,63538.5,63550.01,63530.31,63530.32,31.75442,2026-08-17 07:45:00+00:00
1786953000000,63530.31,63544.02,63527.64,63539.56,32.39747,2026-08-17 07:50:00+00:00
1786953300000,63539.55,63557.7,63500.0,63514.45,280.23729,2026-08-17 07:55:00+00:00
1786953600000,63514.45,63545.08,63490.14,63499.99,108.64117,2026-08-17 08:00:00+00:00
1786953900000,63500.0,63500.94,63454.0,63458.07,86.41313,2026-08-17 08:05:00+00:00
1786954200000,63458.07,63458.08,63422.58,63433.77,33.65566,2026-08-17 08:10:00+00:00
1786954500000,63433.77,63450.61,63420.0,63446.68,36.13911,2026-08-17 08:15:00+00:00
1786954800000,63446.67,63446.68,63412.79,63416.73,37.57187,2026-08-17 08:20:00+00:00
1786955100000,63416.74,63431.49,63405.0,63418.22,54.74004,2026-08-17 08:25:00+00:00
1786955400000,63418.23,63435.08,63414.48,63414.49,43.5238,2026-08-17 08:30:00+00:00
1786955700000,63414.49,63414.49,63399.3,63399.3,16.12189,2026-08-17 08:35:00+00:00
1786956000000,63399.31,63399.31,63377.75,63377.75,26.64182,2026-08-17 08:40:00+00:00
1786956300000,63377.75,63377.76,63370.0,63370.0,12.26848,2026-08-17 08:45:00+00:00
1786956600000,63370.01,63385.86,63350.0,63385.5,47.93875,2026-08-17 08:50:00+00:00
1786956900000,63385.49,63408.01,63367.98,63380.84,16.70922,2026-08-17 08:55:00+00:00
1786957200000,63380.83,63408.72,63380.83,63393.99,13.77591,2026-08-17 09:00:00+00:00
1786957500000,63393.99,63419.95,63393.99,63419.95,22.27858,2026-08-17 09:05:00+00:00
1786957800000,63419.94,63423.3,63415.26,63423.29,16.93803,2026-08-17 09:10:00+00:00
1786958100000,63423.29,63428.0,63381.4,63381.41,16.68466,2026-08-17 09:15:00+00:00
1786958400000,63381.4,63381.68,63334.37,63350.0,33.5249,2026-08-17 09:20:00+00:00
1786958700000,63349.99,63381.58,63349.99,63381.58,22.55794,2026-08-17 09:25:00+00:00
1786959000000,63381.57,63381.58,63336.0,63342.38,47.32942,2026-08-17 09:30:00+00:00
1786959300000,63342.39,63342.39,63320.0,63328.79,36.08741,2026-08-17 09:35:00+00:00
1786959600000,63328.78,63328.79,63310.0,63310.11,24.98585,2026-08-17 09:40:00+00:00
1786959900000,63310.11,63313.05,63295.0,63301.3,28.57657,2026-08-17 09:45:00+00:00
1786960200000,63301.31,63323.99,63301.3,63323.97,38.62947,2026-08-17 09:50:00+00:00
1786960500000,63323.96,63323.97,63323.96,63323.96,9.90052,2026-08-17 09:55:00+00:00
1786960800000,63323.97,63338.3,63323.96,63338.3,23.16965,2026-08-17 10:00:00+00:00
1786961100000,63338.3,63338.3,63300.25,63300.26,48.30594,2026-08-17 10:05:00+00:00
1786961400000,63300.25,63336.91,63300.25,63336.9,26.91128,2026-08-17 10:10:00+00:00
1786961700000,63336.91,63348.05,63304.0,63304.01,46.86505,2026-08-17 10:15:00+00:00
1786962000000,63304.0,63335.03,63304.0,63335.03,9.85922,2026-08-17 10:20:00+00:00
1786962300000,63335.03,63448.0,63335.02,63447.99,42.27654,2026-08-17 10:25:00+00:00
1786962600000,63448.0,63500.0,63448.0,63479.31,84.24056,2026-08-17 10:30:00+00:00
1786962900000,63479.31,63566.43,63479.3,63528.8,60.83281,2026-08-17 10:35:00+00:00
1786963200000,63528.8,63646.68,63512.01,63639.99,93.27017,2026-08-17 10:40:00+00:00
1786963500000,63640.0,63660.0,63610.0,63623.92,99.92532,2026-08-17 10:45:00+00:00
1786963800000,63623.93,63639.38,63600.06,63618.84,93.81016,2026-08-17 10:50:00+00:00
1786964100000,63618.85,63694.26,63602.88,63692.21,53.53431,2026-08-17 10:55:00+00:00
1786964400000,63692.2,63705.46,63652.43,63661.41,42.27633,2026-08-17 11:00:00+00:00
1786964700000,63661.41,63670.6,63650.0,63654.71,52.89068,2026-08-17 11:05:00+00:00
1786965000000,63654.71,63668.99,63634.97,63664.5,28.15611,2026-08-17 11:10:00+00:00
1786965300000,63664.5,63692.88,63636.87,63653.23,33.97766,2026-08-17 11:15:00+00:00
1786965600000,63653.23,63694.18,63653.22,63677.92,18.11669,2026-08-17 11:20:00+00:00
1786965900000,63677.92,63677.92,63651.66,63660.0,54.98792,2026-08-17 11:25:00+00:00
1786966200000,63660.0,63693.0,63659.99,63690.88,17.43173,2026-08-17 11:30:00+00:00
1786966500000,63690.87,63692.37,63677.95,63692.36,12.45376,2026-08-17 11:35:00+00:00
1786966800000,63692.36,63693.0,63690.0,63692.99,12.16463,2026-08-17 11:40:00+00:00
1786967100000,63692.99,63781.69,63692.99,63729.82,60.72692,2026-08-17 11:45:00+00:00
1786967400000,63729.81,63729.82,63634.35,63648.29,43.28378,2026-08-17 11:50:00+00:00
1786967700000,63648.29,63648.29,63587.05,63631.1,51.81397,2026-08-17 11:55:00+00:00
1786968000000,63631.11,63661.44,63608.45,63620.57,38.54279,2026-08-17 12:00:00+00:00
1786968300000,63620.56,63631.37,63589.59,63627.99,42.47403,2026-08-17 12:05:00+00:00
1786968600000,63628.0,63680.0,63617.79,63662.95,29.26936,2026-08-17 12:10:00+00:00
1786968900000,63662.95,63663.82,63602.48,63602.48,19.63213,2026-08-17 12:15:00+00:00
1786969200000,63602.49,63633.25,63602.48,63620.15,26.52187,2026-08-17 12:20:00+00:00
1786969500000,63620.16,63620.16,63533.06,63579.57,81.49654,2026-08-17 12:25:00+00:00
1786969800000,63579.58,63644.0,63579.57,63607.79,25.22787,2026-08-17 12:30:00+00:00
1786970100000,63607.79,63618.44,63536.54,63536.54,16.7671,2026-08-17 12:35:00+00:00
1786970400000,63536.53,63580.92,63534.0,63569.71,26.14843,2026-08-17 12:40:00+00:00
1786970700000,63569.71,63628.0,63569.7,63597.71,39.00233,2026-08-17 12:45:00+00:00
1786971000000,63597.71,63597.71,63548.07,63552.04,41.32518,2026-08-17 12:50:00+00:00
1786971300000,63552.04,63584.0,63551.67,63554.69,19.2524,2026-08-17 12:55:00+00:00
1786971600000,63554.7,63554.7,63509.82,63522.3,23.39395,2026-08-17 13:00:00+00:00
1786971900000,63522.3,63554.94,63522.15,63554.93,26.23688,2026-08-17 13:05:00+00:00
1786972200000,63554.93,63578.0,63554.93,63566.01,29.61927,2026-08-17 13:10:00+00:00
1786972500000,63566.01,63566.01,63485.42,63488.48,42.88684,2026-08-17 13:15:00+00:00
1786972800000,63488.48,63488.48,63464.0,63464.0,17.70908,2026-08-17 13:20:00+00:00
1786973100000,63464.0,63521.62,63444.17,63499.05,29.70515,2026-08-17 13:25:00+00:00
1786973400000,63499.05,63750.0,63481.06,63704.77,106.52911,2026-08-17 13:30:00+00:00
1786973700000,63704.77,63762.31,63688.0,63711.43,73.10284,2026-08-17 13:35:00+00:00
1786974000000,63711.44,63799.64,63655.83,63655.83,78.87664,2026-08-17 13:40:00+00:00
1786974300000,63655.84,63713.92,63596.0,63713.92,54.4326,2026-08-17 13:45:00+00:00
1786974600000,63713.91,63730.0,63640.0,63647.99,55.37403,2026-08-17 13:50:00+00:00
1786974900000,63647.99,63682.0,63614.0,63672.36,47.4294,2026-08-17 13:55:00+00:00
1786975200000,63672.37,63700.0,63628.0,63628.0,49.80769,2026-08-17 14:00:00+00:00
1786975500000,63628.0,63641.54,63588.0,63641.54,43.59347,2026-08-17 14:05:00+00:00
1786975800000,63641.54,63730.0,63641.54,63699.42,55.05351,2026-08-17 14:10:00+00:00
1786976100000,63699.43,63740.0,63633.34,63689.56,48.00074,2026-08-17 14:15:00+00:00
1786976400000,63689.57,63695.66,63634.03,63667.99,43.15466,2026-08-17 14:20:00+00:00
1786976700000,63667.99,63672.0,63592.0,63623.66,49.7907,2026-08-17 14:25:00+00:00
1786977000000,63623.65,63704.0,63594.0,63688.99,35.20894,2026-08-17 14:30:00+00:00
1786977300000,63688.98,63688.98,63598.94,63600.98,49.13943,2026-08-17 14:35:00+00:00
1786977600000,63600.98,63633.35,63600.98,63625.04,17.84052,2026-08-17 14:40:00+00:00
1786977900000,63625.04,63748.0,63616.0,63747.99,31.23821,2026-08-17 14:45:00+00:00
1786978200000,63747.99,63840.0,63746.86,63765.25,91.75387,2026-08-17 14:50:00+00:00
1786978500000,63765.24,63904.76,63765.24,63902.63,68.88992,2026-08-17 14:55:00+00:00
1786978800000,63902.63,63924.0,63864.0,63920.78,160.14817,2026-08-17 15:00:00+00:00
1786979100000,63920.78,63990.0,63882.85,63919.9,131.72177,2026-08-17 15:05:00+00:00
1786979400000,63919.91,63970.0,63866.0,63869.03,82.18602,2026-08-17 15:10:00+00:00
1786979700000,63869.02,63911.15,63812.35,63814.39,73.83369,2026-08-17 15:15:00+00:00
1786980000000,63814.4,63865.8,63814.39,63865.8,33.63707,2026-08-17 15:20:00+00:00
1786980300000,63865.8,64115.96,63865.8,64044.83,294.79691,2026-08-17 15:25:00+00:00
1786980600000,64044.83,64080.0,63988.0,63993.23,137.70971,2026-08-17 15:30:00+00:00
1786980900000,63993.22,64103.59,63993.22,64068.01,79.57132,2026-08-17 15:35:00+00:00
1786981200000,64068.0,64120.0,64038.4,64083.07,76.17862,2026-08-17 15:40:00+00:00
1786981500000,64083.07,64171.29,64080.45,64167.34,95.17033,2026-08-17 15:45:00+00:00
1786981800000,64167.35,64227.27,64158.0,64217.07,94.66176,2026-08-17 15:50:00+00:00
1786982100000,64217.07,64217.07,64151.58,64200.0,96.52813,2026-08-17 15:55:00+00:00
1786982400000,64200.0,64216.42,64140.0,64154.98,77.17464,2026-08-17 16:00:00+00:00
1786982700000,64154.97,64171.74,64112.0,64112.6,62.45091,2026-08-17 16:05:00+00:00
1786983000000,64112.61,64115.59,64060.87,64078.03,64.20581,2026-08-17 16:10:00+00:00
1786983300000,64078.02,64116.0,64065.19,64080.78,60.54236,2026-08-17 16:15:00+00:00
1786983600000,64080.79,64145.99,64058.0,64098.54,63.97877,2026-08-17 16:20:00+00:00
1786983900000,64098.54,64128.12,64083.5,64097.07,50.1607,2026-08-17 16:25:00+00:00
1786984200000,64097.08,64128.0,64080.0,64125.94,49.32308,2026-08-17 16:30:00+00:00
1786984500000,64125.93,64171.94,64109.6,64171.93,46.32388,2026-08-17 16:35:00+00:00
1786984800000,64171.93,64174.0,64084.0,64084.0,98.66729,2026-08-17 16:40:00+00:00
1786985100000,64084.01,64133.22,64076.1,64133.22,20.14562,2026-08-17 16:45:00+00:00
1786985400000,64133.22,64138.62,64082.01,64082.71,54.94694,2026-08-17 16:50:00+00:00
1786985700000,64082.7,64120.0,64077.52,64115.76,23.92426,2026-08-17 16:55:00+00:00
1786986000000,64115.76,64116.0,64088.99,64088.99,17.82552,2026-08-17 17:00:00+00:00
1786986300000,64088.99,64088.99,64073.02,64073.02,30.77191,2026-08-17 17:05:00+00:00
1786986600000,64073.02,64073.03,63984.0,63984.0,56.80564,2026-08-17 17:10:00+00:00
1786986900000,63984.0,64294.11,63979.3,64260.25,217.69423,2026-08-17 17:15:00+00:00
1786987200000,64260.25,64425.0,64258.1,64318.41,205.54963,2026-08-17 17:20:00+00:00
1786987500000,64318.41,64318.41,64201.03,64207.27,121.80665,2026-08-17 17:25:00+00:00
1786987800000,64207.28,64224.0,64138.24,64138.24,139.13325,2026-08-17 17:30:00+00:00
1786988100000,64138.25,64258.01,64066.0,64225.35,196.40497,2026-08-17 17:35:00+00:00
1786988400000,64225.35,64284.82,64206.13,64224.53,88.67345,2026-08-17 17:40:00+00:00
1786988700000,64224.54,64328.41,64224.53,64303.52,144.64752,2026-08-17 17:45:00+00:00
1786989000000,64303.85,64340.0,64286.05,64315.51,152.48947,2026-08-17 17:50:00+00:00
1786989300000,64315.52,64343.61,64305.85,64325.99,47.18086,2026-08-17 17:55:00+00:00
1786989600000,64325.99,64358.0,64280.49,64341.52,95.94374,2026-08-17 18:00:00+00:00
1786989900000,64341.52,64348.67,64310.27,64320.15,44.14717,2026-08-17 18:05:00+00:00
1786990200000,64320.14,64383.68,64306.17,64376.55,84.11261,2026-08-17 18:10:00+00:00
1786990500000,64376.54,64464.0,64372.37,64400.3,114.60637,2026-08-17 18:15:00+00:00
1786990800000,64400.3,64610.01,64400.3,64543.24,278.98546,2026-08-17 18:20:00+00:00
1786991100000,64543.24,64569.88,64476.0,64487.44,99.3805,2026-08-17 18:25:00+00:00
1786991400000,64487.64,64513.85,64398.0,64413.79,59.08315,2026-08-17 18:30:00+00:00
1786991700000,64413.79,64495.0,64404.75,64451.61,53.80687,2026-08-17 18:35:00+00:00
1786992000000,64451.61,64475.99,64428.25,64461.56,34.36964,2026-08-17 18:40:00+00:00
1786992300000,64461.55,64461.55,64419.54,64454.98,30.56761,2026-08-17 18:45:00+00:00
1786992600000,64454.97,64490.0,64434.88,64444.0,76.98942,2026-08-17 18:50:00+00:00
1786992900000,64444.0,64465.37,64413.03,64428.87,68.46021,2026-08-17 18:55:00+00:00
1786993200000,64428.88,64428.88,64320.0,64341.76,73.90957,2026-08-17 19:00:00+00:00
1786993500000,64341.76,64416.62,64339.58,64397.89,40.52164,2026-08-17 19:05:00+00:00
1786993800000,64397.89,64397.89,64332.0,64332.01,39.79251,2026-08-17 19:10:00+00:00
1786994100000,64332.01,64386.0,64331.28,64336.71,61.9344,2026-08-17 19:15:00+00:00
1786994400000,64336.7,64376.0,64334.0,64366.16,42.14553,2026-08-17 19:20:00+00:00
1786994700000,64366.17,64417.66,64350.0,64404.0,20.57682,2026-08-17 19:25:00+00:00
1786995000000,64404.01,64404.01,64350.93,64350.94,22.45246,2026-08-17 19:30:00+00:00
1786995300000,64350.93,64409.84,64340.67,64399.33,26.46087,2026-08-17 19:35:00+00:00
1786995600000,64399.33,64414.78,64349.41,64368.8,41.21763,2026-08-17 19:40:00+00:00
1786995900000,64368.8,64373.99,64352.71,64358.0,23.12344,2026-08-17 19:45:00+00:00
1786996200000,64358.0,64358.0,64306.32,64312.85,18.39166,2026-08-17 19:50:00+00:00
1786996500000,64312.85,64321.88,64288.35,64309.96,42.16221,2026-08-17 19:55:00+00:00
1786996800000,64309.95,64309.96,64268.02,64298.56,24.62952,2026-08-17 20:00:00+00:00
1786997100000,64298.57,64298.57,64266.0,64292.12,30.70768,2026-08-17 20:05:00+00:00
1786997400000,64292.13,64309.2,64292.12,64309.19,10.15135,2026-08-17 20:10:00+00:00
1786997700000,64309.19,64312.9,64293.54,64304.4,16.58656,2026-08-17 20:15:00+00:00
1786998000000,64304.4,64359.99,64304.39,64359.99,15.80804,2026-08-17 20:20:00+00:00
1786998300000,64360.0,64434.0,64358.14,64416.09,51.97202,2026-08-17 20:25:00+00:00
1786998600000,64416.1,64416.1,64354.0,64368.79,16.01678,2026-08-17 20:30:00+00:00
1786998900000,64368.8,64383.98,64362.0,64370.01,12.91859,2026-08-17 20:35:00+00:00
1786999200000,64370.0,64403.1,64370.0,64393.27,11.11796,2026-08-17 20:40:00+00:00
1786999500000,64393.27,64395.62,64348.65,64348.66,14.12445,2026-08-17 20:45:00+00:00
1786999800000,64348.66,64388.0,64332.0,64387.99,12.3077,2026-08-17 20:50:00+00:00
1787000100000,64387.99,64409.15,64387.92,64392.73,27.79736,2026-08-17 20:55:00+00:00
1787000400000,64392.72,64409.93,64378.6,64406.9,32.03894,2026-08-17 21:00:00+00:00
1787000700000,64406.91,64431.99,64406.09,64431.99,18.2045,2026-08-17 21:05:00+00:00
1787001000000,64432.0,64434.76,64364.73,64373.11,22.68024,2026-08-17 21:10:00+00:00
1787001300000,64373.11,64409.41,64370.0,64372.07,16.69333,2026-08-17 21:15:00+00:00
1787001600000,64372.07,64373.93,64340.0,64340.0,8.43691,2026-08-17 21:20:00+00:00
1787001900000,64340.01,64340.01,64328.24,64329.18,7.56342,2026-08-17 21:25:00+00:00
1787002200000,64329.18,64345.16,64329.18,64342.19,22.0384,2026-08-17 21:30:00+00:00
1787002500000,64342.19,64342.2,64296.0,64334.59,30.1216,2026-08-17 21:35:00+00:00
1787002800000,64334.58,64377.92,64321.18,64338.0,23.36135,2026-08-17 21:40:00+00:00
1787003100000,64338.01,64388.0,64338.0,64366.39,16.18822,2026-08-17 21:45:00+00:00
1787003400000,64366.39,64390.47,64364.0,64364.01,12.88752,2026-08-17 21:50:00+00:00
1787003700000,64364.01,64392.0,64364.0,64382.02,7.93205,2026-08-17 21:55:00+00:00
1787004000000,64382.02,64416.0,64364.0,64370.13,41.0521,2026-08-17 22:00:00+00:00
1787004300000,64370.12,64370.13,64324.48,64324.48,27.3721,2026-08-17 22:05:00+00:00
1787004600000,64324.48,64335.6,64310.0,64310.0,9.87425,2026-08-17 22:10:00+00:00
1787004900000,64310.0,64310.01,64292.0,64292.01,11.15619,2026-08-17 22:15:00+00:00
1787005200000,64292.01,64340.0,64288.91,64327.01,24.73654,2026-08-17 22:20:00+00:00
1787005500000,64327.01,64327.02,64295.44,64295.45,104.71632,2026-08-17 22:25:00+00:00
1787005800000,64295.44,64296.6,64283.49,64283.49,30.29956,2026-08-17 22:30:00+00:00
1787006100000,64283.49,64340.0,64283.49,64324.3,30.80147,2026-08-17 22:35:00+00:00
1787006400000,64324.3,64324.31,64310.09,64310.1,5.91719,2026-08-17 22:40:00+00:00
1787006700000,64310.1,64310.1,64302.88,64302.88,7.2859,2026-08-17 22:45:00+00:00
1787007000000,64302.89,64319.86,64292.15,64292.16,21.08167,2026-08-17 22:50:00+00:00
1787007300000,64292.16,64292.16,64290.35,64291.25,7.32904,2026-08-17 22:55:00+00:00
1787007600000,64291.26,64299.87,64288.24,64299.87,9.21037,2026-08-17 23:00:00+00:00
1787007900000,64299.86,64354.0,64299.86,64354.0,14.41139,2026-08-17 23:05:00+00:00
1787008200000,64353.99,64372.0,64347.25,64365.22,19.0109,2026-08-17 23:10:00+00:00
1787008500000,64365.23,64398.08,64365.22,64398.07,9.48695,2026-08-17 23:15:00+00:00
1787008800000,64398.07,64416.38,64385.86,64416.38,52.77819,2026-08-17 23:20:00+00:00
1787009100000,64416.38,64486.8,64416.38,64486.79,26.56782,2026-08-17 23:25:00+00:00
1787009400000,64486.8,64563.1,64460.95,64557.86,66.2665,2026-08-17 23:30:00+00:00
1787009700000,64557.85,64557.86,64501.82,64508.82,28.60437,2026-08-17 23:35:00+00:00
1787010000000,64508.82,64508.83,64475.0,64481.82,16.73972,2026-08-17 23:40:00+00:00
1787010300000,64481.83,64516.27,64476.42,64516.26,24.98748,2026-08-17 23:45:00+00:00
1787010600000,64516.27,64527.59,64493.25,64527.59,15.08788,2026-08-17 23:50:00+00:00
1787010900000,64527.58,64578.0,64488.64,64532.1,66.8968,2026-08-17 23:55:00+00:00
1787011200000,64532.11,64568.46,64482.33,64482.34,57.15311,2026-08-18 00:00:00+00:00
1787011500000,64482.33,64485.88,64420.0,64424.14,46.51786,2026-08-18 00:05:00+00:00
1787011800000,64424.14,64440.01,64420.47,64440.01,14.2717,2026-08-18 00:10:00+00:00
1787012100000,64440.0,64492.0,64440.0,64464.56,20.3972,2026-08-18 00:15:00+00:00
1787012400000,64464.56,64501.83,64452.27,64482.17,25.39205,2026-08-18 00:20:00+00:00
1787012700000,64482.17,64482.17,64452.8,64457.49,18.37201,2026-08-18 00:25:00+00:00
1787013000000,64457.49,64457.5,64434.87,64437.43,15.11288,2026-08-18 00:30:00+00:00
1787013300000,64437.43,64453.98,64424.0,64426.69,23.09183,2026-08-18 00:35:00+00:00
1787013600000,64426.68,64426.69,64388.0,64397.06,26.32697,2026-08-18 00:40:00+00:00
1787013900000,64397.06,64397.06,64372.0,64384.15,26.51615,2026-08-18 00:45:00+00:00
1787014200000,64384.14,64398.0,64368.0,64368.0,34.63478,2026-08-18 00:50:00+00:00
1787014500000,64368.0,64384.79,64367.27,64383.71,25.11656,2026-08-18 00:55:00+00:00
1787014800000,64383.72,64387.71,64340.0,64340.01,47.3345,2026-08-18 01:00:00+00:00
1787015100000,64340.0,64344.92,64296.97,64304.55,58.48249,2026-08-18 01:05:00+00:00
1787015400000,64304.55,64359.55,64297.07,64347.78,29.40969,2026-08-18 01:10:00+00:00
1787015700000,64347.79,64360.0,64305.39,64314.01,33.8223,2026-08-18 01:15:00+00:00
1787016000000,64314.01,64336.96,64314.0,64336.96,20.61983,2026-08-18 01:20:00+00:00
1787016300000,64336.96,64336.97,64318.74,64325.92,16.91293,2026-08-18 01:25:00+00:00
1787016600000,64325.92,64345.4,64325.92,64336.01,27.07063,2026-08-18 01:30:00+00:00
1787016900000,64336.0,64336.01,64319.5,64320.98,14.83815,2026-08-18 01:35:00+00:00
1787017200000,64320.97,64320.98,64243.58,64284.0,49.76359,2026-08-18 01:40:00+00:00
1787017500000,64284.01,64284.01,64224.0,64228.6,15.04307,2026-08-18 01:45:00+00:00
1787017800000,64228.6,64228.7,64156.0,64163.11,41.76891,2026-08-18 01:50:00+00:00
1787018100000,64163.1,64200.06,64163.1,64200.06,23.41928,2026-08-18 01:55:00+00:00
1787018400000,64200.06,64230.97,64191.1,64230.97,13.25966,2026-08-18 02:00:00+00:00
1787018700000,64230.96,64272.0,64230.96,64242.1,33.7962,2026-08-18 02:05:00+00:00
1787019000000,64242.1,64242.11,64192.0,64192.01,38.20072,2026-08-18 02:10:00+00:00
1787019300000,64192.0,64193.66,64162.38,64192.84,48.15705,2026-08-18 02:15:00+00:00
1787019600000,64192.84,64204.0,64192.83,64195.48,24.05011,2026-08-18 02:20:00+00:00
1787019900000,64195.48,64195.49,64157.68,64157.69,37.9654,2026-08-18 02:25:00+00:00
1787020200000,64157.68,64157.69,64137.73,64152.83,37.77778,2026-08-18 02:30:00+00:00
1787020500000,64152.82,64203.89,64144.13,64202.86,26.41264,2026-08-18 02:35:00+00:00
1787020800000,64202.85,64204.82,64128.0,64128.57,30.39927,2026-08-18 02:40:00+00:00
1787021100000,64128.57,64135.2,64048.0,64125.99,72.68701,2026-08-18 02:45:00+00:00
1787021400000,64126.0,64136.0,64111.19,64122.46,26.53424,2026-08-18 02:50:00+00:00
1787021700000,64122.45,64122.45,64067.36,64103.22,53.10856,2026-08-18 02:55:00+00:00
1787022000000,64103.22,64132.47,64094.7,64123.23,30.08081,2026-08-18 03:00:00+00:00
1787022300000,64123.23,64123.23,64108.13,64108.14,17.24287,2026-08-18 03:05:00+00:00
1787022600000,64108.14,64108.14,64088.67,64088.67,19.19113,2026-08-18 03:10:00+00:00
1787022900000,64088.68,64144.0,64088.68,64139.2,29.51115,2026-08-18 03:15:00+00:00
1787023200000,64139.21,64139.21,64107.09,64121.82,33.64852,2026-08-18 03:20:00+00:00
1787023500000,64121.82,64133.22,64108.98,64112.0,127.38857,2026-08-18 03:25:00+00:00
1787023800000,64112.0,64112.0,64047.73,64062.0,61.7742,2026-08-18 03:30:00+00:00
1787024100000,64061.99,64138.0,64050.0,64134.22,72.15168,2026-08-18 03:35:00+00:00
1787024400000,64134.21,64180.0,64134.21,64179.99,71.0012,2026-08-18 03:40:00+00:00
1787024700000,64179.99,64180.0,64146.0,64146.01,13.86262,2026-08-18 03:45:00+00:00
1787025000000,64146.0,64170.0,64146.0,64170.0,17.37391,2026-08-18 03:50:00+00:00
1787025300000,64169.99,64195.45,64160.18,64185.01,84.26747,2026-08-18 03:55:00+00:00
1787025600000,64185.0,64185.01,64090.0,64111.69,118.3772,2026-08-18 04:00:00+00:00
1787025900000,64111.69,64135.66,64111.36,64116.14,19.80405,2026-08-18 04:05:00+00:00
1787026200000,64116.14,64183.01,64116.13,64148.0,272.59296,2026-08-18 04:10:00+00:00
1787026500000,64148.0,64153.08,64142.29,64142.3,21.81599,2026-08-18 04:15:00+00:00
1787026800000,64142.29,64142.3,64124.2,64130.93,13.03505,2026-08-18 04:20:00+00:00
1787027100000,64130.93,64155.74,64130.93,64155.73,21.00473,2026-08-18 04:25:00+00:00
1787027400000,64155.74,64227.5,64155.73,64219.72,37.78529,2026-08-18 04:30:00+00:00
1787027700000,64219.72,64250.69,64200.11,64200.16,137.11841,2026-08-18 04:35:00+00:00
1787028000000,64200.15,64234.29,64200.15,64216.9,36.46358,2026-08-18 04:40:00+00:00
1787028300000,64216.9,64226.19,64188.0,64190.27,13.76725,2026-08-18 04:45:00+00:00
1787028600000,64190.27,64207.0,64190.26,64202.08,32.22323,2026-08-18 04:50:00+00:00
1787028900000,64202.07,64210.32,64200.15,64210.32,15.266,2026-08-18 04:55:00+00:00
1787029200000,64210.33,64212.65,64181.47,64207.31,22.15013,2026-08-18 05:00:00+00:00
1787029500000,64207.31,64276.0,64207.31,64276.0,37.51191,2026-08-18 05:05:00+00:00
1787029800000,64276.0,64276.0,64189.99,64225.01,523.86996,2026-08-18 05:10:00+00:00
1787030100000,64225.01,64236.28,64212.23,64234.26,15.71891,2026-08-18 05:15:00+00:00
1787030400000,64234.27,64241.86,64211.24,64211.24,21.14755,2026-08-18 05:20:00+00:00
1787030700000,64211.23,64255.01,64199.99,64254.46,150.55513,2026-08-18 05:25:00+00:00
1787031000000,64254.46,64254.47,64203.19,64203.19,20.72006,2026-08-18 05:30:00+00:00
1787031300000,64203.19,64203.2,64140.0,64171.4,60.46319,2026-08-18 05:35:00+00:00
1787031600000,64171.41,64259.01,64171.4,64256.12,176.0171,2026-08-18 05:40:00+00:00
1787031900000,64256.13,64256.13,64211.51,64226.3,27.32748,2026-08-18 05:45:00+00:00
1787032200000,64226.31,64227.99,64200.08,64227.99,18.59939,2026-08-18 05:50:00+00:00
1787032500000,64227.98,64263.01,64208.16,64242.76,249.82731,2026-08-18 05:55:00+00:00
1787032800000,64242.76,64242.76,64192.41,64196.61,25.20265,2026-08-18 06:00:00+00:00
1787033100000,64196.62,64199.21,64170.0,64199.21,15.38366,2026-08-18 06:05:00+00:00
1787033400000,64199.21,64279.93,64199.21,64230.0,164.2937,2026-08-18 06:10:00+00:00
1787033700000,64229.99,64275.8,64229.99,64273.87,21.40088,2026-08-18 06:15:00+00:00
1787034000000,64273.88,64339.5,64273.87,64335.0,23.08649,2026-08-18 06:20:00+00:00
1787034300000,64334.99,64355.39,64324.99,64339.11,102.28403,2026-08-18 06:25:00+00:00
1787034600000,64339.11,64394.0,64339.11,64381.05,34.17427,2026-08-18 06:30:00+00:00
1787034900000,64381.04,64425.9,64373.99,64415.28,36.83159,2026-08-18 06:35:00+00:00
1787035200000,64415.28,64446.0,64398.44,64430.66,40.83157,2026-08-18 06:40:00+00:00
1787035500000,64430.67,64440.01,64320.83,64326.97,117.42736,2026-08-18 06:45:00+00:00
1787035800000,64326.98,64326.98,64296.0,64296.0,48.74381,2026-08-18 06:50:00+00:00
1787036100000,64296.0,64318.03,64272.86,64318.03,65.10569,2026-08-18 06:55:00+00:00
1787036400000,64318.03,64322.0,64282.9,64294.91,33.18834,2026-08-18 07:00:00+00:00
1787036700000,64294.92,64342.33,64294.92,64342.32,23.72991,2026-08-18 07:05:00+00:00
1787037000000,64342.32,64342.33,64321.24,64338.82,23.44821,2026-08-18 07:10:00+00:00
1787037300000,64338.82,64350.0,64332.0,64342.03,24.34465,2026-08-18 07:15:00+00:00
1787037600000,64342.04,64342.04,64304.0,64309.63,13.46541,2026-08-18 07:20:00+00:00
1787037900000,64309.64,64309.64,64280.0,64280.0,17.13619,2026-08-18 07:25:00+00:00
1787038200000,64280.0,64280.0,64236.0,64236.0,41.88626,2026-08-18 07:30:00+00:00
1787038500000,64236.01,64273.92,64236.0,64250.99,49.12343,2026-08-18 07:35:00+00:00
1787038800000,64250.98,64263.97,64241.14,64248.46,28.49404,2026-08-18 07:40:00+00:00
1787039100000,64248.46,64248.47,64190.0,64190.0,38.67098,2026-08-18 07:45:00+00:00
1787039400000,64190.0,64197.05,64164.0,64168.25,37.45304,2026-08-18 07:50:00+00:00
1787039700000,64168.25,64210.01,64168.25,64198.97,63.11481,2026-08-18 07:55:00+00:00
1787040000000,64198.97,64210.01,64153.8,64159.63,84.59792,2026-08-18 08:00:00+00:00
1787040300000,64159.63,64159.63,64087.98,64132.31,36.89551,2026-08-18 08:05:00+00:00
1787040600000,64132.31,64156.0,64114.0,64156.0,16.31703,2026-08-18 08:10:00+00:00
1787040900000,64156.0,64232.0,64155.99,64232.0,29.85053,2026-08-18 08:15:00+00:00
1787041200000,64232.0,64236.0,64213.1,64213.1,14.3201,2026-08-18 08:20:00+00:00
1787041500000,64213.11,64238.55,64206.65,64210.86,19.85993,2026-08-18 08:25:00+00:00
1787041800000,64210.87,64256.76,64206.57,64239.81,23.92128,2026-08-18 08:30:00+00:00
1787042100000,64239.81,64336.0,64239.81,64328.0,29.35406,2026-08-18 08:35:00+00:00
1787042400000,64327.99,64329.3,64284.75,64286.81,58.48923,2026-08-18 08:40:00+00:00
1787042700000,64286.82,64286.82,64244.0,64244.01,16.63539,2026-08-18 08:45:00+00:00
1787043000000,64244.01,64286.0,64244.0,64262.33,32.67718,2026-08-18 08:50:00+00:00
1787043300000,64262.33,64296.07,64262.33,64296.02,39.48858,2026-08-18 08:55:00+00:00
1787043600000,64296.01,64296.01,64233.39,64243.81,47.24628,2026-08-18 09:00:00+00:00
1787043900000,64243.82,64243.82,64234.19,64234.2,10.37591,2026-08-18 09:05:00+00:00
1787044200000,64234.19,64247.28,64234.19,64246.25,24.79615,2026-08-18 09:10:00+00:00
1787044500000,64246.25,64246.25,64190.0,64190.0,26.03743,2026-08-18 09:15:00+00:00
1787044800000,64190.01,64190.01,64164.0,64164.0,16.42206,2026-08-18 09:20:00+00:00
1787045100000,64164.0,64171.66,64150.35,64164.01,14.77791,2026-08-18 09:25:00+00:00
1787045400000,64164.01,64177.99,64150.0,64177.98,29.56421,2026-08-18 09:30:00+00:00
1787045700000,64177.99,64183.03,64158.1,64167.06,18.84204,2026-08-18 09:35:00+00:00
1787046000000,64167.06,64171.62,64140.0,64150.0,24.14688,2026-08-18 09:40:00+00:00
1787046300000,64150.0,64167.52,64149.99,64158.83,26.00116,2026-08-18 09:45:00+00:00
1787046600000,64158.83,64166.52,64140.0,64166.51,19.54845,2026-08-18 09:50:00+00:00
1787046900000,64166.51,64185.48,64166.51,64171.95,11.74045,2026-08-18 09:55:00+00:00
1787047200000,64171.95,64203.82,64136.39,64203.82,27.73704,2026-08-18 10:00:00+00:00
1787047500000,64203.81,64203.81,64154.32,64155.36,13.0445,2026-08-18 10:05:00+00:00
1787047800000,64155.36,64155.36,64151.78,64153.32,9.2437,2026-08-18 10:10:00+00:00
1787048100000,64153.32,64176.0,64153.31,64175.51,17.82756,2026-08-18 10:15:00+00:00
1787048400000,64175.52,64175.52,64123.42,64151.19,47.26765,2026-08-18 10:20:00+00:00
1787048700000,64151.2,64159.66,64143.99,64159.66,12.01488,2026-08-18 10:25:00+00:00
1787049000000,64159.65,64195.02,64159.65,64195.02,10.95486,2026-08-18 10:30:00+00:00
1787049300000,64195.02,64216.0,64195.01,64206.91,20.48566,2026-08-18 10:35:00+00:00
1787049600000,64206.91,64206.92,64188.19,64188.19,9.97689,2026-08-18 10:40:00+00:00
1787049900000,64188.19,64202.0,64185.23,64201.99,9.86684,2026-08-18 10:45:00+00:00
1787050200000,64201.99,64210.01,64195.48,64210.0,21.19227,2026-08-18 10:50:00+00:00
1787050500000,64210.01,64210.01,64202.8,64202.8,20.14066,2026-08-18 10:55:00+00:00
1787050800000,64202.81,64338.93,64192.42,64298.09,81.82613,2026-08-18 11:00:00+00:00
1787051100000,64298.08,64298.09,64270.58,64289.99,16.32578,2026-08-18 11:05:00+00:00
1787051400000,64290.0,64326.98,64289.99,64323.56,19.06851,2026-08-18 11:10:00+00:00
1787051700000,64323.56,64374.0,64323.56,64332.01,47.74342,2026-08-18 11:15:00+00:00
1787052000000,64332.0,64370.0,64331.42,64369.07,17.37522,2026-08-18 11:20:00+00:00
1787052300000,64369.07,64375.4,64367.61,64374.03,16.43114,2026-08-18 11:25:00+00:00
1787052600000,64374.03,64374.03,64344.17,64374.02,17.28178,2026-08-18 11:30:00+00:00
1787052900000,64374.02,64376.0,64373.88,64373.88,18.4886,2026-08-18 11:35:00+00:00
1787053200000,64373.88,64392.0,64372.55,64385.2,21.5198,2026-08-18 11:40:00+00:00
1787053500000,64385.2,64402.35,64356.03,64358.1,27.91853,2026-08-18 11:45:00+00:00
1787053800000,64358.09,64363.04,64340.51,64345.66,10.26865,2026-08-18 11:50:00+00:00
1787054100000,64345.67,64351.19,64345.66,64351.19,16.27903,2026-08-18 11:55:00+00:00
1787054400000,64351.18,64351.19,64307.82,64336.22,21.99763,2026-08-18 12:00:00+00:00
1787054700000,64336.22,64355.64,64300.01,64300.01,17.10654,2026-08-18 12:05:00+00:00
1787055000000,64300.0,64300.01,64284.52,64296.62,13.75149,2026-08-18 12:10:00+00:00
1787055300000,64296.62,64296.63,64284.92,64296.01,15.35534,2026-08-18 12:15:00+00:00
1787055600000,64296.01,64330.06,64296.0,64298.0,17.02586,2026-08-18 12:20:00+00:00
1787055900000,64298.01,64298.01,64298.0,64298.01,5.16087,2026-08-18 12:25:00+00:00
1787056200000,64298.01,64305.55,64262.12,64303.82,56.68573,2026-08-18 12:30:00+00:00
1787056500000,64303.82,64303.83,64256.0,64260.14,26.29917,2026-08-18 12:35:00+00:00
1787056800000,64260.15,64262.22,64254.0,64254.01,10.52803,2026-08-18 12:40:00+00:00
1787057100000,64254.0,64254.0,64240.0,64242.06,11.59611,2026-08-18 12:45:00+00:00
1787057400000,64242.07,64251.0,64242.07,64242.19,16.9853,2026-08-18 12:50:00+00:00
1787057700000,64242.19,64242.2,64218.45,64230.02,24.45286,2026-08-18 12:55:00+00:00
1787058000000,64230.02,64230.02,64166.54,64184.35,30.28876,2026-08-18 13:00:00+00:00
1787058300000,64184.35,64189.27,64174.98,64174.98,19.34529,2026-08-18 13:05:00+00:00
1787058600000,64174.97,64200.0,64164.84,64196.01,30.00523,2026-08-18 13:10:00+00:00
1787058900000,64196.02,64196.02,64134.21,64134.22,31.1906,2026-08-18 13:15:00+00:00
1787059200000,64134.21,64134.22,64081.0,64103.59,71.29318,2026-08-18 13:20:00+00:00
1787059500000,64103.58,64109.97,64061.96,64073.72,76.0391,2026-08-18 13:25:00+00:00
1787059800000,64073.72,64160.0,64048.7,64097.99,299.68102,2026-08-18 13:30:00+00:00
1787060100000,64098.0,64234.44,64027.85,64234.44,112.11215,2026-08-18 13:35:00+00:00
1787060400000,64234.45,64250.03,64175.11,64192.82,249.0304,2026-08-18 13:40:00+00:00
1787060700000,64192.81,64276.0,64168.0,64235.63,151.0876,2026-08-18 13:45:00+00:00
1787061000000,64235.63,64284.0,64140.25,64140.25,68.94059,2026-08-18 13:50:00+00:00
1787061300000,64140.25,64224.0,64124.39,64219.99,40.77333,2026-08-18 13:55:00+00:00
1787061600000,64219.99,64372.0,64219.99,64371.99,64.59571,2026-08-18 14:00:00+00:00
1787061900000,64371.99,64379.3,64300.0,64300.0,61.17301,2026-08-18 14:05:00+00:00
1787062200000,64300.01,64305.87,64248.0,64261.76,33.02515,2026-08-18 14:10:00+00:00
1787062500000,64261.76,64483.33,64259.62,64464.01,75.52666,2026-08-18 14:15:00+00:00
1787062800000,64464.01,64742.0,64464.0,64727.15,306.46279,2026-08-18 14:20:00+00:00
1787063100000,64727.16,65052.39,64727.15,64995.07,531.33683,2026-08-18 14:25:00+00:00
1787063400000,64995.08,65058.81,64784.06,64814.0,325.64734,2026-08-18 14:30:00+00:00
1787063700000,64814.0,64849.74,64780.0,64780.0,78.77189,2026-08-18 14:35:00+00:00
1787064000000,64780.0,64827.79,64740.0,64786.0,74.70793,2026-08-18 14:40:00+00:00
1787064300000,64786.01,64806.47,64751.08,64806.47,57.40968,2026-08-18 14:45:00+00:00
1787064600000,64806.47,64846.83,64668.92,64748.01,91.84375,2026-08-18 14:50:00+00:00
1787064900000,64748.0,64764.0,64711.94,64714.16,56.81385,2026-08-18 14:55:00+00:00
1787065200000,64714.16,64790.99,64714.15,64790.98,42.24347,2026-08-18 15:00:00+00:00
1787065500000,64790.99,64808.0,64684.0,64684.22,50.59662,2026-08-18 15:05:00+00:00
1787065800000,64684.22,64757.82,64652.0,64743.78,45.9276,2026-08-18 15:10:00+00:00
1787066100000,64743.79,64804.0,64722.0,64766.42,32.12094,2026-08-18 15:15:00+00:00
1787066400000,64766.42,64782.14,64728.63,64765.99,50.48355,2026-08-18 15:20:00+00:00
1787066700000,64766.0,64837.45,64752.17,64807.43,46.00698,2026-08-18 15:25:00+00:00
1787067000000,64807.43,64868.0,64798.26,64868.0,39.82406,2026-08-18 15:30:00+00:00
1787067300000,64868.0,64875.02,64814.57,64842.9,38.29194,2026-08-18 15:35:00+00:00
1787067600000,64842.91,64857.01,64808.8,64820.36,48.84291,2026-08-18 15:40:00+00:00
1787067900000,64820.37,64888.0,64800.1,64834.81,40.44027,2026-08-18 15:45:00+00:00
1787068200000,64834.81,64870.0,64811.53,64858.85,40.05412,2026-08-18 15:50:00+00:00
1787068500000,64858.86,64867.35,64844.88,64855.06,38.34217,2026-08-18 15:55:00+00:00
1787068800000,64855.06,64891.81,64850.0,64857.99,46.60882,2026-08-18 16:00:00+00:00
1787069100000,64858.0,64877.62,64782.01,64786.58,30.57614,2026-08-18 16:05:00+00:00
1787069400000,64786.58,64786.58,64744.0,64750.0,24.00327,2026-08-18 16:10:00+00:00
1787069700000,64750.01,64750.26,64713.9,64739.44,27.35002,2026-08-18 16:15:00+00:00
1787070000000,64739.92,64745.61,64726.0,64726.0,13.42086,2026-08-18 16:20:00+00:00
1787070300000,64726.01,64734.58,64696.83,64704.0,27.5933,2026-08-18 16:25:00+00:00
1787070600000,64704.0,64744.34,64675.5,64744.33,42.98386,2026-08-18 16:30:00+00:00
1787070900000,64744.34,64796.92,64743.84,64789.21,24.93947,2026-08-18 16:35:00+00:00
1787071200000,64789.2,64818.0,64779.99,64781.04,65.81015,2026-08-18 16:40:00+00:00
1787071500000,64781.03,64870.89,64780.33,64810.0,45.50855,2026-08-18 16:45:00+00:00
1787071800000,64810.0,64830.14,64800.0,64820.0,35.18071,2026-08-18 16:50:00+00:00
1787072100000,64820.01,64840.01,64801.88,64840.0,35.09574,2026-08-18 16:55:00+00:00
1787072400000,64840.0,64840.01,64772.79,64810.65,77.91262,2026-08-18 17:00:00+00:00
1787072700000,64810.65,64810.66,64770.2,64781.66,27.71948,2026-08-18 17:05:00+00:00
1787073000000,64781.66,64798.83,64774.6,64798.82,15.07697,2026-08-18 17:10:00+00:00
1787073300000,64798.83,64798.83,64751.93,64787.5,48.97563,2026-08-18 17:15:00+00:00
1787073600000,64787.5,64814.0,64787.26,64802.34,23.28388,2026-08-18 17:20:00+00:00
1787073900000,64802.35,64822.33,64797.11,64822.33,28.9447,2026-08-18 17:25:00+00:00
1787074200000,64822.32,64825.99,64785.9,64785.9,32.67032,2026-08-18 17:30:00+00:00
1787074500000,64785.9,64785.9,64716.85,64766.0,54.36487,2026-08-18 17:35:00+00:00
1787074800000,64765.99,64766.0,64714.0,64725.4,36.31363,2026-08-18 17:40:00+00:00
1787075100000,64725.4,64728.55,64698.02,64698.03,17.74404,2026-08-18 17:45:00+00:00
1787075400000,64698.03,64712.47,64687.68,64708.07,21.85785,2026-08-18 17:50:00+00:00
1787075700000,64708.07,64710.0,64670.02,64670.02,15.32378,2026-08-18 17:55:00+00:00
1787076000000,64670.02,64673.67,64656.0,64673.67,20.35475,2026-08-18 18:00:00+00:00
1787076300000,64673.67,64705.83,64673.66,64696.43,21.91762,2026-08-18 18:05:00+00:00
1787076600000,64696.43,64734.99,64696.42,64734.34,26.59563,2026-08-18 18:10:00+00:00
1787076900000,64734.34,64764.0,64727.99,64762.72,19.3117,2026-08-18 18:15:00+00:00
1787077200000,64762.72,64790.32,64759.88,64784.9,19.73544,2026-08-18 18:20:00+00:00
1787077500000,64784.9,64806.0,64781.3,64799.74,11.15193,2026-08-18 18:25:00+00:00
1787077800000,64799.75,64800.3,64773.72,64780.0,13.10749,2026-08-18 18:30:00+00:00
1787078100000,64780.0,64822.0,64780.0,64794.82,24.55825,2026-08-18 18:35:00+00:00
1787078400000,64794.83,64794.83,64760.0,64760.01,15.8478,2026-08-18 18:40:00+00:00
1787078700000,64760.0,64796.13,64753.52,64795.99,15.43441,2026-08-18 18:45:00+00:00
1787079000000,64796.0,64800.0,64778.0,64778.0,26.11019,2026-08-18 18:50:00+00:00
1787079300000,64778.01,64778.01,64764.24,64772.0,5.26439,2026-08-18 18:55:00+00:00
1787079600000,64771.99,64772.0,64749.5,64752.58,14.99334,2026-08-18 19:00:00+00:00
1787079900000,64752.59,64752.59,64716.0,64716.0,17.71784,2026-08-18 19:05:00+00:00
1787080200000,64716.01,64727.19,64716.0,64719.31,9.48471,2026-08-18 19:10:00+00:00
1787080500000,64719.31,64719.32,64705.89,64713.04,10.25687,2026-08-18 19:15:00+00:00
1787080800000,64713.05,64733.44,64713.04,64733.43,9.60463,2026-08-18 19:20:00+00:00
1787081100000,64733.44,64796.0,64733.43,64779.62,15.6088,2026-08-18 19:25:00+00:00
1787081400000,64779.62,64779.63,64741.36,64741.37,19.12145,2026-08-18 19:30:00+00:00
1787081700000,64741.37,64741.37,64717.46,64717.46,12.37726,2026-08-18 19:35:00+00:00
1787082000000,64717.46,64717.47,64676.0,64676.0,15.55862,2026-08-18 19:40:00+00:00
1787082300000,64676.0,64683.41,64661.66,64668.41,13.24555,2026-08-18 19:45:00+00:00
1787082600000,64668.41,64683.41,64665.85,64665.86,11.48094,2026-08-18 19:50:00+00:00
1787082900000,64665.86,64665.86,64642.36,64643.26,35.64853,2026-08-18 19:55:00+00:00
1787083200000,64643.27,64654.87,64600.0,64600.0,29.36158,2026-08-18 20:00:00+00:00
1787083500000,64600.01,64643.48,64592.0,64643.48,16.16093,2026-08-18 20:05:00+00:00
1787083800000,64643.48,64653.35,64634.78,64653.35,7.47337,2026-08-18 20:10:00+00:00
1787084100000,64653.35,64653.35,64637.47,64637.47,8.41793,2026-08-18 20:15:00+00:00
1787084400000,64637.48,64637.48,64616.94,64632.27,16.96351,2026-08-18 20:20:00+00:00
1787084700000,64632.26,64632.27,64614.1,64614.1,8.64683,2026-08-18 20:25:00+00:00
1787085000000,64614.11,64647.99,64601.05,64638.0,18.50219,2026-08-18 20:30:00+00:00
1787085300000,64638.0,64638.01,64627.23,64635.76,6.30841,2026-08-18 20:35:00+00:00
1787085600000,64635.77,64635.77,64611.04,64611.04,7.68517,2026-08-18 20:40:00+00:00
1787085900000,64611.04,64617.64,64584.0,64584.0,29.88538,2026-08-18 20:45:00+00:00
1787086200000,64584.0,64600.0,64568.0,64599.99,27.90142,2026-08-18 20:50:00+00:00
1787086500000,64600.0,64610.0,64582.38,64582.39,14.61409,2026-08-18 20:55:00+00:00
1787086800000,64582.38,64604.0,64582.38,64603.99,10.8717,2026-08-18 21:00:00+00:00
1787087100000,64604.0,64629.49,64603.99,64629.49,4.98538,2026-08-18 21:05:00+00:00
1787087400000,64629.48,64653.97,64624.37,64624.38,16.89364,2026-08-18 21:10:00+00:00
1787087700000,64624.38,64624.38,64607.68,64607.68,37.93542,2026-08-18 21:15:00+00:00
1787088000000,64607.69,64612.0,64607.68,64612.0,5.30592,2026-08-18 21:20:00+00:00
1787088300000,64612.0,64624.38,64612.0,64624.38,9.89894,2026-08-18 21:25:00+00:00
1787088600000,64624.38,64624.38,64605.18,64605.18,17.98073,2026-08-18 21:30:00+00:00
1787088900000,64605.19,64605.19,64579.12,64589.78,12.80545,2026-08-18 21:35:00+00:00
1787089200000,64589.79,64603.79,64571.48,64583.37,25.74848,2026-08-18 21:40:00+00:00
1787089500000,64583.37,64610.54,64577.32,64609.99,17.35635,2026-08-18 21:45:00+00:00
1787089800000,64609.99,64612.46,64593.73,64599.35,14.50692,2026-08-18 21:50:00+00:00
1787090100000,64599.35,64604.59,64581.96,64604.58,13.38332,2026-08-18 21:55:00+00:00
1787090400000,64604.58,64604.59,64576.0,64591.63,15.54113,2026-08-18 22:00:00+00:00
1787090700000,64591.63,64591.63,64568.77,64590.31,11.3749,2026-08-18 22:05:00+00:00
1787091000000,64590.31,64608.0,64571.95,64571.96,17.51631,2026-08-18 22:10:00+00:00
1787091300000,64571.96,64583.12,64568.0,64583.11,8.72297,2026-08-18 22:15:00+00:00
1787091600000,64583.12,64604.0,64583.11,64583.11,7.64953,2026-08-18 22:20:00+00:00
1787091900000,64583.11,64592.14,64562.25,64592.13,26.55629,2026-08-18 22:25:00+00:00
1787092200000,64592.14,64610.0,64592.13,64610.0,10.08295,2026-08-18 22:30:00+00:00
1787092500000,64610.0,64648.0,64608.6,64648.0,30.25588,2026-08-18 22:35:00+00:00
1787092800000,64648.0,64648.0,64637.69,64637.69,12.40459,2026-08-18 22:40:00+00:00
1787093100000,64637.7,64637.7,64623.96,64623.96,12.74292,2026-08-18 22:45:00+00:00
1787093400000,64623.96,64623.97,64611.7,64611.7,16.97628,2026-08-18 22:50:00+00:00
1787093700000,64611.7,64634.0,64601.8,64634.0,30.27047,2026-08-18 22:55:00+00:00
1787094000000,64634.0,64685.0,64631.15,64680.34,48.22823,2026-08-18 23:00:00+00:00
1787094300000,64680.33,64710.75,64669.92,64669.92,28.17745,2026-08-18 23:05:00+00:00
1787094600000,64669.93,64699.55,64669.93,64696.25,8.29731,2026-08-18 23:10:00+00:00
1787094900000,64696.25,64711.29,64696.24,64702.98,7.74571,2026-08-18 23:15:00+00:00
1787095200000,64702.98,64728.27,64702.98,64728.27,10.89627,2026-08-18 23:20:00+00:00
1787095500000,64728.34,64732.0,64722.74,64722.81,8.60883,2026-08-18 23:25:00+00:00
1787095800000,64722.81,64750.0,64722.8,64750.0,18.65818,2026-08-18 23:30:00+00:00
1787096100000,64750.0,64754.61,64749.99,64753.53,8.84208,2026-08-18 23:35:00+00:00
1787096400000,64753.53,64775.43,64753.53,64773.35,15.0814,2026-08-18 23:40:00+00:00
1787096700000,64773.34,64780.0,64742.4,64753.39,38.23455,2026-08-18 23:45:00+00:00
1787097000000,64753.4,64758.72,64735.04,64742.03,14.1706,2026-08-18 23:50:00+00:00
1787097300000,64742.04,64742.04,64725.41,64725.42,6.91819,2026-08-18 23:55:00+00:00
1787097600000,64725.42,64736.27,64632.0,64632.0,42.555,2026-08-19 00:00:00+00:00
1787097900000,64632.0,64650.76,64602.0,64637.42,26.32843,2026-08-19 00:05:00+00:00
1787098200000,64637.41,64637.42,64582.97,64582.97,13.5365,2026-08-19 00:10:00+00:00
1787098500000,64582.97,64590.0,64548.0,64587.6,24.69578,2026-08-19 00:15:00+00:00
1787098800000,64587.6,64668.0,64587.6,64612.0,28.00751,2026-08-19 00:20:00+00:00
1787099100000,64612.0,64612.01,64580.0,64603.79,10.52761,2026-08-19 00:25:00+00:00
1787099400000,64603.79,64654.1,64603.79,64643.83,11.35038,2026-08-19 00:30:00+00:00
1787099700000,64643.82,64654.0,64630.17,64641.0,11.32569,2026-08-19 00:35:00+00:00
1787100000000,64641.0,64641.0,64549.0,64563.1,18.85917,2026-08-19 00:40:00+00:00
1787100300000,64563.1,64581.41,64550.0,64570.03,10.86214,2026-08-19 00:45:00+00:00
1787100600000,64570.03,64570.03,64511.0,64537.04,20.68706,2026-08-19 00:50:00+00:00
1787100900000,64537.04,64537.05,64488.0,64488.0,29.06991,2026-08-19 00:55:00+00:00
1787101200000,64488.0,64488.01,64440.0,64443.66,26.4651,2026-08-19 01:00:00+00:00
1787101500000,64443.66,64544.0,64436.0,64544.0,77.7327,2026-08-19 01:05:00+00:00
1787101800000,64543.99,64551.47,64496.0,64530.0,25.67497,2026-08-19 01:10:00+00:00
1787102100000,64530.0,64530.0,64463.05,64507.37,13.94861,2026-08-19 01:15:00+00:00
1787102400000,64507.38,64530.0,64485.05,64485.05,37.35559,2026-08-19 01:20:00+00:00
1787102700000,64485.06,64522.81,64450.0,64487.16,22.4469,2026-08-19 01:25:00+00:00
1787103000000,64487.16,64490.0,64454.32,64472.01,11.21633,2026-08-19 01:30:00+00:00
1787103300000,64472.01,64472.01,64456.05,64460.44,13.54839,2026-08-19 01:35:00+00:00
1787103600000,64460.45,64460.45,64396.0,64415.72,32.83534,2026-08-19 01:40:00+00:00
1787103900000,64415.71,64415.75,64389.27,64411.52,18.10569,2026-08-19 01:45:00+00:00
1787104200000,64411.52,64430.0,64404.48,64427.05,11.44136,2026-08-19 01:50:00+00:00
1787104500000,64427.05,64440.56,64392.0,64400.48,23.51042,2026-08-19 01:55:00+00:00
1787104800000,64400.47,64400.47,64366.99,64367.0,31.13582,2026-08-19 02:00:00+00:00
1787105100000,64366.99,64380.0,64360.0,64361.03,11.72281,2026-08-19 02:05:00+00:00
1787105400000,64361.03,64413.01,64360.0,64405.44,153.35934,2026-08-19 02:10:00+00:00
1787105700000,64405.44,64405.44,64360.71,64360.98,23.57552,2026-08-19 02:15:00+00:00
1787106000000,64360.98,64397.04,64350.0,64392.5,35.84399,2026-08-19 02:20:00+00:00
1787106300000,64392.39,64413.86,64384.57,64389.71,100.13005,2026-08-19 02:25:00+00:00
1787106600000,64389.71,64401.1,64373.92,64373.92,20.69572,2026-08-19 02:30:00+00:00
1787106900000,64373.92,64408.04,64373.92,64407.5,25.73443,2026-08-19 02:35:00+00:00
1787107200000,64407.5,64407.5,64384.51,64385.51,23.80625,2026-08-19 02:40:00+00:00
1787107500000,64385.51,64414.65,64370.8,64370.81,94.7934,2026-08-19 02:45:00+00:00
1787107800000,64370.81,64370.81,64350.28,64350.29,6.05571,2026-08-19 02:50:00+00:00
1787108100000,64350.28,64366.0,64350.28,64351.9,21.0853,2026-08-19 02:55:00+00:00
1787108400000,64351.86,64357.55,64341.36,64350.0,17.76272,2026-08-19 03:00:00+00:00
1787108700000,64350.0,64350.0,64284.3,64287.39,31.34498,2026-08-19 03:05:00+00:00
1787109000000,64287.4,64348.65,64278.0,64348.65,46.11423,2026-08-19 03:10:00+00:00
1787109300000,64348.64,64404.0,64348.64,64403.42,51.44195,2026-08-19 03:15:00+00:00
1787109600000,64403.43,64414.0,64366.6,64366.6,20.12118,2026-08-19 03:20:00+00:00
1787109900000,64366.61,64372.0,64360.0,64361.78,10.43652,2026-08-19 03:25:00+00:00
1787110200000,64361.77,64361.78,64341.1,64341.11,12.68447,2026-08-19 03:30:00+00:00
1787110500000,64341.1,64358.95,64330.1,64331.49,15.5077,2026-08-19 03:35:00+00:00
1787110800000,64331.49,64347.96,64331.48,64339.19,12.77441,2026-08-19 03:40:00+00:00
1787111100000,64339.18,64357.01,64335.29,64356.03,15.02894,2026-08-19 03:45:00+00:00
1787111400000,64356.02,64370.36,64338.0,64338.0,12.59389,2026-08-19 03:50:00+00:00
1787111700000,64338.0,64338.0,64330.0,64330.71,12.89346,2026-08-19 03:55:00+00:00
1787112000000,64330.7,64330.7,64298.0,64302.13,15.45765,2026-08-19 04:00:00+00:00
1787112300000,64302.13,64303.76,64293.43,64295.49,15.70383,2026-08-19 04:05:00+00:00
1787112600000,64295.49,64322.0,64295.49,64314.55,14.68775,2026-08-19 04:10:00+00:00
1787112900000,64314.56,64357.99,64314.55,64357.99,11.79147,2026-08-19 04:15:00+00:00
1787113200000,64358.0,64391.8,64358.0,64371.42,18.06622,2026-08-19 04:20:00+00:00
1787113500000,64371.42,64371.43,64359.27,64359.27,9.56866,2026-08-19 04:25:00+00:00
1787113800000,64359.28,64359.28,64330.69,64352.5,17.81338,2026-08-19 04:30:00+00:00
1787114100000,64352.51,64367.84,64349.23,64349.24,9.96809,2026-08-19 04:35:00+00:00
1787114400000,64349.24,64376.29,64340.19,64350.0,250.59901,2026-08-19 04:40:00+00:00
1787114700000,64349.99,64371.97,64349.99,64351.44,11.03486,2026-08-19 04:45:00+00:00
1787115000000,64351.44,64351.44,64326.54,64326.55,13.5324,2026-08-19 04:50:00+00:00
1787115300000,64326.54,64326.55,64307.92,64316.22,13.846,2026-08-19 04:55:00+00:00
1787115600000,64316.22,64352.0,64316.21,64352.0,17.23875,2026-08-19 05:00:00+00:00
1787115900000,64352.0,64381.65,64351.77,64381.64,31.58191,2026-08-19 05:05:00+00:00
1787116200000,64381.64,64409.93,64381.64,64406.13,38.78695,2026-08-19 05:10:00+00:00
1787116500000,64406.13,64406.14,64344.33,64344.34,29.37758,2026-08-19 05:15:00+00:00
1787116800000,64344.34,64349.31,64316.0,64328.77,16.69594,2026-08-19 05:20:00+00:00
1787117100000,64328.76,64362.0,64328.76,64360.6,14.0213,2026-08-19 05:25:00+00:00
1787117400000,64360.6,64360.6,64348.33,64348.34,5.86165,2026-08-19 05:30:00+00:00
1787117700000,64348.34,64348.34,64329.84,64329.84,12.01251,2026-08-19 05:35:00+00:00
1787118000000,64329.84,64338.0,64316.12,64316.13,23.96479,2026-08-19 05:40:00+00:00
1787118300000,64316.13,64317.16,64302.58,64302.59,11.81242,2026-08-19 05:45:00+00:00
1787118600000,64302.58,64306.0,64260.0,64260.06,31.29452,2026-08-19 05:50:00+00:00
1787118900000,64260.06,64260.06,64236.0,64236.01,25.66886,2026-08-19 05:55:00+00:00
1787119200000,64236.01,64249.04,64205.0,64214.11,30.60235,2026-08-19 06:00:00+00:00
1787119500000,64214.12,64222.63,64180.0,64180.0,18.50791,2026-08-19 06:05:00+00:00
1787119800000,64180.01,64180.01,64166.0,64176.59,28.47679,2026-08-19 06:10:00+00:00
1787120100000,64176.58,64243.0,64176.58,64242.99,29.86951,2026-08-19 06:15:00+00:00
1787120400000,64243.0,64303.46,64243.0,64303.45,29.77741,2026-08-19 06:20:00+00:00
1787120700000,64303.45,64303.46,64277.52,64277.52,22.36603,2026-08-19 06:25:00+00:00
1787121000000,64277.53,64284.4,64261.99,64274.25,73.89968,2026-08-19 06:30:00+00:00
1787121300000,64274.25,64293.8,64274.25,64293.8,10.693,2026-08-19 06:35:00+00:00
1787121600000,64293.79,64293.79,64269.99,64270.0,54.45551,2026-08-19 06:40:00+00:00
1787121900000,64270.0,64337.93,64259.99,64317.87,187.9253,2026-08-19 06:45:00+00:00
1787122200000,64317.87,64326.0,64287.38,64325.99,16.22838,2026-08-19 06:50:00+00:00
1787122500000,64325.99,64344.0,64319.77,64339.8,28.59321,2026-08-19 06:55:00+00:00
1787122800000,64339.8,64347.38,64288.0,64288.01,25.1518,2026-08-19 07:00:00+00:00
1787123100000,64288.0,64299.98,64271.78,64299.97,44.71962,2026-08-19 07:05:00+00:00
1787123400000,64299.97,64394.74,64296.88,64363.57,312.9113,2026-08-19 07:10:00+00:00
1787123700000,64363.57,64363.57,64306.73,64312.96,21.34854,2026-08-19 07:15:00+00:00
1787124000000,64312.95,64346.0,64312.95,64346.0,34.32957,2026-08-19 07:20:00+00:00
1787124300000,64345.99,64366.0,64337.83,64342.58,70.28209,2026-08-19 07:25:00+00:00
1787124600000,64342.59,64380.03,64340.0,64380.03,29.40165,2026-08-19 07:30:00+00:00
1787124900000,64380.02,64388.0,64380.02,64382.7,13.50088,2026-08-19 07:35:00+00:00
1787125200000,64382.7,64395.78,64364.31,64364.31,30.09592,2026-08-19 07:40:00+00:00
1787125500000,64364.31,64374.0,64353.28,64359.67,13.17292,2026-08-19 07:45:00+00:00
1787125800000,64359.67,64359.68,64326.24,64326.25,20.48298,2026-08-19 07:50:00+00:00
1787126100000,64326.25,64326.25,64296.0,64296.0,15.26659,2026-08-19 07:55:00+00:00
1787126400000,64296.01,64307.64,64293.09,64307.64,26.15664,2026-08-19 08:00:00+00:00
1787126700000,64307.63,64325.93,64293.09,64293.1,23.01271,2026-08-19 08:05:00+00:00
1787127000000,64293.09,64293.1,64262.0,64262.0,72.38183,2026-08-19 08:10:00+00:00
1787127300000,64262.01,64287.29,64255.0,64287.29,14.96821,2026-08-19 08:15:00+00:00
1787127600000,64287.28,64287.29,64272.93,64272.93,17.78329,2026-08-19 08:20:00+00:00
1787127900000,64272.94,64288.0,64272.92,64288.0,33.90402,2026-08-19 08:25:00+00:00
1787128200000,64288.0,64375.97,64287.99,64375.97,32.23816,2026-08-19 08:30:00+00:00
1787128500000,64375.96,64510.95,64375.96,64446.83,66.28074,2026-08-19 08:35:00+00:00
1787128800000,64446.82,64465.29,64435.36,64450.12,34.68246,2026-08-19 08:40:00+00:00
1787129100000,64450.12,64473.58,64450.12,64459.0,17.15467,2026-08-19 08:45:00+00:00
1787129400000,64459.0,64470.0,64450.0,64450.01,22.11561,2026-08-19 08:50:00+00:00
1787129700000,64450.0,64450.01,64413.95,64413.95,20.5533,2026-08-19 08:55:00+00:00
1787130000000,64413.95,64468.97,64413.35,64468.97,59.85037,2026-08-19 09:00:00+00:00
1787130300000,64469.03,64470.66,64402.07,64402.07,20.2202,2026-08-19 09:05:00+00:00
1787130600000,64402.08,64433.33,64391.64,64391.64,19.41203,2026-08-19 09:10:00+00:00
1787130900000,64391.64,64416.0,64374.0,64416.0,19.01965,2026-08-19 09:15:00+00:00
1787131200000,64415.99,64416.0,64398.45,64398.45,16.92501,2026-08-19 09:20:00+00:00
1787131500000,64398.45,64398.45,64382.33,64382.99,16.71086,2026-08-19 09:25:00+00:00
1787131800000,64383.0,64395.61,64382.99,64395.6,5.85022,2026-08-19 09:30:00+00:00
1787132100000,64395.6,64395.61,64383.05,64383.06,15.77666,2026-08-19 09:35:00+00:00
1787132400000,64383.06,64383.06,64360.7,64365.09,27.2926,2026-08-19 09:40:00+00:00
1787132700000,64365.1,64379.16,64365.09,64379.16,7.21304,2026-08-19 09:45:00+00:00
1787133000000,64379.16,64410.0,64379.15,64410.0,8.79581,2026-08-19 09:50:00+00:00
1787133300000,64410.0,64427.07,64410.0,64427.06,11.12865,2026-08-19 09:55:00+00:00
1787133600000,64427.07,64427.07,64410.24,64410.24,12.4501,2026-08-19 10:00:00+00:00
1787133900000,64410.24,64410.24,64393.52,64393.53,11.50039,2026-08-19 10:05:00+00:00
1787134200000,64393.52,64393.52,64377.51,64389.96,17.28479,2026-08-19 10:10:00+00:00
1787134500000,64389.96,64389.96,64389.95,64389.95,6.85155,2026-08-19 10:15:00+00:00
1787134800000,64389.95,64398.07,64381.41,64381.42,15.18722,2026-08-19 10:20:00+00:00
1787135100000,64381.42,64397.03,64373.24,64397.02,13.18083,2026-08-19 10:25:00+00:00
1787135400000,64397.02,64404.0,64381.25,64403.99,21.27318,2026-08-19 10:30:00+00:00
1787135700000,64404.0,64422.17,64403.99,64422.01,71.18062,2026-08-19 10:35:00+00:00
1787136000000,64422.01,64422.01,64401.38,64409.75,30.17133,2026-08-19 10:40:00+00:00
1787136300000,64409.75,64414.95,64403.03,64404.61,19.34903,2026-08-19 10:45:00+00:00
1787136600000,64404.6,64417.53,64397.9,64408.62,18.9534,2026-08-19 10:50:00+00:00
1787136900000,64408.62,64456.71,64408.62,64456.71,25.46627,2026-08-19 10:55:00+00:00
1787137200000,64456.71,64499.93,64454.99,64499.93,27.88862,2026-08-19 11:00:00+00:00
1787137500000,64499.93,64539.05,64489.23,64509.93,45.71616,2026-08-19 11:05:00+00:00
1787137800000,64509.92,64521.06,64482.96,64506.88,34.49843,2026-08-19 11:10:00+00:00
1787138100000,64506.87,64511.66,64480.35,64511.65,39.5186,2026-08-19 11:15:00+00:00
1787138400000,64511.65,64526.71,64499.13,64526.71,14.54152,2026-08-19 11:20:00+00:00
1787138700000,64526.7,64526.71,64506.78,64506.78,12.65688,2026-08-19 11:25:00+00:00
1787139000000,64506.78,64523.86,64504.2,64507.56,9.6185,2026-08-19 11:30:00+00:00
1787139300000,64507.55,64516.07,64494.99,64500.85,13.10476,2026-08-19 11:35:00+00:00
1787139600000,64500.86,64500.86,64461.54,64471.2,31.04172,2026-08-19 11:40:00+00:00
1787139900000,64471.2,64500.0,64471.19,64500.0,13.07956,2026-08-19 11:45:00+00:00
1787140200000,64500.0,64527.23,64474.03,64508.84,35.31904,2026-08-19 11:50:00+00:00
1787140500000,64508.84,64515.63,64503.0,64515.63,9.03849,2026-08-19 11:55:00+00:00
1787140800000,64515.62,64515.63,64483.46,64483.47,22.03626,2026-08-19 12:00:00+00:00
1787141100000,64483.46,64515.26,64474.86,64503.55,13.3417,2026-08-19 12:05:00+00:00
1787141400000,64503.56,64505.85,64487.72,64505.8,6.22771,2026-08-19 12:10:00+00:00
1787141700000,64505.81,64505.81,64490.02,64501.25,12.88168,2026-08-19 12:15:00+00:00
1787142000000,64501.25,64501.26,64488.63,64499.06,7.64659,2026-08-19 12:20:00+00:00
1787142300000,64499.07,64499.07,64493.47,64493.52,4.79672,2026-08-19 12:25:00+00:00
1787142600000,64493.53,64662.93,64481.59,64662.8,105.92333,2026-08-19 12:30:00+00:00
1787142900000,64662.8,64759.52,64591.75,64723.98,182.20962,2026-08-19 12:35:00+00:00
1787143200000,64723.98,64947.49,64707.59,64943.45,140.94978,2026-08-19 12:40:00+00:00
1787143500000,64943.42,64984.57,64908.54,64984.57,160.82153,2026-08-19 12:45:00+00:00
1787143800000,64984.56,64988.0,64826.35,64837.73,82.3201,2026-08-19 12:50:00+00:00
1787144100000,64837.72,64890.96,64837.72,64882.15,45.94349,2026-08-19 12:55:00+00:00
1787144400000,64882.15,64888.32,64793.29,64800.96,49.24262,2026-08-19 13:00:00+00:00
1787144700000,64800.96,64878.54,64793.29,64869.77,34.19315,2026-08-19 13:05:00+00:00
1787145000000,64869.77,64990.1,64869.77,64920.53,140.17986,2026-08-19 13:10:00+00:00
1787145300000,64920.54,64973.52,64918.43,64963.02,61.90041,2026-08-19 13:15:00+00:00
1787145600000,64963.02,65009.18,64963.02,64989.84,92.16778,2026-08-19 13:20:00+00:00
1787145900000,64989.83,65035.8,64930.0,65005.36,71.16458,2026-08-19 13:25:00+00:00
1787146200000,65005.37,65217.86,64969.31,65056.0,427.86355,2026-08-19 13:30:00+00:00
1787146500000,65056.0,65088.83,64825.22,64829.33,172.76912,2026-08-19 13:35:00+00:00
1787146800000,64829.33,65100.0,64808.0,65044.01,127.8645,2026-08-19 13:40:00+00:00
1787147100000,65044.01,65180.0,65001.67,65061.79,238.53324,2026-08-19 13:45:00+00:00
1787147400000,65061.79,65119.49,64988.0,65003.99,94.13948,2026-08-19 13:50:00+00:00
1787147700000,65004.0,65072.51,64986.22,65012.12,109.44898,2026-08-19 13:55:00+00:00
1787148000000,65012.12,65146.26,65012.11,65140.33,109.85652,2026-08-19 14:00:00+00:00
1787148300000,65140.34,65382.34,65130.36,65382.34,250.51258,2026-08-19 14:05:00+00:00
1787148600000,65382.34,65440.0,65308.0,65407.43,267.83762,2026-08-19 14:10:00+00:00
1787148900000,65407.43,65473.0,65322.17,65440.0,181.13972,2026-08-19 14:15:00+00:00
1787149200000,65440.01,65456.95,65325.42,65426.0,90.55114,2026-08-19 14:20:00+00:00
1787149500000,65426.0,65442.81,65328.02,65410.89,136.60845,2026-08-19 14:25:00+00:00
1787149800000,65410.89,65422.0,65350.0,65359.4,86.16816,2026-08-19 14:30:00+00:00
1787150100000,65359.41,65505.48,65359.4,65490.0,245.54989,2026-08-19 14:35:00+00:00
1787150400000,65490.01,65500.28,65411.33,65456.96,91.09849,2026-08-19 14:40:00+00:00
1787150700000,65456.97,65541.83,65446.0,65526.89,121.72499,2026-08-19 14:45:00+00:00
1787151000000,65526.89,65766.0,65526.89,65766.0,377.64341,2026-08-19 14:50:00+00:00
1787151300000,65765.99,65970.0,65753.15,65923.21,406.87696,2026-08-19 14:55:00+00:00
1787151600000,65923.21,66074.63,65892.0,66074.62,442.94939,2026-08-19 15:00:00+00:00
1787151900000,66074.62,66533.0,66074.62,66510.57,675.84856,2026-08-19 15:05:00+00:00
1787152200000,66510.56,66799.66,66458.0,66654.0,409.25634,2026-08-19 15:10:00+00:00
1787152500000,66654.0,66844.99,66583.22,66674.66,318.14438,2026-08-19 15:15:00+00:00
1787152800000,66674.67,67251.69,66668.01,67206.43,740.91127,2026-08-19 15:20:00+00:00
1787153100000,67206.43,69500.0,67086.12,68291.89,2974.59103,2026-08-19 15:25:00+00:00
1787153400000,68292.16,68500.0,67718.27,68492.15,1513.67152,2026-08-19 15:30:00+00:00
1787153700000,68492.16,68790.75,68209.06,68655.66,640.32541,2026-08-19 15:35:00+00:00
1787154000000,68655.66,68865.82,68536.96,68679.98,446.26757,2026-08-19 15:40:00+00:00
1787154300000,68679.62,68686.34,68374.0,68486.39,480.35841,2026-08-19 15:45:00+00:00
1787154600000,68486.39,68640.01,68238.0,68238.0,360.85885,2026-08-19 15:50:00+00:00
1787154900000,68237.95,68597.52,68234.19,68554.0,259.68692,2026-08-19 15:55:00+00:00
1787155200000,68554.0,68760.0,68525.45,68711.8,323.69403,2026-08-19 16:00:00+00:00
1787155500000,68711.81,68997.0,68708.28,68755.96,229.14464,2026-08-19 16:05:00+00:00
1787155800000,68755.96,68755.96,68529.99,68565.53,131.61185,2026-08-19 16:10:00+00:00
1787156100000,68565.54,68748.49,68565.53,68719.45,146.39304,2026-08-19 16:15:00+00:00
1787156400000,68719.46,68779.34,68591.52,68779.34,196.83261,2026-08-19 16:20:00+00:00
1787156700000,68779.33,68921.42,68768.99,68892.66,142.90247,2026-08-19 16:25:00+00:00
1787157000000,68892.66,68892.67,68714.28,68771.66,93.5996,2026-08-19 16:30:00+00:00
1787157300000,68771.66,68815.17,68673.14,68686.07,87.88942,2026-08-19 16:35:00+00:00
1787157600000,68686.07,68686.07,68551.16,68589.64,129.70535,2026-08-19 16:40:00+00:00
1787157900000,68589.64,68704.14,68566.8,68672.5,139.42053,2026-08-19 16:45:00+00:00
1787158200000,68672.5,68673.84,68566.34,68575.38,192.8355,2026-08-19 16:50:00+00:00
1787158500000,68575.38,68598.84,68416.36,68465.27,199.55614,2026-08-19 16:55:00+00:00
1787158800000,68465.26,68546.22,68288.75,68398.81,239.83855,2026-08-19 17:00:00+00:00
1787159100000,68398.82,68444.69,68226.69,68311.28,228.47659,2026-08-19 17:05:00+00:00
1787159400000,68311.27,68372.64,68224.0,68242.39,151.33201,2026-08-19 17:10:00+00:00
1787159700000,68242.38,68314.85,68019.74,68039.74,154.37486,2026-08-19 17:15:00+00:00
1787160000000,68039.74,68105.42,67930.62,67960.31,180.12319,2026-08-19 17:20:00+00:00
1787160300000,67960.31,68015.61,67836.01,68005.9,162.04736,2026-08-19 17:25:00+00:00
1787160600000,68005.91,68036.36,67825.03,67956.15,147.45858,2026-08-19 17:30:00+00:00
1787160900000,67956.0,68052.06,67949.18,68034.02,115.93152,2026-08-19 17:35:00+00:00
1787161200000,68034.02,68045.35,67997.59,68045.35,60.91325,2026-08-19 17:40:00+00:00
1787161500000,68045.35,68254.44,68044.78,68180.76,108.87157,2026-08-19 17:45:00+00:00
1787161800000,68180.76,68227.6,68170.0,68188.48,55.4204,2026-08-19 17:50:00+00:00
1787162100000,68188.48,68261.4,68188.48,68197.29,103.67697,2026-08-19 17:55:00+00:00
1787162400000,68197.3,68250.76,68158.82,68169.7,86.93379,2026-08-19 18:00:00+00:00
1787162700000,68169.71,68201.2,68052.0,68077.94,90.86573,2026-08-19 18:05:00+00:00
1787163000000,68077.93,68193.99,68042.0,68193.4,68.25074,2026-08-19 18:10:00+00:00
1787163300000,68193.4,68300.0,68177.96,68296.34,55.53865,2026-08-19 18:15:00+00:00
1787163600000,68296.34,68320.75,68254.0,68263.89,41.13004,2026-08-19 18:20:00+00:00
1787163900000,68263.88,68313.8,68260.85,68279.63,27.99221,2026-08-19 18:25:00+00:00
1787164200000,68279.63,68284.0,68225.29,68284.0,34.11297,2026-08-19 18:30:00+00:00
1787164500000,68283.99,68303.99,68236.0,68286.94,46.43661,2026-08-19 18:35:00+00:00
1787164800000,68286.95,68434.0,68286.94,68431.41,49.82553,2026-08-19 18:40:00+00:00
1787165100000,68431.42,68453.43,68389.11,68439.99,32.94855,2026-08-19 18:45:00+00:00
1787165400000,68439.98,68446.51,68352.25,68412.0,46.09981,2026-08-19 18:50:00+00:00
1787165700000,68412.0,68412.0,68322.0,68395.99,45.87825,2026-08-19 18:55:00+00:00
1787166000000,68396.0,68422.0,68360.0,68368.1,43.74175,2026-08-19 19:00:00+00:00
1787166300000,68368.1,68444.52,68358.52,68377.14,58.12443,2026-08-19 19:05:00+00:00
1787166600000,68376.97,68453.86,68103.71,68122.01,120.37517,2026-08-19 19:10:00+00:00
1787166900000,68122.01,68392.0,68122.0,68332.0,75.79408,2026-08-19 19:15:00+00:00
1787167200000,68332.01,68366.0,68242.0,68365.99,39.31838,2026-08-19 19:20:00+00:00
1787167500000,68365.99,68365.99,68144.0,68181.99,49.30269,2026-08-19 19:25:00+00:00
1787167800000,68181.99,68302.0,68130.0,68236.29,77.16547,2026-08-19 19:30:00+00:00
1787168100000,68236.29,68290.0,68207.79,68266.94,69.4178,2026-08-19 19:35:00+00:00
1787168400000,68266.93,68417.81,68262.29,68399.99,60.86817,2026-08-19 19:40:00+00:00
1787168700000,68399.99,68408.31,68369.03,68378.02,36.55854,2026-08-19 19:45:00+00:00
1787169000000,68378.02,68443.46,68367.33,68416.55,47.87003,2026-08-19 19:50:00+00:00
1787169300000,68416.56,68483.52,68390.01,68429.44,51.98745,2026-08-19 19:55:00+00:00
1787169600000,68429.44,68510.28,68390.0,68510.28,72.4934,2026-08-19 20:00:00+00:00
1787169900000,68510.28,68658.0,68479.72,68627.89,72.9629,2026-08-19 20:05:00+00:00
1787170200000,68627.9,68706.71,68597.67,68683.99,81.58885,2026-08-19 20:10:00+00:00
1787170500000,68683.99,68684.0,68556.0,68618.49,53.23713,2026-08-19 20:15:00+00:00
1787170800000,68618.5,68791.71,68594.0,68789.48,55.30432,2026-08-19 20:20:00+00:00
1787171100000,68789.49,68813.46,68673.72,68702.02,74.68641,2026-08-19 20:25:00+00:00
1787171400000,68702.01,68799.63,68690.0,68773.92,45.00109,2026-08-19 20:30:00+00:00
1787171700000,68773.92,68773.92,68647.1,68720.0,39.76809,2026-08-19 20:35:00+00:00
1787172000000,68720.01,68742.0,68655.31,68671.35,39.00527,2026-08-19 20:40:00+00:00
1787172300000,68671.35,68705.08,68624.0,68705.08,51.7763,2026-08-19 20:45:00+00:00
1787172600000,68705.08,69579.99,68692.0,69114.7,733.40549,2026-08-19 20:50:00+00:00
1787172900000,69114.71,69236.44,69020.34,69048.06,100.00624,2026-08-19 20:55:00+00:00
1787173200000,69048.06,69435.74,68984.78,69376.58,210.83664,2026-08-19 21:00:00+00:00
1787173500000,69376.58,69910.37,69251.2,69622.65,430.21503,2026-08-19 21:05:00+00:00
1787173800000,69622.38,69639.62,69155.74,69434.0,270.52815,2026-08-19 21:10:00+00:00
1787174100000,69433.99,69514.94,69266.0,69451.99,112.94974,2026-08-19 21:15:00+00:00
1787174400000,69451.99,69760.0,69442.86,69525.59,120.34779,2026-08-19 21:20:00+00:00
1787174700000,69525.59,69730.29,69522.0,69639.28,62.09669,2026-08-19 21:25:00+00:00
1787175000000,69639.28,69834.42,69574.0,69785.11,108.37384,2026-08-19 21:30:00+00:00
1787175300000,69785.11,69842.73,69443.58,69479.99,112.22278,2026-08-19 21:35:00+00:00
1787175600000,69480.0,69672.0,69384.0,69671.99,72.01922,2026-08-19 21:40:00+00:00
1787175900000,69672.0,70000.0,69500.0,69826.0,368.46324,2026-08-19 21:45:00+00:00
1787176200000,69826.0,69838.0,69716.0,69748.47,97.8353,2026-08-19 21:50:00+00:00
1787176500000,69748.48,69845.0,69636.0,69709.46,136.6382,2026-08-19 21:55:00+00:00
1787176800000,69709.47,69833.99,69515.52,69515.53,144.85329,2026-08-19 22:00:00+00:00
1787177100000,69515.53,69551.42,69341.64,69416.33,177.9877,2026-08-19 22:05:00+00:00
1787177400000,69416.34,69446.0,69304.35,69304.35,109.59323,2026-08-19 22:10:00+00:00
1787177700000,69304.35,69405.52,69282.0,69282.0,86.46823,2026-08-19 22:15:00+00:00
1787178000000,69282.01,69325.09,69211.26,69259.99,90.68298,2026-08-19 22:20:00+00:00
1787178300000,69259.99,69260.0,69143.7,69144.01,61.84215,2026-08-19 22:25:00+00:00
1787178600000,69144.0,69195.99,68980.0,69050.0,160.85213,2026-08-19 22:30:00+00:00
1787178900000,69050.0,69392.85,69022.0,69386.58,80.90695,2026-08-19 22:35:00+00:00
1787179200000,69386.58,69473.14,69302.0,69344.93,81.9938,2026-08-19 22:40:00+00:00
1787179500000,69344.92,69344.93,69105.75,69182.0,108.05665,2026-08-19 22:45:00+00:00
1787179800000,69182.0,69282.0,69115.73,69152.0,72.01428,2026-08-19 22:50:00+00:00
1787180100000,69152.0,69275.2,69142.01,69258.9,65.40505,2026-08-19 22:55:00+00:00
1787180400000,69258.9,69362.0,69213.39,69354.01,150.63361,2026-08-19 23:00:00+00:00
1787180700000,69354.01,69392.0,69307.31,69342.01,54.99652,2026-08-19 23:05:00+00:00
1787181000000,69342.01,69407.5,69316.0,69356.87,53.98362,2026-08-19 23:10:00+00:00
1787181300000,69356.87,69453.88,69352.56,69404.01,84.71115,2026-08-19 23:15:00+00:00
1787181600000,69404.01,69414.0,69300.0,69304.01,45.23373,2026-08-19 23:20:00+00:00
1787181900000,69304.01,69418.94,69270.0,69369.06,88.85478,2026-08-19 23:25:00+00:00
1787182200000,69369.07,69388.0,69250.86,69250.87,101.53595,2026-08-19 23:30:00+00:00
1787182500000,69250.86,69324.95,69239.54,69292.01,60.03494,2026-08-19 23:35:00+00:00
1787182800000,69292.0,69389.58,69275.95,69317.98,63.7911,2026-08-19 23:40:00+00:00
1787183100000,69317.99,69317.99,69180.67,69180.67,30.0208,2026-08-19 23:45:00+00:00
1787183400000,69180.68,69250.0,69160.0,69202.01,42.59357,2026-08-19 23:50:00+00:00
1787183700000,69202.0,69334.79,69195.44,69334.79,54.42867,2026-08-19 23:55:00+00:00
1787184000000,69334.78,69560.25,69314.01,69550.03,362.90822,2026-08-20 00:00:00+00:00
1787184300000,69550.03,69665.84,69502.71,69647.85,142.32357,2026-08-20 00:05:00+00:00
1787184600000,69647.86,69662.95,69481.52,69572.72,102.70852,2026-08-20 00:10:00+00:00
1787184900000,69572.86,69761.64,69566.0,69761.64,105.62131,2026-08-20 00:15:00+00:00
1787185200000,69761.63,69793.21,69685.6,69685.62,97.79585,2026-08-20 00:20:00+00:00
1787185500000,69685.61,69740.55,69604.91,69629.96,54.46206,2026-08-20 00:25:00+00:00
1787185800000,69629.95,69648.0,69523.84,69625.0,73.69704,2026-08-20 00:30:00+00:00
1787186100000,69625.0,69696.0,69493.05,69693.78,91.56153,2026-08-20 00:35:00+00:00
1787186400000,69693.77,69693.78,69480.99,69571.98,93.50016,2026-08-20 00:40:00+00:00
1787186700000,69571.98,69715.17,69565.44,69662.02,88.17444,2026-08-20 00:45:00+00:00
1787187000000,69662.03,69665.64,69458.0,69521.64,115.08025,2026-08-20 00:50:00+00:00
1787187300000,69521.64,69521.64,69382.0,69420.0,64.67607,2026-08-20 00:55:00+00:00
1787187600000,69420.0,69516.0,69388.0,69424.67,66.17619,2026-08-20 01:00:00+00:00
1787187900000,69424.67,69424.68,69318.16,69329.99,69.49614,2026-08-20 01:05:00+00:00
1787188200000,69329.99,69400.0,69289.09,69382.01,87.98202,2026-08-20 01:10:00+00:00
1787188500000,69382.0,69432.54,69283.25,69420.6,68.3458,2026-08-20 01:15:00+00:00
1787188800000,69420.61,69440.0,69335.93,69354.01,81.26862,2026-08-20 01:20:00+00:00
1787189100000,69354.01,69372.0,69312.0,69330.0,40.39555,2026-08-20 01:25:00+00:00
1787189400000,69329.99,69580.0,69294.07,69580.0,78.24537,2026-08-20 01:30:00+00:00
1787189700000,69580.0,69594.0,69519.95,69585.02,64.27827,2026-08-20 01:35:00+00:00
1787190000000,69585.02,69638.0,69580.41,69634.0,42.24919,2026-08-20 01:40:00+00:00
1787190300000,69633.99,69849.0,69633.99,69820.01,102.18566,2026-08-20 01:45:00+00:00
1787190600000,69820.01,69894.5,69699.93,69713.51,111.23529,2026-08-20 01:50:00+00:00
1787190900000,69713.51,69724.0,69684.0,69721.92,52.38149,2026-08-20 01:55:00+00:00
1787191200000,69721.92,69824.0,69718.17,69787.66,79.28719,2026-08-20 02:00:00+00:00
1787191500000,69787.66,69788.22,69651.91,69659.45,116.87397,2026-08-20 02:05:00+00:00
1787191800000,69659.45,69724.0,69572.03,69678.0,162.26862,2026-08-20 02:10:00+00:00
1787192100000,69677.99,69700.58,69577.46,69616.15,111.3476,2026-08-20 02:15:00+00:00
1787192400000,69616.15,69616.16,69504.59,69510.4,58.50139,2026-08-20 02:20:00+00:00
1787192700000,69510.41,69522.0,69488.0,69510.01,27.62633,2026-08-20 02:25:00+00:00
1787193000000,69510.0,69544.0,69450.0,69478.58,92.79207,2026-08-20 02:30:00+00:00
1787193300000,69478.58,69478.58,69342.15,69385.53,52.30711,2026-08-20 02:35:00+00:00
1787193600000,69385.52,69385.52,69320.0,69320.01,44.21369,2026-08-20 02:40:00+00:00
1787193900000,69320.01,69362.63,69316.0,69329.31,40.17058,2026-08-20 02:45:00+00:00
1787194200000,69329.3,69348.98,69268.0,69322.0,84.26461,2026-08-20 02:50:00+00:00
1787194500000,69321.99,69366.17,69279.28,69301.27,59.93792,2026-08-20 02:55:00+00:00
1787194800000,69301.27,69304.21,69147.0,69152.81,122.94164,2026-08-20 03:00:00+00:00
1787195100000,69152.82,69181.15,69040.75,69040.76,100.26962,2026-08-20 03:05:00+00:00
1787195400000,69040.75,69040.76,68902.22,68986.59,125.32224,2026-08-20 03:10:00+00:00
1787195700000,68986.58,69118.0,68978.0,69118.0,79.66217,2026-08-20 03:15:00+00:00
1787196000000,69118.0,69197.63,69028.0,69032.0,51.83416,2026-08-20 03:20:00+00:00
1787196300000,69032.0,69032.01,68942.0,68966.07,74.06874,2026-08-20 03:25:00+00:00
1787196600000,68966.08,69120.0,68966.07,69090.18,85.36276,2026-08-20 03:30:00+00:00
1787196900000,69090.17,69140.0,69058.31,69073.93,57.16927,2026-08-20 03:35:00+00:00
1787197200000,69073.92,69200.0,69066.0,69190.35,63.32237,2026-08-20 03:40:00+00:00
1787197500000,69190.36,69340.0,69183.05,69255.83,72.95473,2026-08-20 03:45:00+00:00
1787197800000,69255.83,69255.84,69188.0,69205.27,50.96856,2026-08-20 03:50:00+00:00
1787198100000,69205.26,69208.15,69159.44,69195.64,57.89998,2026-08-20 03:55:00+00:00
1787198400000,69195.64,69288.0,69166.0,69288.0,72.07548,2026-08-20 04:00:00+00:00
1787198700000,69287.99,69354.0,69258.0,69354.0,82.1107,2026-08-20 04:05:00+00:00
1787199000000,69353.99,69383.03,69345.29,69369.58,77.52635,2026-08-20 04:10:00+00:00
1787199300000,69369.57,69380.0,69336.0,69361.38,53.54445,2026-08-20 04:15:00+00:00
1787199600000,69361.39,69361.39,69296.46,69332.15,52.34578,2026-08-20 04:20:00+00:00
1787199900000,69332.16,69403.32,69332.15,69359.93,60.43569,2026-08-20 04:25:00+00:00
1787200200000,69359.93,69359.94,69234.0,69240.0,60.52906,2026-08-20 04:30:00+00:00
1787200500000,69240.0,69306.26,69238.0,69286.01,44.14513,2026-08-20 04:35:00+00:00
1787200800000,69286.0,69381.46,69266.0,69346.0,45.57949,2026-08-20 04:40:00+00:00
1787201100000,69346.01,69390.0,69346.01,69382.8,43.74976,2026-08-20 04:45:00+00:00
1787201400000,69382.79,69599.01,69382.79,69512.17,94.69257,2026-08-20 04:50:00+00:00
1787201700000,69512.17,69512.17,69492.0,69492.01,25.62706,2026-08-20 04:55:00+00:00
1787202000000,69492.0,69515.78,69480.0,69496.78,49.92278,2026-08-20 05:00:00+00:00
1787202300000,69496.78,69558.61,69474.0,69519.38,93.93084,2026-08-20 05:05:00+00:00
1787202600000,69519.37,69525.0,69465.08,69471.24,41.42359,2026-08-20 05:10:00+00:00
1787202900000,69471.23,69600.0,69450.49,69582.97,56.15191,2026-08-20 05:15:00+00:00
1787203200000,69582.96,69660.57,69542.25,69660.56,74.02122,2026-08-20 05:20:00+00:00
1787203500000,69660.56,69668.0,69592.0,69592.0,84.33218,2026-08-20 05:25:00+00:00
1787203800000,69592.01,69624.58,69570.13,69597.73,47.46879,2026-08-20 05:30:00+00:00
1787204100000,69597.73,69632.42,69522.19,69524.0,100.27706,2026-08-20 05:35:00+00:00
1787204400000,69524.0,69562.0,69520.4,69552.56,158.2284,2026-08-20 05:40:00+00:00
1787204700000,69552.55,69552.56,69394.01,69394.01,200.67487,2026-08-20 05:45:00+00:00
1787205000000,69394.01,69435.99,69371.93,69380.85,181.97036,2026-08-20 05:50:00+00:00
1787205300000,69380.84,69412.84,69349.16,69406.54,173.07415,2026-08-20 05:55:00+00:00
1787205600000,69406.53,69416.8,69350.49,69370.9,186.39298,2026-08-20 06:00:00+00:00
1787205900000,69370.89,69419.16,69359.71,69359.71,195.18737,2026-08-20 06:05:00+00:00
1787206200000,69359.72,69435.26,69359.71,69370.48,258.39012,2026-08-20 06:10:00+00:00
1787206500000,69370.48,69493.9,69336.97,69493.89,130.79932,2026-08-20 06:15:00+00:00
1787206800000,69493.89,69694.0,69470.0,69684.01,109.49691,2026-08-20 06:20:00+00:00
1787207100000,69684.0,69690.12,69547.09,69600.09,86.99103,2026-08-20 06:25:00+00:00
1787207400000,69600.09,69702.11,69600.08,69652.0,70.86901,2026-08-20 06:30:00+00:00
1787207700000,69652.0,69751.86,69640.24,69724.4,68.60751,2026-08-20 06:35:00+00:00
1787208000000,69724.4,69793.63,69724.39,69782.8,54.81491,2026-08-20 06:40:00+00:00
1787208300000,69782.8,69927.97,69777.01,69881.78,106.21103,2026-08-20 06:45:00+00:00
1787208600000,69881.78,69899.99,69839.17,69855.58,37.45278,2026-08-20 06:50:00+00:00
1787208900000,69855.58,69855.63,69817.28,69851.99,41.26446,2026-08-20 06:55:00+00:00
1787209200000,69851.99,69866.0,69758.04,69866.0,80.66229,2026-08-20 07:00:00+00:00
1787209500000,69866.0,69999.67,69853.0,69972.9,156.14248,2026-08-20 07:05:00+00:00
1787209800000,69972.91,70022.0,69804.0,69804.0,350.05313,2026-08-20 07:10:00+00:00
1787210100000,69804.0,69804.01,69640.0,69640.0,58.07659,2026-08-20 07:15:00+00:00
1787210400000,69640.01,69727.39,69618.9,69634.59,57.57,2026-08-20 07:20:00+00:00
1787210700000,69634.59,69718.73,69632.77,69692.43,20.94544,2026-08-20 07:25:00+00:00
1787211000000,69692.43,69692.43,69506.91,69604.55,203.8222,2026-08-20 07:30:00+00:00
1787211300000,69604.55,69630.72,69531.89,69555.91,265.39898,2026-08-20 07:35:00+00:00
1787211600000,69555.9,69630.72,69537.67,69602.56,248.25736,2026-08-20 07:40:00+00:00
1787211900000,69602.56,69690.12,69559.62,69677.89,219.0035,2026-08-20 07:45:00+00:00
1787212200000,69677.88,69799.83,69616.67,69799.83,218.9399,2026-08-20 07:50:00+00:00
1787212500000,69799.84,69816.45,69718.99,69816.45,228.27349,2026-08-20 07:55:00+00:00
1787212800000,69816.45,69880.28,69772.36,69849.94,113.99846,2026-08-20 08:00:00+00:00
1787213100000,69849.94,70791.1,69844.18,70701.22,574.4121,2026-08-20 08:05:00+00:00
1787213400000,70701.22,71365.02,70660.53,71300.01,829.93423,2026-08-20 08:10:00+00:00
1787213700000,71300.0,71570.17,71019.67,71315.84,582.30488,2026-08-20 08:15:00+00:00
1787214000000,71315.84,71325.32,71114.96,71172.0,213.86776,2026-08-20 08:20:00+00:00
1787214300000,71171.99,71386.37,71092.85,71349.73,379.05088,2026-08-20 08:25:00+00:00
1787214600000,71349.73,71460.0,71208.2,71289.24,332.56807,2026-08-20 08:30:00+00:00
1787214900000,71289.23,71584.1,71180.74,71450.98,226.15015,2026-08-20 08:35:00+00:00
1787215200000,71450.97,71667.04,71419.31,71508.62,188.20538,2026-08-20 08:40:00+00:00
1787215500000,71508.63,71750.0,71448.04,71636.01,374.86674,2026-08-20 08:45:00+00:00
1787215800000,71636.0,71814.98,71568.61,71788.19,161.10682,2026-08-20 08:50:00+00:00
1787216100000,71788.2,71826.26,71578.83,71592.1,197.37929,2026-08-20 08:55:00+00:00
1787216400000,71592.11,71684.41,71500.0,71622.41,175.9542,2026-08-20 09:00:00+00:00
1787216700000,71622.4,71949.59,71617.1,71884.0,318.7905,2026-08-20 09:05:00+00:00
1787217000000,71884.01,71979.75,71700.0,71940.52,303.0795,2026-08-20 09:10:00+00:00
1787217300000,71940.53,72050.48,71762.0,71888.01,408.12871,2026-08-20 09:15:00+00:00
1787217600000,71888.02,72067.46,71815.01,72030.57,253.91168,2026-08-20 09:20:00+00:00
1787217900000,72030.57,72032.63,71828.74,71828.74,433.675,2026-08-20 09:25:00+00:00
1787218200000,71828.74,72000.0,71732.92,71944.81,171.32388,2026-08-20 09:30:00+00:00
1787218500000,71944.8,72053.83,71871.79,71886.0,173.27999,2026-08-20 09:35:00+00:00
1787218800000,71885.99,72050.65,71878.7,72000.01,125.23653,2026-08-20 09:40:00+00:00
1787219100000,72000.0,72036.0,71891.41,71912.0,188.95471,2026-08-20 09:45:00+00:00
1787219400000,71912.0,71913.19,71690.8,71700.0,341.84144,2026-08-20 09:50:00+00:00
1787219700000,71700.0,71801.91,71678.66,71789.97,272.05711,2026-08-20 09:55:00+00:00
1787220000000,71789.97,71906.26,71686.58,71768.69,273.70051,2026-08-20 10:00:00+00:00
1787220300000,71768.69,71904.0,71706.95,71844.0,313.06229,2026-08-20 10:05:00+00:00
1787220600000,71844.0,72172.72,71803.69,72145.86,293.37753,2026-08-20 10:10:00+00:00
1787220900000,72145.86,72476.73,72130.0,72399.99,474.87259,2026-08-20 10:15:00+00:00
1787221200000,72399.99,72490.0,72134.0,72259.14,249.879,2026-08-20 10:20:00+00:00
1787221500000,72259.14,72259.14,71975.13,72039.99,184.98961,2026-08-20 10:25:00+00:00
1787221800000,72039.99,72048.0,71815.43,71887.11,151.34924,2026-08-20 10:30:00+00:00
1787222100000,71887.11,71910.0,71816.04,71864.01,118.85189,2026-08-20 10:35:00+00:00
1787222400000,71864.01,71875.74,71766.0,71809.78,85.3042,2026-08-20 10:40:00+00:00
1787222700000,71809.79,71962.0,71809.79,71873.71,72.37433,2026-08-20 10:45:00+00:00
1787223000000,71873.72,71960.0,71860.0,71924.0,72.75497,2026-08-20 10:50:00+00:00
1787223300000,71924.01,71995.99,71879.27,71995.99,60.44844,2026-08-20 10:55:00+00:00
1787223600000,71995.99,72147.54,71932.66,72068.01,137.16901,2026-08-20 11:00:00+00:00
1787223900000,72068.01,72068.01,71865.35,71958.0,193.98665,2026-08-20 11:05:00+00:00
1787224200000,71958.01,71984.0,71837.56,71983.99,67.8642,2026-08-20 11:10:00+00:00
1787224500000,71983.99,71984.0,71878.0,71878.01,97.52626,2026-08-20 11:15:00+00:00
1787224800000,71878.01,72043.93,71872.08,71924.0,150.15552,2026-08-20 11:20:00+00:00
1787225100000,71924.0,71939.91,71886.0,71898.19,75.15565,2026-08-20 11:25:00+00:00
1787225400000,71898.19,72247.04,71862.77,72240.0,149.06294,2026-08-20 11:30:00+00:00
1787225700000,72240.0,72316.0,72148.51,72278.01,108.07858,2026-08-20 11:35:00+00:00
1787226000000,72278.0,72322.0,72136.15,72154.01,150.30736,2026-08-20 11:40:00+00:00
1787226300000,72154.01,72284.75,72144.0,72175.7,72.73752,2026-08-20 11:45:00+00:00
1787226600000,72175.7,72206.0,72008.0,72008.0,60.53506,2026-08-20 11:50:00+00:00
1787226900000,72008.0,72010.08,71820.0,71927.07,95.00604,2026-08-20 11:55:00+00:00
1787227200000,71927.07,71983.06,71786.0,71796.01,127.42247,2026-08-20 12:00:00+00:00
1787227500000,71796.01,71837.75,71501.0,71662.0,244.98055,2026-08-20 12:05:00+00:00
1787227800000,71662.0,71862.0,71659.99,71792.11,137.01942,2026-08-20 12:10:00+00:00
1787228100000,71792.11,71858.0,71690.36,71758.0,102.67484,2026-08-20 12:15:00+00:00
1787228400000,71757.99,71884.19,71744.79,71833.38,224.98735,2026-08-20 12:20:00+00:00
1787228700000,71833.38,71876.0,71800.68,71844.76,77.54417,2026-08-20 12:25:00+00:00
1787229000000,71844.76,72015.42,71730.34,71778.0,172.62104,2026-08-20 12:30:00+00:00
1787229300000,71778.0,71836.0,71684.0,71836.0,92.74669,2026-08-20 12:35:00+00:00
1787229600000,71835.99,71880.0,71660.0,71686.0,98.46228,2026-08-20 12:40:00+00:00
1787229900000,71686.0,71689.97,71502.94,71590.0,131.39913,2026-08-20 12:45:00+00:00
1787230200000,71589.99,71886.86,71589.99,71877.22,112.17841,2026-08-20 12:50:00+00:00
1787230500000,71877.23,71954.0,71868.0,71952.04,54.82767,2026-08-20 12:55:00+00:00
1787230800000,71952.04,72045.67,71899.86,71982.77,120.70433,2026-08-20 13:00:00+00:00
1787231100000,71982.78,72108.8,71982.78,72019.2,132.48796,2026-08-20 13:05:00+00:00
1787231400000,72019.19,72053.83,71966.0,72052.85,99.6934,2026-08-20 13:10:00+00:00
1787231700000,72052.85,72052.85,71916.94,71952.6,102.39768,2026-08-20 13:15:00+00:00
1787232000000,71952.59,72029.76,71926.69,72010.01,113.11663,2026-08-20 13:20:00+00:00
1787232300000,72010.0,72010.0,71847.74,71964.87,158.91909,2026-08-20 13:25:00+00:00
1787232600000,71964.87,71964.87,71470.58,71518.66,364.72185,2026-08-20 13:30:00+00:00
1787232900000,71518.66,71638.0,71132.0,71378.77,458.9617,2026-08-20 13:35:00+00:00
1787233200000,71378.77,71674.36,71306.54,71672.93,181.21068,2026-08-20 13:40:00+00:00
1787233500000,71672.93,71700.0,71442.85,71623.7,170.42642,2026-08-20 13:45:00+00:00
1787233800000,71623.71,71843.65,71532.17,71744.24,147.12019,2026-08-20 13:50:00+00:00
1787234100000,71744.25,71790.0,71640.0,71691.99,102.14867,2026-08-20 13:55:00+00:00
1787234400000,71692.0,71807.99,71615.98,71737.26,149.17828,2026-08-20 14:00:00+00:00
1787234700000,71737.25,71873.82,71681.13,71859.96,146.48933,2026-08-20 14:05:00+00:00
1787235000000,71859.97,71990.09,71822.0,71822.01,175.63036,2026-08-20 14:10:00+00:00
1787235300000,71822.01,71828.0,71570.0,71570.01,132.36683,2026-08-20 14:15:00+00:00
1787235600000,71570.01,71671.95,71494.0,71660.94,100.86075,2026-08-20 14:20:00+00:00
1787235900000,71660.94,71704.0,71364.01,71450.16,152.60886,2026-08-20 14:25:00+00:00
1787236200000,71450.16,71678.77,71416.0,71572.01,127.20541,2026-08-20 14:30:00+00:00
1787236500000,71572.01,71717.14,71494.0,71551.99,111.99047,2026-08-20 14:35:00+00:00
1787236800000,71552.0,71624.0,71468.0,71548.0,94.42653,2026-08-20 14:40:00+00:00
1787237100000,71548.0,71564.0,71416.0,71563.99,92.49817,2026-08-20 14:45:00+00:00
1787237400000,71564.0,71770.0,71553.58,71749.5,92.99442,2026-08-20 14:50:00+00:00
1787237700000,71749.49,71830.0,71670.0,71826.85,64.7923,2026-08-20 14:55:00+00:00
1787238000000,71826.85,72564.01,71789.01,72330.47,518.49965,2026-08-20 15:00:00+00:00
1787238300000,72330.47,72416.0,72008.0,72174.0,314.38313,2026-08-20 15:05:00+00:00
1787238600000,72173.99,72349.99,72148.0,72246.95,207.78564,2026-08-20 15:10:00+00:00
1787238900000,72246.94,72286.0,72084.0,72243.99,276.04491,2026-08-20 15:15:00+00:00
1787239200000,72244.0,72354.0,71978.53,72078.53,240.40914,2026-08-20 15:20:00+00:00
1787239500000,72078.52,72414.0,72074.7,72413.99,141.23715,2026-08-20 15:25:00+00:00
1787239800000,72414.0,72830.0,72378.0,72514.85,423.6795,2026-08-20 15:30:00+00:00
1787240100000,72514.85,72514.86,72174.97,72252.38,201.55707,2026-08-20 15:35:00+00:00
1787240400000,72252.38,72356.72,72205.01,72247.34,112.27363,2026-08-20 15:40:00+00:00
1787240700000,72247.35,72400.0,72170.0,72352.56,168.97282,2026-08-20 15:45:00+00:00
1787241000000,72352.57,72570.0,72328.19,72489.99,185.2264,2026-08-20 15:50:00+00:00
1787241300000,72490.0,72531.99,72444.0,72470.83,136.66616,2026-08-20 15:55:00+00:00
1787241600000,72470.84,72507.25,72328.0,72330.09,213.94234,2026-08-20 16:00:00+00:00
1787241900000,72330.09,72508.0,72330.09,72490.0,112.06562,2026-08-20 16:05:00+00:00
1787242200000,72490.0,72492.0,72275.17,72308.97,85.84593,2026-08-20 16:10:00+00:00
1787242500000,72308.97,72370.0,72205.88,72349.22,65.13544,2026-08-20 16:15:00+00:00
1787242800000,72349.22,72351.03,72281.79,72291.68,66.80927,2026-08-20 16:20:00+00:00
1787243100000,72291.68,72417.29,72283.79,72406.83,76.39494,2026-08-20 16:25:00+00:00
1787243400000,72406.82,72450.0,72284.0,72408.0,76.31807,2026-08-20 16:30:00+00:00
1787243700000,72408.01,72450.0,72300.0,72450.0,67.79857,2026-08-20 16:35:00+00:00
1787244000000,72449.99,72693.21,72449.99,72630.89,161.8826,2026-08-20 16:40:00+00:00
1787244300000,72630.89,72722.0,72517.22,72568.0,119.19963,2026-08-20 16:45:00+00:00
1787244600000,72567.99,72672.0,72556.66,72649.99,110.61185,2026-08-20 16:50:00+00:00
1787244900000,72650.0,72905.0,72564.0,72837.15,168.3996,2026-08-20 16:55:00+00:00
1787245200000,72837.15,72876.0,72717.34,72766.11,174.29176,2026-08-20 17:00:00+00:00
1787245500000,72766.12,72801.97,72636.6,72664.0,135.10285,2026-08-20 17:05:00+00:00
1787245800000,72664.0,72714.61,72534.71,72692.0,146.15316,2026-08-20 17:10:00+00:00
1787246100000,72692.0,72738.02,72624.0,72636.0,87.36041,2026-08-20 17:15:00+00:00
1787246400000,72636.0,72766.0,72566.0,72724.0,66.83613,2026-08-20 17:20:00+00:00
1787246700000,72723.99,72843.36,72714.53,72810.0,92.60794,2026-08-20 17:25:00+00:00
1787247000000,72810.01,72859.13,72752.0,72806.0,133.2161,2026-08-20 17:30:00+00:00
1787247300000,72805.99,72837.92,72722.0,72816.01,75.30188,2026-08-20 17:35:00+00:00
1787247600000,72816.0,72827.99,72666.0,72762.0,68.05037,2026-08-20 17:40:00+00:00
1787247900000,72761.99,72812.0,72716.0,72804.74,108.68584,2026-08-20 17:45:00+00:00
1787248200000,72804.74,72966.0,72776.0,72890.48,96.4972,2026-08-20 17:50:00+00:00
1787248500000,72890.49,72900.0,72730.0,72737.5,84.31587,2026-08-20 17:55:00+00:00
1787248800000,72737.51,72810.0,72554.0,72615.94,104.63806,2026-08-20 18:00:00+00:00
1787249100000,72615.94,72646.0,72490.0,72557.66,90.19768,2026-08-20 18:05:00+00:00
1787249400000,72557.66,72632.88,72470.0,72617.78,88.23557,2026-08-20 18:10:00+00:00
1787249700000,72617.78,72636.8,72488.09,72632.39,64.0187,2026-08-20 18:15:00+00:00
1787250000000,72632.39,72735.39,72632.39,72735.39,72.57347,2026-08-20 18:20:00+00:00
1787250300000,72735.39,72741.52,72640.56,72688.0,59.89514,2026-08-20 18:25:00+00:00
1787250600000,72688.01,72700.0,72400.0,72453.64,112.07006,2026-08-20 18:30:00+00:00
1787250900000,72453.65,72586.64,72428.44,72460.01,95.79783,2026-08-20 18:35:00+00:00
1787251200000,72460.01,72519.23,72394.0,72501.42,95.33065,2026-08-20 18:40:00+00:00
1787251500000,72501.43,72534.52,72432.68,72534.0,86.1254,2026-08-20 18:45:00+00:00
1787251800000,72533.99,72622.0,72468.0,72492.0,56.94057,2026-08-20 18:50:00+00:00
1787252100000,72492.0,72516.0,72418.0,72431.36,42.18349,2026-08-20 18:55:00+00:00
1787252400000,72431.35,72442.0,72330.0,72396.0,83.52371,2026-08-20 19:00:00+00:00
1787252700000,72396.0,72496.0,72342.0,72470.09,54.91428,2026-08-20 19:05:00+00:00
1787253000000,72470.09,72508.0,72452.0,72484.61,58.34757,2026-08-20 19:10:00+00:00
1787253300000,72484.61,72578.0,72476.74,72532.01,66.85741,2026-08-20 19:15:00+00:00
1787253600000,72532.0,72632.12,72513.26,72625.97,71.39156,2026-08-20 19:20:00+00:00
1787253900000,72625.96,72637.34,72554.0,72610.0,53.51593,2026-08-20 19:25:00+00:00
1787254200000,72610.01,72644.49,72572.0,72588.59,64.16799,2026-08-20 19:30:00+00:00
1787254500000,72588.59,72718.0,72544.98,72704.68,90.5696,2026-08-20 19:35:00+00:00
1787254800000,72704.68,72774.0,72688.17,72719.54,61.46686,2026-08-20 19:40:00+00:00
1787255100000,72719.53,72733.09,72588.0,72674.92,57.58979,2026-08-20 19:45:00+00:00
1787255400000,72674.92,72750.43,72653.42,72677.02,59.32537,2026-08-20 19:50:00+00:00
1787255700000,72677.02,72704.0,72622.0,72690.76,96.98077,2026-08-20 19:55:00+00:00
1787256000000,72690.76,72723.26,72630.19,72709.43,40.22008,2026-08-20 20:00:00+00:00
1787256300000,72709.43,72733.55,72680.0,72733.55,107.74991,2026-08-20 20:05:00+00:00
1787256600000,72733.55,72786.0,72666.0,72695.87,40.48801,2026-08-20 20:10:00+00:00
1787256900000,72695.86,72720.0,72630.0,72719.99,38.92753,2026-08-20 20:15:00+00:00
1787257200000,72719.99,72800.0,72676.0,72799.99,56.12436,2026-08-20 20:20:00+00:00
1787257500000,72800.0,72919.44,72790.7,72830.0,74.42155,2026-08-20 20:25:00+00:00
1787257800000,72830.0,72939.0,72817.99,72878.01,95.42393,2026-08-20 20:30:00+00:00
1787258100000,72878.0,73110.7,72738.01,72738.01,230.3956,2026-08-20 20:35:00+00:00
1787258400000,72738.0,72822.0,72706.0,72763.99,54.16645,2026-08-20 20:40:00+00:00
1787258700000,72764.0,72792.36,72724.0,72726.38,45.40839,2026-08-20 20:45:00+00:00
1787259000000,72726.37,72735.58,72596.67,72610.0,49.90901,2026-08-20 20:50:00+00:00
1787259300000,72610.0,72682.0,72594.0,72671.75,38.3847,2026-08-20 20:55:00+00:00
1787259600000,72671.76,72671.76,72610.0,72619.03,54.29427,2026-08-20 21:00:00+00:00
1787259900000,72619.02,72632.0,72557.0,72623.02,98.44849,2026-08-20 21:05:00+00:00
1787260200000,72623.03,72701.87,72623.02,72701.87,51.21589,2026-08-20 21:10:00+00:00
1787260500000,72701.87,72848.0,72701.86,72735.67,68.13874,2026-08-20 21:15:00+00:00
1787260800000,72735.66,72764.86,72714.0,72724.67,24.57729,2026-08-20 21:20:00+00:00
1787261100000,72724.67,72760.0,72651.65,72655.45,33.38181,2026-08-20 21:25:00+00:00
1787261400000,72655.45,72814.49,72655.44,72813.91,44.20149,2026-08-20 21:30:00+00:00
1787261700000,72813.91,72837.16,72755.75,72768.21,28.99333,2026-08-20 21:35:00+00:00
1787262000000,72768.2,72810.0,72719.48,72742.0,32.07866,2026-08-20 21:40:00+00:00
1787262300000,72742.0,72754.0,72719.48,72724.12,27.42964,2026-08-20 21:45:00+00:00
1787262600000,72724.12,72770.0,72719.47,72758.62,19.83315,2026-08-20 21:50:00+00:00
1787262900000,72758.61,72776.0,72710.0,72741.81,19.28228,2026-08-20 21:55:00+00:00
1787263200000,72741.81,72754.62,72498.0,72506.01,69.92468,2026-08-20 22:00:00+00:00
1787263500000,72506.01,72658.36,72505.92,72645.99,56.67474,2026-08-20 22:05:00+00:00
1787263800000,72645.99,72664.0,72600.0,72610.0,22.34241,2026-08-20 22:10:00+00:00
1787264100000,72610.01,72644.0,72562.0,72612.0,36.51177,2026-08-20 22:15:00+00:00
1787264400000,72612.0,72800.0,72611.99,72784.23,43.84945,2026-08-20 22:20:00+00:00
1787264700000,72784.23,72827.74,72762.0,72792.0,22.60014,2026-08-20 22:25:00+00:00
1787265000000,72791.99,72793.42,72678.0,72742.0,54.79273,2026-08-20 22:30:00+00:00
1787265300000,72741.99,72804.0,72724.0,72753.97,28.28392,2026-08-20 22:35:00+00:00
1787265600000,72753.97,72753.97,72692.73,72692.73,19.39014,2026-08-20 22:40:00+00:00
1787265900000,72692.74,72741.02,72689.92,72722.33,22.44913,2026-08-20 22:45:00+00:00
1787266200000,72722.33,72878.0,72721.02,72844.0,36.59377,2026-08-20 22:50:00+00:00
1787266500000,72844.0,72844.0,72674.0,72676.22,106.85038,2026-08-20 22:55:00+00:00
1787266800000,72676.23,72724.0,72664.56,72716.37,20.1458,2026-08-20 23:00:00+00:00
1787267100000,72716.37,72842.0,72716.36,72812.78,26.81954,2026-08-20 23:05:00+00:00
1787267400000,72812.78,72928.0,72812.78,72927.99,37.63253,2026-08-20 23:10:00+00:00
1787267700000,72927.99,73032.0,72906.0,73016.01,47.58695,2026-08-20 23:15:00+00:00
1787268000000,73016.0,73026.62,72910.85,73008.01,47.2801,2026-08-20 23:20:00+00:00
1787268300000,73008.01,73400.0,73008.01,73212.0,400.70412,2026-08-20 23:25:00+00:00
1787268600000,73212.0,73390.15,73206.0,73229.51,83.74097,2026-08-20 23:30:00+00:00
1787268900000,73229.5,73242.0,73073.57,73120.97,70.11601,2026-08-20 23:35:00+00:00
1787269200000,73120.97,73162.0,73106.0,73108.01,35.17601,2026-08-20 23:40:00+00:00
1787269500000,73108.01,73155.37,73058.82,73108.0,58.62337,2026-08-20 23:45:00+00:00
1787269800000,73108.0,73112.0,72981.31,73111.99,65.95199,2026-08-20 23:50:00+00:00
1787270100000,73112.0,73112.0,72998.78,73025.15,37.02351,2026-08-20 23:55:00+00:00
1787270400000,73027.02,73170.26,73027.02,73107.36,105.58003,2026-08-21 00:00:00+00:00
1787270700000,73107.36,73370.0,73098.0,73279.99,118.10829,2026-08-21 00:05:00+00:00
1787271000000,73280.0,73500.0,73277.43,73495.4,147.5145,2026-08-21 00:10:00+00:00
1787271300000,73495.41,73899.0,73356.0,73642.0,452.86434,2026-08-21 00:15:00+00:00
1787271600000,73642.0,73880.0,73588.0,73799.19,170.48296,2026-08-21 00:20:00+00:00
1787271900000,73799.19,73876.0,73674.0,73716.0,119.36757,2026-08-21 00:25:00+00:00
1787272200000,73716.0,73990.0,73687.71,73741.45,253.40377,2026-08-21 00:30:00+00:00
1787272500000,73741.44,73768.0,73532.91,73643.67,158.19554,2026-08-21 00:35:00+00:00
1787272800000,73643.66,73722.0,73530.85,73690.01,153.48188,2026-08-21 00:40:00+00:00
1787273100000,73690.0,73826.78,73612.0,73761.56,120.1471,2026-08-21 00:45:00+00:00
1787273400000,73761.56,73850.0,73660.01,73666.0,75.59468,2026-08-21 00:50:00+00:00
1787273700000,73666.01,73722.0,73588.24,73708.02,45.19939,2026-08-21 00:55:00+00:00
1787274000000,73707.82,73931.99,73668.0,73840.01,77.6205,2026-08-21 01:00:00+00:00
1787274300000,73840.01,73948.85,73808.0,73929.87,92.98488,2026-08-21 01:05:00+00:00
1787274600000,73929.88,73999.0,73908.0,73990.5,72.65695,2026-08-21 01:10:00+00:00
1787274900000,73990.5,74866.66,73960.0,74659.92,760.30633,2026-08-21 01:15:00+00:00
1787275200000,74659.91,74721.33,74274.52,74501.59,268.64219,2026-08-21 01:20:00+00:00
1787275500000,74501.58,74800.0,74489.5,74726.77,129.11461,2026-08-21 01:25:00+00:00
1787275800000,74726.78,75045.2,74600.0,74777.42,369.45722,2026-08-21 01:30:00+00:00
1787276100000,74777.42,74797.3,74540.96,74610.03,191.11193,2026-08-21 01:35:00+00:00
1787276400000,74610.03,74798.0,74552.0,74744.04,106.95699,2026-08-21 01:40:00+00:00
1787276700000,74744.05,75785.82,74701.95,75585.7,703.2051,2026-08-21 01:45:00+00:00
1787277000000,75585.71,75605.43,75376.26,75376.27,195.86352,2026-08-21 01:50:00+00:00
1787277300000,75376.26,75404.85,75100.0,75129.23,205.40925,2026-08-21 01:55:00+00:00
1787277600000,75129.23,75130.0,74790.69,75074.22,315.89333,2026-08-21 02:00:00+00:00
1787277900000,75074.22,75197.08,74889.78,74912.97,111.17475,2026-08-21 02:05:00+00:00
1787278200000,74912.97,74920.91,74681.88,74876.05,101.26284,2026-08-21 02:10:00+00:00
1787278500000,74876.05,74923.48,74652.95,74729.61,279.58672,2026-08-21 02:15:00+00:00
1787278800000,74729.61,74781.57,74654.48,74681.86,99.88048,2026-08-21 02:20:00+00:00
1787279100000,74681.85,74991.7,74681.11,74970.92,105.53948,2026-08-21 02:25:00+00:00
1787279400000,74970.92,75095.16,74574.81,74787.63,233.83115,2026-08-21 02:30:00+00:00
1787279700000,74787.62,74824.87,74667.59,74784.4,79.00237,2026-08-21 02:35:00+00:00
1787280000000,74784.4,74818.68,74704.43,74725.27,45.88065,2026-08-21 02:40:00+00:00
1787280300000,74725.62,74730.62,74448.27,74471.75,179.08558,2026-08-21 02:45:00+00:00
1787280600000,74471.76,74527.07,74400.0,74420.01,96.40854,2026-08-21 02:50:00+00:00
1787280900000,74420.0,74482.25,74384.63,74439.74,68.60897,2026-08-21 02:55:00+00:00
1787281200000,74439.75,74480.41,74336.84,74388.26,65.36847,2026-08-21 03:00:00+00:00
1787281500000,74388.26,74388.26,74247.46,74343.04,112.93071,2026-08-21 03:05:00+00:00
1787281800000,74343.04,74500.0,74325.66,74459.31,131.18748,2026-08-21 03:10:00+00:00
1787282100000,74459.31,74500.0,74316.99,74448.37,64.19949,2026-08-21 03:15:00+00:00
1787282400000,74448.36,74607.52,74448.36,74554.26,95.54803,2026-08-21 03:20:00+00:00
1787282700000,74554.26,74645.08,74514.28,74609.12,69.32923,2026-08-21 03:25:00+00:00
1787283000000,74609.12,74666.35,74584.97,74585.69,66.47158,2026-08-21 03:30:00+00:00
1787283300000,74585.69,74607.88,74442.83,74530.33,81.67959,2026-08-21 03:35:00+00:00
1787283600000,74530.33,74733.77,74489.01,74674.56,100.12084,2026-08-21 03:40:00+00:00
1787283900000,74674.55,74840.21,74674.55,74789.38,66.47668,2026-08-21 03:45:00+00:00
1787284200000,74789.39,74882.24,74650.0,74667.41,96.52648,2026-08-21 03:50:00+00:00
1787284500000,74667.4,74729.1,74500.0,74510.77,89.96214,2026-08-21 03:55:00+00:00
1787284800000,74510.77,74850.0,74510.77,74786.49,74.90795,2026-08-21 04:00:00+00:00
1787285100000,74786.48,74856.83,74704.89,74850.3,49.0123,2026-08-21 04:05:00+00:00
1787285400000,74850.31,74900.0,74763.1,74870.82,62.28646,2026-08-21 04:10:00+00:00
1787285700000,74870.83,74926.88,74810.16,74871.28,57.09674,2026-08-21 04:15:00+00:00
1787286000000,74871.28,74950.0,74856.87,74856.87,50.7596,2026-08-21 04:20:00+00:00
1787286300000,74856.87,74891.08,74787.5,74818.07,71.17766,2026-08-21 04:25:00+00:00
1787286600000,74818.07,75000.0,74783.01,74966.02,92.05557,2026-08-21 04:30:00+00:00
1787286900000,74966.02,74993.88,74926.5,74926.51,45.76346,2026-08-21 04:35:00+00:00
1787287200000,74926.5,74960.43,74860.0,74958.93,63.39732,2026-08-21 04:40:00+00:00
1787287500000,74958.92,75038.48,74926.0,74988.01,96.94322,2026-08-21 04:45:00+00:00
1787287800000,74988.01,75032.85,74940.07,75032.84,83.757,2026-08-21 04:50:00+00:00
1787288100000,75032.84,75054.46,74994.04,75026.0,78.35957,2026-08-21 04:55:00+00:00
1787288400000,75026.0,75120.0,74918.79,74954.93,82.63023,2026-08-21 05:00:00+00:00
1787288700000,74954.94,75224.22,74954.94,75147.99,92.60113,2026-08-21 05:05:00+00:00
1787289000000,75147.99,75365.23,75132.16,75325.98,89.23594,2026-08-21 05:10:00+00:00
1787289300000,75325.99,75500.0,75200.03,75383.64,125.31982,2026-08-21 05:15:00+00:00
1787289600000,75383.65,75495.2,75280.15,75293.56,96.04214,2026-08-21 05:20:00+00:00
1787289900000,75293.57,75300.01,75053.0,75200.82,108.67482,2026-08-21 05:25:00+00:00
1787290200000,75200.81,75281.6,75096.96,75212.46,71.16436,2026-08-21 05:30:00+00:00
1787290500000,75212.47,75340.19,75180.0,75336.56,92.43371,2026-08-21 05:35:00+00:00
1787290800000,75336.56,75386.0,75206.37,75277.51,96.07605,2026-08-21 05:40:00+00:00
1787291100000,75277.52,75282.0,75214.0,75263.22,48.61093,2026-08-21 05:45:00+00:00
1787291400000,75263.22,75405.99,75263.21,75360.14,133.46379,2026-08-21 05:50:00+00:00
1787291700000,75360.14,75472.73,75360.13,75472.73,102.42933,2026-08-21 05:55:00+00:00
1787292000000,75472.73,75472.73,75346.0,75432.01,120.68207,2026-08-21 06:00:00+00:00
1787292300000,75432.01,75524.0,75369.07,75446.2,102.43829,2026-08-21 06:05:00+00:00
1787292600000,75446.2,75452.02,75274.01,75289.6,102.87783,2026-08-21 06:10:00+00:00
1787292900000,75289.61,75436.94,75278.01,75309.84,63.92419,2026-08-21 06:15:00+00:00
1787293200000,75309.83,75365.38,75104.0,75231.96,96.93028,2026-08-21 06:20:00+00:00
1787293500000,75231.95,75511.33,75198.22,75342.01,132.58694,2026-08-21 06:25:00+00:00
1787293800000,75342.0,75652.0,75334.0,75637.47,125.34909,2026-08-21 06:30:00+00:00
1787294100000,75637.46,75724.0,75494.53,75704.08,113.05559,2026-08-21 06:35:00+00:00
1787294400000,75704.08,75753.0,75324.0,75394.97,262.34764,2026-08-21 06:40:00+00:00
1787294700000,75394.98,75616.41,75300.0,75516.28,107.75359,2026-08-21 06:45:00+00:00
1787295000000,75516.28,75566.0,75420.97,75544.0,89.21583,2026-08-21 06:50:00+00:00
1787295300000,75544.0,75660.95,75536.0,75646.21,64.93939,2026-08-21 06:55:00+00:00
1787295600000,75646.2,75880.0,75620.0,75733.61,194.50902,2026-08-21 07:00:00+00:00
1787295900000,75733.62,75897.34,75654.0,75868.28,120.65031,2026-08-21 07:05:00+00:00
1787296200000,75868.29,76013.5,75868.28,75969.99,222.914,2026-08-21 07:10:00+00:00
1787296500000,75970.0,76916.95,75931.79,76484.48,928.73404,2026-08-21 07:15:00+00:00
1787296800000,76484.49,76528.22,76253.67,76253.84,242.38214,2026-08-21 07:20:00+00:00
1787297100000,76253.84,76470.57,76253.67,76410.38,113.74332,2026-08-21 07:25:00+00:00
1787297400000,76410.37,76559.48,76300.0,76384.61,349.33473,2026-08-21 07:30:00+00:00
1787297700000,76384.61,76546.87,76300.0,76523.53,274.35258,2026-08-21 07:35:00+00:00
1787298000000,76523.53,76809.94,76444.01,76595.89,344.05924,2026-08-21 07:40:00+00:00
1787298300000,76595.88,76640.06,76408.28,76460.01,276.61169,2026-08-21 07:45:00+00:00
1787298600000,76460.0,76494.63,76300.0,76326.84,263.28162,2026-08-21 07:50:00+00:00
1787298900000,76326.84,76429.31,76199.48,76308.65,444.99164,2026-08-21 07:55:00+00:00
1787299200000,76308.66,76750.0,76235.76,76632.01,165.38305,2026-08-21 08:00:00+00:00
1787299500000,76632.01,76843.07,76445.31,76768.71,144.89315,2026-08-21 08:05:00+00:00
1787299800000,76768.7,77200.0,76682.0,76892.01,330.77815,2026-08-21 08:10:00+00:00
1787300100000,76892.01,77270.67,76852.32,77170.94,269.076,2026-08-21 08:15:00+00:00
1787300400000,77170.93,77212.16,76938.8,77037.28,190.991,2026-08-21 08:20:00+00:00
1787300700000,77037.29,77426.83,77037.29,77240.33,285.17162,2026-08-21 08:25:00+00:00
1787301000000,77240.33,77571.15,77179.06,77561.06,267.74677,2026-08-21 08:30:00+00:00
1787301300000,77561.05,77678.99,77428.5,77527.14,291.6826,2026-08-21 08:35:00+00:00
1787301600000,77527.14,77800.0,77505.6,77647.34,350.55096,2026-08-21 08:40:00+00:00
1787301900000,77647.34,78089.12,77582.0,77939.55,516.48401,2026-08-21 08:45:00+00:00
1787302200000,77939.56,78672.94,77939.55,78657.92,646.37135,2026-08-21 08:50:00+00:00
1787302500000,78657.92,79500.0,78500.0,79258.03,907.3444,2026-08-21 08:55:00+00:00
1787302800000,79258.02,79363.79,77559.64,77852.74,1007.58391,2026-08-21 09:00:00+00:00
1787303100000,77852.74,78144.23,77251.0,77833.88,682.64315,2026-08-21 09:05:00+00:00
1787303400000,77833.89,78167.64,77817.1,77883.87,345.37901,2026-08-21 09:10:00+00:00
1787303700000,77883.88,77945.9,77465.26,77580.83,385.03103,2026-08-21 09:15:00+00:00
1787304000000,77580.83,77810.3,77539.28,77649.42,218.89118,2026-08-21 09:20:00+00:00
1787304300000,77649.43,77866.53,77578.0,77711.09,194.6026,2026-08-21 09:25:00+00:00
1787304600000,77711.1,77972.48,77626.0,77917.91,196.41058,2026-08-21 09:30:00+00:00
1787304900000,77917.91,78011.15,77774.2,77908.01,193.09025,2026-08-21 09:35:00+00:00
1787305200000,77908.0,78366.65,77872.08,78194.16,219.47075,2026-08-21 09:40:00+00:00
1787305500000,78194.16,78367.89,78113.96,78257.61,238.36251,2026-08-21 09:45:00+00:00
1787305800000,78257.62,78276.07,77961.91,78076.65,226.88028,2026-08-21 09:50:00+00:00
1787306100000,78076.65,78115.43,77577.01,77910.71,258.73292,2026-08-21 09:55:00+00:00
1787306400000,77910.71,77940.0,77623.37,77664.47,169.3888,2026-08-21 10:00:00+00:00
1787306700000,77664.46,77820.38,77621.8,77790.76,139.02121,2026-08-21 10:05:00+00:00
1787307000000,77790.77,78110.0,77790.77,78048.89,196.13402,2026-08-21 10:10:00+00:00
1787307300000,78048.9,78250.0,78025.28,78240.84,213.66376,2026-08-21 10:15:00+00:00
1787307600000,78240.85,78240.85,77963.33,78017.42,204.95865,2026-08-21 10:20:00+00:00
1787307900000,78017.42,78017.99,77666.37,77928.54,153.47735,2026-08-21 10:25:00+00:00
1787308200000,77928.54,77966.73,77675.39,77680.0,93.88947,2026-08-21 10:30:00+00:00
1787308500000,77680.0,77790.0,77625.01,77721.99,90.13687,2026-08-21 10:35:00+00:00
1787308800000,77722.0,77853.62,77720.0,77844.21,76.36139,2026-08-21 10:40:00+00:00
1787309100000,77844.21,78000.0,77792.0,77794.54,76.91134,2026-08-21 10:45:00+00:00
1787309400000,77794.54,77852.0,77744.0,77824.48,88.25763,2026-08-21 10:50:00+00:00
1787309700000,77824.48,77888.23,77776.82,77810.02,101.98335,2026-08-21 10:55:00+00:00
1787310000000,77810.01,77826.0,77575.75,77821.43,87.87516,2026-08-21 11:00:00+00:00
1787310300000,77821.43,77855.78,77724.0,77742.01,62.47313,2026-08-21 11:05:00+00:00
1787310600000,77742.0,77794.94,77338.65,77551.19,172.11125,2026-08-21 11:10:00+00:00
1787310900000,77551.2,77551.2,77305.86,77317.34,135.11566,2026-08-21 11:15:00+00:00
1787311200000,77317.34,77675.09,77240.0,77518.0,240.17579,2026-08-21 11:20:00+00:00
1787311500000,77518.0,77522.0,77282.0,77419.01,105.19329,2026-08-21 11:25:00+00:00
1787311800000,77419.01,77442.44,76411.38,76491.54,542.06724,2026-08-21 11:30:00+00:00
1787312100000,76491.54,77096.0,76490.63,76985.01,274.49866,2026-08-21 11:35:00+00:00
1787312400000,76985.0,77033.9,76780.84,76836.21,184.0322,2026-08-21 11:40:00+00:00
1787312700000,76836.21,76946.42,76604.0,76698.99,129.87481,2026-08-21 11:45:00+00:00
1787313000000,76698.99,77024.0,76672.0,77004.02,170.76202,2026-08-21 11:50:00+00:00
1787313300000,77004.02,77016.13,76516.57,76722.32,283.56125,2026-08-21 11:55:00+00:00
1787313600000,76722.31,76808.02,76538.0,76666.42,303.26977,2026-08-21 12:00:00+00:00
1787313900000,76665.57,76958.0,76665.57,76769.71,269.40874,2026-08-21 12:05:00+00:00
1787314200000,76769.71,76999.99,76711.96,76912.29,271.97932,2026-08-21 12:10:00+00:00
1787314500000,76912.29,76912.29,76755.95,76831.24,243.17701,2026-08-21 12:15:00+00:00
1787314800000,76831.24,76853.71,76640.0,76787.36,186.13477,2026-08-21 12:20:00+00:00
1787315100000,76787.35,76796.0,76665.13,76680.5,168.37538,2026-08-21 12:25:00+00:00
1787315400000,76680.5,76764.0,76620.81,76683.83,317.65017,2026-08-21 12:30:00+00:00
1787315700000,76683.83,77297.09,76683.83,77230.98,319.26893,2026-08-21 12:35:00+00:00
1787316000000,77230.34,77437.99,77200.0,77428.01,180.37046,2026-08-21 12:40:00+00:00
1787316300000,77428.01,77477.24,77269.91,77386.0,234.51773,2026-08-21 12:45:00+00:00
1787316600000,77386.0,77452.0,77121.6,77173.99,82.88087,2026-08-21 12:50:00+00:00
1787316900000,77174.0,77264.3,77121.45,77223.66,103.14338,2026-08-21 12:55:00+00:00
1787317200000,77223.66,77302.0,77078.01,77302.0,86.39236,2026-08-21 13:00:00+00:00
1787317500000,77302.0,77397.83,77218.0,77248.91,83.60385,2026-08-21 13:05:00+00:00
1787317800000,77248.91,77248.91,77051.4,77194.0,89.28898,2026-08-21 13:10:00+00:00
1787318100000,77194.0,77194.0,76866.0,76969.69,227.6192,2026-08-21 13:15:00+00:00
1787318400000,76969.69,76969.69,76846.0,76960.23,153.50226,2026-08-21 13:20:00+00:00
1787318700000,76960.22,77206.21,76895.54,77083.93,128.79985,2026-08-21 13:25:00+00:00
1787319000000,77083.94,77084.0,76572.0,76608.01,272.53042,2026-08-21 13:30:00+00:00
1787319300000,76608.01,76983.05,76243.04,76977.37,280.15162,2026-08-21 13:35:00+00:00
1787319600000,76977.36,77325.51,76977.36,77308.0,171.82253,2026-08-21 13:40:00+00:00
1787319900000,77308.0,77547.6,77155.02,77468.0,222.16505,2026-08-21 13:45:00+00:00
1787320200000,77468.0,77700.0,77240.85,77313.99,182.23196,2026-08-21 13:50:00+00:00
1787320500000,77314.0,77462.0,77116.59,77266.87,124.40498,2026-08-21 13:55:00+00:00
1787320800000,77266.88,77266.88,76752.22,76752.23,206.14101,2026-08-21 14:00:00+00:00
1787321100000,76752.23,77147.99,76752.23,76992.01,120.05865,2026-08-21 14:05:00+00:00
1787321400000,76992.0,77096.0,76701.0,76764.01,220.81629,2026-08-21 14:10:00+00:00
1787321700000,76764.01,76971.18,76556.08,76666.68,206.82902,2026-08-21 14:15:00+00:00
1787322000000,76666.68,77091.29,76552.74,77024.0,245.8014,2026-08-21 14:20:00+00:00
1787322300000,77024.01,77200.0,77004.32,77067.99,155.12554,2026-08-21 14:25:00+00:00
1787322600000,77067.99,77223.29,77066.0,77100.46,105.67333,2026-08-21 14:30:00+00:00
1787322900000,77100.47,77235.95,76856.16,76860.97,131.66777,2026-08-21 14:35:00+00:00
1787323200000,76860.97,77153.99,76860.97,77143.99,144.02999,2026-08-21 14:40:00+00:00
1787323500000,77143.99,77364.0,77124.0,77345.01,123.96321,2026-08-21 14:45:00+00:00
1787323800000,77345.0,77448.26,77300.0,77307.08,122.17764,2026-08-21 14:50:00+00:00
1787324100000,77307.08,77444.0,77270.0,77384.68,73.47988,2026-08-21 14:55:00+00:00
1787324400000,77384.69,77598.0,77328.0,77526.01,136.03755,2026-08-21 15:00:00+00:00
1787324700000,77526.01,77707.13,77477.67,77696.35,133.92738,2026-08-21 15:05:00+00:00
1787325000000,77696.35,77794.0,77600.0,77703.03,125.10509,2026-08-21 15:10:00+00:00
1787325300000,77703.04,77871.33,77550.0,77633.99,130.0075,2026-08-21 15:15:00+00:00
1787325600000,77634.0,77742.0,77524.0,77632.0,80.0043,2026-08-21 15:20:00+00:00
1787325900000,77632.0,77812.0,77610.0,77614.36,92.16395,2026-08-21 15:25:00+00:00
1787326200000,77614.36,77749.39,77542.0,77558.22,96.08474,2026-08-21 15:30:00+00:00
1787326500000,77558.22,77652.97,77487.98,77621.99,79.60823,2026-08-21 15:35:00+00:00
1787326800000,77622.0,77652.0,77500.0,77503.54,68.61813,2026-08-21 15:40:00+00:00
1787327100000,77503.54,77544.0,77367.26,77367.27,74.13879,2026-08-21 15:45:00+00:00
1787327400000,77367.27,77475.92,77302.0,77303.25,194.34259,2026-08-21 15:50:00+00:00
1787327700000,77303.26,77332.0,77170.0,77221.98,106.3275,2026-08-21 15:55:00+00:00
1787328000000,77221.98,77310.0,77086.29,77088.0,80.0703,2026-08-21 16:00:00+00:00
1787328300000,77088.01,77144.0,76920.0,76962.0,128.33311,2026-08-21 16:05:00+00:00
1787328600000,76961.99,77145.0,76858.57,76858.57,112.87371,2026-08-21 16:10:00+00:00
1787328900000,76858.57,77194.0,76784.81,77137.2,127.71513,2026-08-21 16:15:00+00:00
1787329200000,77137.21,77210.52,77060.0,77150.0,105.41108,2026-08-21 16:20:00+00:00
1787329500000,77150.0,77390.68,77099.4,77383.87,100.32585,2026-08-21 16:25:00+00:00
1787329800000,77383.88,77416.0,77270.74,77338.12,120.34488,2026-08-21 16:30:00+00:00
1787330100000,77338.12,77344.0,77239.63,77316.28,140.96377,2026-08-21 16:35:00+00:00
1787330400000,77316.28,77362.04,77274.0,77362.04,84.54749,2026-08-21 16:40:00+00:00
1787330700000,77362.04,77538.37,77318.0,77530.19,164.58273,2026-08-21 16:45:00+00:00
1787331000000,77530.18,77563.53,77444.01,77470.0,124.28693,2026-08-21 16:50:00+00:00
1787331300000,77470.0,77538.63,77448.0,77486.01,78.76475,2026-08-21 16:55:00+00:00
1787331600000,77486.01,77625.0,77468.46,77522.0,105.50299,2026-08-21 17:00:00+00:00
1787331900000,77521.99,77722.12,77490.93,77617.37,127.79698,2026-08-21 17:05:00+00:00
1787332200000,77617.36,77664.8,77507.05,77561.3,79.00595,2026-08-21 17:10:00+00:00
1787332500000,77561.3,77562.0,77368.0,77397.03,97.90239,2026-08-21 17:15:00+00:00
1787332800000,77397.03,77397.03,77189.95,77226.6,104.54765,2026-08-21 17:20:00+00:00
1787333100000,77226.6,77559.07,77226.59,77558.64,132.94503,2026-08-21 17:25:00+00:00
1787333400000,77558.64,77650.0,77538.0,77634.0,97.97463,2026-08-21 17:30:00+00:00
1787333700000,77633.99,77633.99,77500.0,77553.99,87.05317,2026-08-21 17:35:00+00:00
1787334000000,77554.0,77560.0,77349.34,77395.48,118.92374,2026-08-21 17:40:00+00:00
1787334300000,77395.49,77513.26,77324.0,77414.01,54.76701,2026-08-21 17:45:00+00:00
1787334600000,77414.01,77443.91,77358.0,77367.4,40.19225,2026-08-21 17:50:00+00:00
1787334900000,77367.4,77472.0,77367.4,77392.68,52.72677,2026-08-21 17:55:00+00:00
1787335200000,77392.69,77484.73,77392.0,77449.19,52.81233,2026-08-21 18:00:00+00:00
1787335500000,77449.18,77550.0,77362.0,77362.01,126.94704,2026-08-21 18:05:00+00:00
1787335800000,77362.0,77389.99,77278.62,77326.0,92.41442,2026-08-21 18:10:00+00:00
1787336100000,77326.01,77420.0,77266.0,77420.0,89.28783,2026-08-21 18:15:00+00:00
1787336400000,77419.99,77495.58,77411.6,77430.0,55.35283,2026-08-21 18:20:00+00:00
1787336700000,77430.01,77470.8,77382.67,77388.0,56.98006,2026-08-21 18:25:00+00:00
1787337000000,77388.0,77462.3,77301.01,77306.81,73.0514,2026-08-21 18:30:00+00:00
1787337300000,77306.0,77306.0,77107.04,77231.28,114.5336,2026-08-21 18:35:00+00:00
1787337600000,77231.27,77231.28,76860.32,76945.99,173.28694,2026-08-21 18:40:00+00:00
1787337900000,76946.0,76946.0,76643.72,76699.22,202.55185,2026-08-21 18:45:00+00:00
1787338200000,76699.22,76961.26,76699.22,76844.0,98.8017,2026-08-21 18:50:00+00:00
1787338500000,76843.99,77146.0,76834.0,77146.0,111.37698,2026-08-21 18:55:00+00:00
1787338800000,77145.99,77190.0,76894.48,76916.0,104.43787,2026-08-21 19:00:00+00:00
1787339100000,76916.0,77076.35,76856.2,77057.99,104.04864,2026-08-21 19:05:00+00:00
1787339400000,77057.98,77195.76,77020.0,77145.46,77.95177,2026-08-21 19:10:00+00:00
1787339700000,77145.47,77145.47,76973.72,77111.99,111.75685,2026-08-21 19:15:00+00:00
1787340000000,77112.0,77235.89,77058.0,77200.38,59.78099,2026-08-21 19:20:00+00:00
1787340300000,77200.37,77349.35,77200.37,77322.81,97.51655,2026-08-21 19:25:00+00:00
1787340600000,77322.8,77360.0,77198.0,77200.01,75.71801,2026-08-21 19:30:00+00:00
1787340900000,77200.01,77255.42,77125.11,77195.35,102.36061,2026-08-21 19:35:00+00:00
1787341200000,77195.34,77250.57,77106.45,77174.0,83.41664,2026-08-21 19:40:00+00:00
1787341500000,77173.99,77273.76,77101.89,77221.02,106.8482,2026-08-21 19:45:00+00:00
1787341800000,77221.02,77239.97,77119.84,77181.99,128.62761,2026-08-21 19:50:00+00:00
1787342100000,77181.98,77181.98,77014.32,77028.94,98.87425,2026-08-21 19:55:00+00:00
1787342400000,77028.94,77173.41,76863.56,77170.0,93.54792,2026-08-21 20:00:00+00:00
1787342700000,77169.99,77182.04,76969.97,77123.99,99.17664,2026-08-21 20:05:00+00:00
1787343000000,77123.99,77321.98,77074.0,77275.02,103.71561,2026-08-21 20:10:00+00:00
1787343300000,77275.03,77511.33,77275.03,77428.01,114.34351,2026-08-21 20:15:00+00:00
1787343600000,77428.0,77548.99,77392.31,77524.3,97.5329,2026-08-21 20:20:00+00:00
1787343900000,77524.3,77524.31,77392.31,77490.0,44.70523,2026-08-21 20:25:00+00:00
1787344200000,77489.99,77545.77,77477.65,77515.99,55.95933,2026-08-21 20:30:00+00:00
1787344500000,77515.99,77535.0,77354.0,77397.42,98.80603,2026-08-21 20:35:00+00:00
1787344800000,77397.42,77535.0,77397.42,77474.01,51.84903,2026-08-21 20:40:00+00:00
1787345100000,77474.01,77490.0,77316.0,77432.0,50.39208,2026-08-21 20:45:00+00:00
1787345400000,77432.0,77543.4,77410.76,77494.01,50.228,2026-08-21 20:50:00+00:00
1787345700000,77494.0,77532.53,77470.79,77520.19,45.2338,2026-08-21 20:55:00+00:00
1787346000000,77520.19,77520.19,77456.55,77480.0,30.57444,2026-08-21 21:00:00+00:00
1787346300000,77479.99,77484.0,77388.0,77430.1,20.66017,2026-08-21 21:05:00+00:00
1787346600000,77430.1,77814.99,77430.1,77690.01,167.00836,2026-08-21 21:10:00+00:00
1787346900000,77690.01,77712.0,77600.0,77712.0,47.99564,2026-08-21 21:15:00+00:00
1787347200000,77711.99,78090.0,77588.0,78045.99,156.87925,2026-08-21 21:20:00+00:00
1787347500000,78045.99,78203.38,77929.01,78090.0,140.15039,2026-08-21 21:25:00+00:00
1787347800000,78090.0,78500.0,78090.0,78425.99,222.12163,2026-08-21 21:30:00+00:00
1787348100000,78426.0,78460.0,78001.92,78025.82,99.81712,2026-08-21 21:35:00+00:00
1787348400000,78025.82,78261.11,78000.0,78240.71,132.14383,2026-08-21 21:40:00+00:00
1787348700000,78240.72,78425.58,78233.0,78339.98,79.54618,2026-08-21 21:45:00+00:00
1787349000000,78339.98,78661.99,78284.0,78647.04,148.9379,2026-08-21 21:50:00+00:00
1787349300000,78647.04,78675.1,78416.69,78505.15,106.14483,2026-08-21 21:55:00+00:00
1787349600000,78505.14,78537.71,78178.59,78397.8,142.14117,2026-08-21 22:00:00+00:00
1787349900000,78397.8,78760.68,78337.68,78731.48,136.6214,2026-08-21 22:05:00+00:00
1787350200000,78731.48,78749.86,78592.6,78749.86,92.46278,2026-08-21 22:10:00+00:00
1787350500000,78749.85,78749.85,78465.93,78606.64,85.21326,2026-08-21 22:15:00+00:00
1787350800000,78606.65,78684.23,78349.99,78519.4,115.20997,2026-08-21 22:20:00+00:00
1787351100000,78519.39,78655.21,78470.0,78499.84,50.00479,2026-08-21 22:25:00+00:00
1787351400000,78499.84,78532.43,78081.8,78320.01,130.5082,2026-08-21 22:30:00+00:00
1787351700000,78320.01,78520.0,78280.0,78455.65,49.52667,2026-08-21 22:35:00+00:00
1787352000000,78455.65,78582.15,78426.01,78514.01,49.51626,2026-08-21 22:40:00+00:00
1787352300000,78514.0,78514.0,78281.96,78292.49,70.33026,2026-08-21 22:45:00+00:00
1787352600000,78292.49,78618.0,78238.85,78556.01,63.99073,2026-08-21 22:50:00+00:00
1787352900000,78556.01,78579.06,78436.0,78460.14,37.29661,2026-08-21 22:55:00+00:00
1787353200000,78460.13,78467.87,78344.0,78367.47,70.28369,2026-08-21 23:00:00+00:00
1787353500000,78367.47,78550.0,78367.47,78523.34,80.95831,2026-08-21 23:05:00+00:00
1787353800000,78523.33,78618.0,78482.01,78550.0,63.59541,2026-08-21 23:10:00+00:00
1787354100000,78550.0,78700.0,78540.01,78640.14,78.38856,2026-08-21 23:15:00+00:00
1787354400000,78640.14,78720.0,78570.0,78677.11,67.56844,2026-08-21 23:20:00+00:00
1787354700000,78677.11,78688.01,78360.0,78409.45,165.05182,2026-08-21 23:25:00+00:00
1787355000000,78409.44,78507.99,78368.0,78393.08,40.28435,2026-08-21 23:30:00+00:00
1787355300000,78393.09,78430.0,78217.71,78229.68,47.56014,2026-08-21 23:35:00+00:00
1787355600000,78229.68,78394.65,78100.26,78389.0,77.28301,2026-08-21 23:40:00+00:00
1787355900000,78389.0,78404.0,78252.13,78277.99,31.44841,2026-08-21 23:45:00+00:00
1787356200000,78277.99,78354.0,78136.0,78317.46,65.98666,2026-08-21 23:50:00+00:00
1787356500000,78317.47,78364.0,78274.0,78338.03,33.18784,2026-08-21 23:55:00+00:00
1787356800000,78338.03,78500.0,78106.0,78193.06,98.9305,2026-08-22 00:00:00+00:00
1787357100000,78193.07,78193.07,77738.0,77884.0,129.98554,2026-08-22 00:05:00+00:00
1787357400000,77884.0,77998.0,77816.0,77909.02,63.62017,2026-08-22 00:10:00+00:00
1787357700000,77909.02,78085.23,77864.0,78062.19,53.47367,2026-08-22 00:15:00+00:00
1787358000000,78062.19,78105.9,78040.0,78089.99,40.24594,2026-08-22 00:20:00+00:00
1787358300000,78090.0,78090.0,77915.52,77919.99,40.51435,2026-08-22 00:25:00+00:00
1787358600000,77919.99,78059.99,77882.0,77912.01,50.58232,2026-08-22 00:30:00+00:00
1787358900000,77912.01,78013.94,77912.0,77938.0,44.67169,2026-08-22 00:35:00+00:00
1787359200000,77938.0,77940.77,77755.05,77832.85,65.47222,2026-08-22 00:40:00+00:00
1787359500000,77832.84,77892.0,77683.37,77825.79,88.97853,2026-08-22 00:45:00+00:00
1787359800000,77825.79,77862.0,77756.01,77848.0,88.97844,2026-08-22 00:50:00+00:00
1787360100000,77848.0,77988.0,77843.99,77953.3,56.65278,2026-08-22 00:55:00+00:00
1787360400000,77953.3,78080.35,77908.0,78080.35,54.22504,2026-08-22 01:00:00+00:00
1787360700000,78080.35,78138.76,78068.0,78078.03,40.82057,2026-08-22 01:05:00+00:00
1787361000000,78078.04,78197.99,78078.01,78110.7,40.39153,2026-08-22 01:10:00+00:00
1787361300000,78110.71,78168.1,77994.81,78004.07,37.74828,2026-08-22 01:15:00+00:00
1787361600000,78004.08,78024.0,77902.0,78007.52,42.88026,2026-08-22 01:20:00+00:00
1787361900000,78007.52,78044.0,77976.01,78016.0,25.67392,2026-08-22 01:25:00+00:00
1787362200000,78016.0,78234.0,78015.99,78130.0,68.29819,2026-08-22 01:30:00+00:00
1787362500000,78130.0,78168.0,78006.0,78009.76,105.69595,2026-08-22 01:35:00+00:00
1787362800000,78009.75,78056.77,77896.51,77923.91,45.4395,2026-08-22 01:40:00+00:00
1787363100000,77923.9,77969.54,77849.99,77850.0,28.67686,2026-08-22 01:45:00+00:00
1787363400000,77850.0,77891.93,77816.66,77877.99,51.21225,2026-08-22 01:50:00+00:00
1787363700000,77878.0,78014.0,77818.0,77830.01,71.89808,2026-08-22 01:55:00+00:00
1787364000000,77830.01,77989.99,77791.19,77967.99,52.58763,2026-08-22 02:00:00+00:00
1787364300000,77968.0,78050.38,77938.01,78017.99,50.15383,2026-08-22 02:05:00+00:00
1787364600000,78017.99,78113.89,78017.98,78058.01,43.20427,2026-08-22 02:10:00+00:00
1787364900000,78058.01,78195.37,78048.0,78116.0,39.39448,2026-08-22 02:15:00+00:00
1787365200000,78116.01,78199.48,78106.1,78195.59,63.32305,2026-08-22 02:20:00+00:00
1787365500000,78195.6,78473.72,78188.09,78398.0,84.97381,2026-08-22 02:25:00+00:00
1787365800000,78398.0,78508.0,78286.0,78300.01,87.14105,2026-08-22 02:30:00+00:00
1787366100000,78300.0,78411.68,78172.0,78411.33,49.32896,2026-08-22 02:35:00+00:00
1787366400000,78411.34,78519.99,78360.33,78510.26,176.74106,2026-08-22 02:40:00+00:00
1787366700000,78510.25,78542.0,78320.92,78374.0,70.21097,2026-08-22 02:45:00+00:00
1787367000000,78373.99,78498.69,78344.0,78455.38,60.1957,2026-08-22 02:50:00+00:00
1787367300000,78455.37,78563.83,78437.06,78470.0,187.91412,2026-08-22 02:55:00+00:00
1787367600000,78470.0,78622.0,78420.24,78563.82,71.85369,2026-08-22 03:00:00+00:00
1787367900000,78569.75,78696.25,78563.82,78563.83,56.89883,2026-08-22 03:05:00+00:00
1787368200000,78563.82,78563.82,78380.0,78394.21,78.71255,2026-08-22 03:10:00+00:00
1787368500000,78394.21,78599.48,78372.0,78599.48,42.64449,2026-08-22 03:15:00+00:00
1787368800000,78599.48,78612.95,78505.88,78589.8,65.99704,2026-08-22 03:20:00+00:00
1787369100000,78589.8,78797.99,78589.8,78768.01,78.48723,2026-08-22 03:25:00+00:00
1787369400000,78768.01,78828.15,78657.28,78670.17,68.73978,2026-08-22 03:30:00+00:00
1787369700000,78670.17,78758.0,78670.16,78685.27,52.75543,2026-08-22 03:35:00+00:00
1787370000000,78685.26,78685.27,78561.38,78647.58,58.7521,2026-08-22 03:40:00+00:00
1787370300000,78647.57,78647.57,78555.64,78555.65,42.76024,2026-08-22 03:45:00+00:00
1787370600000,78555.65,78685.28,78548.74,78548.74,63.79775,2026-08-22 03:50:00+00:00
1787370900000,78548.74,78549.99,78394.01,78410.98,53.40397,2026-08-22 03:55:00+00:00
1787371200000,78410.98,78466.86,78244.6,78379.6,66.98619,2026-08-22 04:00:00+00:00
1787371500000,78379.6,78444.47,78250.0,78319.66,58.658,2026-08-22 04:05:00+00:00
1787371800000,78319.66,78408.04,78319.66,78397.05,43.1731,2026-08-22 04:10:00+00:00
1787372100000,78397.06,78397.06,78207.61,78256.0,56.24675,2026-08-22 04:15:00+00:00
1787372400000,78256.0,78528.0,78256.0,78491.41,56.81079,2026-08-22 04:20:00+00:00
1787372700000,78491.42,78590.43,78491.41,78590.42,41.81504,2026-08-22 04:25:00+00:00
1787373000000,78590.43,78735.0,78522.0,78702.0,72.28995,2026-08-22 04:30:00+00:00
1787373300000,78702.0,78763.18,78618.0,78675.11,59.87418,2026-08-22 04:35:00+00:00
1787373600000,78675.11,78818.0,78651.02,78660.9,94.47724,2026-08-22 04:40:00+00:00
1787373900000,78660.89,78686.0,78525.4,78574.01,91.32536,2026-08-22 04:45:00+00:00
1787374200000,78574.0,78574.01,78500.0,78530.28,52.73528,2026-08-22 04:50:00+00:00
1787374500000,78530.28,78544.0,78456.0,78470.0,43.96117,2026-08-22 04:55:00+00:00
1787374800000,78470.0,78584.0,78430.24,78516.0,59.78571,2026-08-22 05:00:00+00:00
1787375100000,78516.0,78553.09,77797.39,77802.0,243.50929,2026-08-22 05:05:00+00:00
1787375400000,77802.0,77859.85,76500.0,77336.61,1615.68423,2026-08-22 05:10:00+00:00
1787375700000,77336.61,77549.52,76724.68,76965.81,621.82257,2026-08-22 05:15:00+00:00
1787376000000,76965.81,77277.15,76775.0,77060.43,368.29662,2026-08-22 05:20:00+00:00
1787376300000,77060.44,77315.78,77046.53,77305.15,133.30801,2026-08-22 05:25:00+00:00
1787376600000,77305.15,77350.0,76920.62,77350.0,190.01816,2026-08-22 05:30:00+00:00
1787376900000,77350.0,77571.29,77130.63,77130.64,230.40333,2026-08-22 05:35:00+00:00
1787377200000,77130.63,77242.58,77000.0,77175.88,102.03096,2026-08-22 05:40:00+00:00
1787377500000,77175.88,77437.07,77074.31,77376.5,87.35697,2026-08-22 05:45:00+00:00
1787377800000,77376.5,77508.96,77264.18,77355.93,87.72063,2026-08-22 05:50:00+00:00
1787378100000,77355.93,77472.61,77325.07,77380.75,76.41552,2026-08-22 05:55:00+00:00
1787378400000,77380.75,77454.18,77300.67,77310.51,73.48219,2026-08-22 06:00:00+00:00
1787378700000,77310.52,77365.29,77150.01,77321.16,63.49051,2026-08-22 06:05:00+00:00
1787379000000,77321.17,77341.07,77156.27,77181.07,50.69476,2026-08-22 06:10:00+00:00
1787379300000,77181.07,77358.21,77181.07,77227.9,97.41598,2026-08-22 06:15:00+00:00
1787379600000,77227.91,77384.68,77227.9,77377.87,49.08391,2026-08-22 06:20:00+00:00
1787379900000,77377.87,77399.51,77217.88,77245.6,69.09014,2026-08-22 06:25:00+00:00
1787380200000,77245.6,77245.61,76985.14,77088.28,87.03973,2026-08-22 06:30:00+00:00
1787380500000,77088.28,77563.43,77088.28,77514.02,124.38469,2026-08-22 06:35:00+00:00
1787380800000,77514.02,77572.16,77394.6,77394.6,49.54699,2026-08-22 06:40:00+00:00
1787381100000,77394.61,77470.8,77388.64,77449.0,56.53758,2026-08-22 06:45:00+00:00
1787381400000,77449.01,77541.19,77383.45,77459.16,84.26234,2026-08-22 06:50:00+00:00
1787381700000,77459.17,77498.0,77399.69,77486.09,33.28377,2026-08-22 06:55:00+00:00
1787382000000,77486.09,77647.59,77447.22,77625.18,62.03039,2026-08-22 07:00:00+00:00
1787382300000,77625.18,77669.28,77389.14,77394.0,102.44419,2026-08-22 07:05:00+00:00
1787382600000,77394.01,77442.0,77278.0,77375.3,60.72169,2026-08-22 07:10:00+00:00
1787382900000,77375.3,77402.14,77220.0,77269.16,41.52219,2026-08-22 07:15:00+00:00
1787383200000,77269.17,77458.0,77269.17,77435.65,54.67969,2026-08-22 07:20:00+00:00
1787383500000,77435.66,77488.3,77390.0,77485.44,35.82399,2026-08-22 07:25:00+00:00
1787383800000,77485.44,77506.0,77417.54,77452.12,54.18379,2026-08-22 07:30:00+00:00
1787384100000,77452.13,77466.0,77388.61,77405.98,46.83289,2026-08-22 07:35:00+00:00
1787384400000,77405.99,77436.0,77302.0,77418.24,55.88425,2026-08-22 07:40:00+00:00
1787384700000,77418.24,77442.0,77320.0,77338.34,58.87703,2026-08-22 07:45:00+00:00
1787385000000,77338.34,77367.89,77300.0,77349.35,29.2561,2026-08-22 07:50:00+00:00
1787385300000,77349.34,77363.25,77274.4,77289.18,32.09333,2026-08-22 07:55:00+00:00
1787385600000,77289.18,77410.08,77256.0,77256.0,59.55218,2026-08-22 08:00:00+00:00
1787385900000,77256.0,77400.34,77194.0,77342.01,80.64423,2026-08-22 08:05:00+00:00
1787386200000,77342.0,77435.34,77342.0,77424.28,42.78499,2026-08-22 08:10:00+00:00
1787386500000,77424.28,77445.6,77312.0,77323.05,36.95204,2026-08-22 08:15:00+00:00
1787386800000,77323.05,77362.14,77278.0,77293.0,42.93366,2026-08-22 08:20:00+00:00
1787387100000,77293.01,77300.0,77115.33,77226.0,137.62574,2026-08-22 08:25:00+00:00
1787387400000,77226.01,77227.91,77078.0,77124.67,134.96481,2026-08-22 08:30:00+00:00
1787387700000,77124.66,77197.26,77079.0,77148.44,74.95648,2026-08-22 08:35:00+00:00
1787388000000,77148.44,77322.0,77037.42,77297.52,88.21578,2026-08-22 08:40:00+00:00
1787388300000,77297.52,77297.53,77117.11,77199.99,68.5602,2026-08-22 08:45:00+00:00
1787388600000,77199.99,77215.5,77154.56,77187.92,50.09828,2026-08-22 08:50:00+00:00
1787388900000,77187.93,77212.06,77150.0,77210.55,53.1877,2026-08-22 08:55:00+00:00
1787389200000,77210.55,77226.85,77050.0,77112.94,95.60166,2026-08-22 09:00:00+00:00
1787389500000,77112.94,77262.12,77085.31,77254.0,98.49605,2026-08-22 09:05:00+00:00
1787389800000,77254.0,77376.05,77204.0,77376.04,140.21022,2026-08-22 09:10:00+00:00
1787390100000,77376.05,77395.04,77280.32,77288.61,102.95006,2026-08-22 09:15:00+00:00
1787390400000,77288.62,77381.17,77240.51,77244.85,122.8166,2026-08-22 09:20:00+00:00
1787390700000,77244.84,77258.02,77176.46,77222.35,96.53982,2026-08-22 09:25:00+00:00
1787391000000,77222.35,77261.81,77196.31,77197.48,38.86945,2026-08-22 09:30:00+00:00
1787391300000,77197.47,77234.66,77158.0,77164.7,34.87503,2026-08-22 09:35:00+00:00
1787391600000,77164.71,77211.63,77164.71,77203.45,36.57085,2026-08-22 09:40:00+00:00
1787391900000,77203.45,77203.46,76851.25,76980.3,142.77303,2026-08-22 09:45:00+00:00
1787392200000,76980.3,77032.29,76898.0,76929.48,91.3225,2026-08-22 09:50:00+00:00
1787392500000,76929.47,77062.0,76928.0,77061.99,88.28461,2026-08-22 09:55:00+00:00
1787392800000,77062.0,77088.92,76810.31,76933.3,97.17464,2026-08-22 10:00:00+00:00
1787393100000,76933.3,76933.3,76751.0,76780.06,87.0003,2026-08-22 10:05:00+00:00
1787393400000,76780.05,76876.0,76680.0,76714.41,81.54007,2026-08-22 10:10:00+00:00
1787393700000,76714.42,76836.0,76674.0,76674.01,79.43497,2026-08-22 10:15:00+00:00
1787394000000,76674.01,76758.42,76533.87,76608.0,150.9039,2026-08-22 10:20:00+00:00
1787394300000,76608.0,76946.0,76582.0,76934.02,172.6118,2026-08-22 10:25:00+00:00
1787394600000,76934.02,76971.54,76870.0,76942.01,46.69246,2026-08-22 10:30:00+00:00
1787394900000,76942.01,77129.77,76942.0,77085.04,50.52192,2026-08-22 10:35:00+00:00
1787395200000,77085.03,77177.49,77085.03,77167.17,48.25563,2026-08-22 10:40:00+00:00
1787395500000,77167.18,77187.46,77045.73,77050.0,66.13423,2026-08-22 10:45:00+00:00
1787395800000,77050.0,77080.0,76989.87,76989.88,84.70035,2026-08-22 10:50:00+00:00
1787396100000,76989.88,77010.0,76884.85,76976.0,93.86547,2026-08-22 10:55:00+00:00
1787396400000,76976.01,76992.31,76822.0,76967.09,57.2203,2026-08-22 11:00:00+00:00
1787396700000,76967.1,77062.0,76890.0,76890.0,53.21653,2026-08-22 11:05:00+00:00
1787397000000,76890.01,76961.02,76863.56,76863.56,38.43579,2026-08-22 11:10:00+00:00
1787397300000,76863.56,76887.7,76772.05,76815.85,66.83516,2026-08-22 11:15:00+00:00
1787397600000,76815.86,76919.51,76815.86,76838.48,38.52767,2026-08-22 11:20:00+00:00
1787397900000,76838.47,76999.7,76838.47,76987.23,119.37485,2026-08-22 11:25:00+00:00
1787398200000,76987.22,77094.0,76946.89,77091.54,90.1171,2026-08-22 11:30:00+00:00
1787398500000,77091.54,77190.22,77091.53,77130.5,70.4795,2026-08-22 11:35:00+00:00
1787398800000,77130.49,77179.44,77114.68,77175.01,41.20702,2026-08-22 11:40:00+00:00
1787399100000,77175.02,77204.68,77095.28,77095.28,50.33097,2026-08-22 11:45:00+00:00
1787399400000,77095.28,77099.16,77061.81,77091.11,54.46403,2026-08-22 11:50:00+00:00
1787399700000,77091.12,77175.7,77088.16,77130.02,49.17111,2026-08-22 11:55:00+00:00
1787400000000,77130.01,77268.0,77073.86,77135.29,39.48614,2026-08-22 12:00:00+00:00
1787400300000,77135.29,77277.38,77135.28,77241.99,65.5349,2026-08-22 12:05:00+00:00
1787400600000,77241.99,77284.21,77220.0,77242.62,28.79904,2026-08-22 12:10:00+00:00
1787400900000,77242.63,77280.0,77199.72,77250.82,33.29793,2026-08-22 12:15:00+00:00
1787401200000,77250.82,77308.88,77250.82,77281.98,39.96839,2026-08-22 12:20:00+00:00
1787401500000,77281.97,77341.3,77252.33,77330.01,149.185,2026-08-22 12:25:00+00:00
1787401800000,77330.01,77330.01,77218.06,77220.59,38.65756,2026-08-22 12:30:00+00:00
1787402100000,77220.59,77280.54,77208.13,77251.22,20.24174,2026-08-22 12:35:00+00:00
1787402400000,77251.22,77344.0,77251.21,77344.0,21.92995,2026-08-22 12:40:00+00:00
1787402700000,77344.0,77387.99,77332.66,77342.82,30.21377,2026-08-22 12:45:00+00:00
1787403000000,77342.83,77342.83,77258.0,77310.15,43.14192,2026-08-22 12:50:00+00:00
1787403300000,77310.15,77340.0,77292.0,77300.27,19.38778,2026-08-22 12:55:00+00:00
1787403600000,77300.27,77310.29,77200.0,77216.74,28.16433,2026-08-22 13:00:00+00:00
1787403900000,77216.73,77260.92,77194.55,77260.92,31.40981,2026-08-22 13:05:00+00:00
1787404200000,77260.92,77268.34,77214.4,77225.91,19.30775,2026-08-22 13:10:00+00:00
1787404500000,77225.92,77252.0,77137.52,77137.52,84.43997,2026-08-22 13:15:00+00:00
1787404800000,77137.53,77184.13,77126.03,77184.13,31.81176,2026-08-22 13:20:00+00:00
1787405100000,77184.13,77250.03,77170.86,77170.86,23.93708,2026-08-22 13:25:00+00:00
1787405400000,77170.86,77185.99,77138.86,77138.86,44.08286,2026-08-22 13:30:00+00:00
1787405700000,77138.86,77177.52,77116.0,77116.76,40.84004,2026-08-22 13:35:00+00:00
1787406000000,77116.77,77177.53,77116.76,77150.0,22.84122,2026-08-22 13:40:00+00:00
1787406300000,77149.99,77287.07,77149.99,77250.75,76.52985,2026-08-22 13:45:00+00:00
1787406600000,77250.76,77362.03,77250.75,77295.98,48.66832,2026-08-22 13:50:00+00:00
1787406900000,77295.99,77298.84,77256.0,77288.62,19.55441,2026-08-22 13:55:00+00:00
1787407200000,77288.62,77305.14,77180.23,77197.27,26.216,2026-08-22 14:00:00+00:00
1787407500000,77197.27,77217.29,76949.56,77086.38,101.87165,2026-08-22 14:05:00+00:00
1787407800000,77086.38,77103.22,77007.71,77030.01,41.3683,2026-08-22 14:10:00+00:00
1787408100000,77030.0,77068.0,76957.82,77003.17,32.17735,2026-08-22 14:15:00+00:00
1787408400000,77003.18,77050.87,77000.0,77023.45,26.51312,2026-08-22 14:20:00+00:00
1787408700000,77023.45,77093.22,77010.21,77093.21,23.58276,2026-08-22 14:25:00+00:00
1787409000000,77093.22,77150.0,77040.0,77141.0,47.18083,2026-08-22 14:30:00+00:00
1787409300000,77141.01,77163.53,76990.4,76990.4,72.54987,2026-08-22 14:35:00+00:00
1787409600000,76990.4,77046.78,76960.0,76960.0,40.58665,2026-08-22 14:40:00+00:00
1787409900000,76960.01,77007.4,76950.74,76967.31,42.87294,2026-08-22 14:45:00+00:00
1787410200000,76967.31,77000.0,76930.0,76950.77,33.41003,2026-08-22 14:50:00+00:00
1787410500000,76950.77,77081.73,76940.32,77003.62,45.72062,2026-08-22 14:55:00+00:00
1787410800000,77003.62,77086.56,76958.25,77022.93,40.46456,2026-08-22 15:00:00+00:00
1787411100000,77022.92,77054.0,76964.4,76964.41,30.30443,2026-08-22 15:05:00+00:00
1787411400000,76964.41,77027.67,76944.77,76944.77,39.13117,2026-08-22 15:10:00+00:00
1787411700000,76944.77,77011.51,76934.0,76957.06,28.31586,2026-08-22 15:15:00+00:00
1787412000000,76957.05,77033.43,76880.0,77002.47,58.44114,2026-08-22 15:20:00+00:00
1787412300000,77002.48,77022.0,76970.23,76992.01,63.16035,2026-08-22 15:25:00+00:00
1787412600000,76992.0,77100.77,76989.79,77093.21,33.86073,2026-08-22 15:30:00+00:00
1787412900000,77093.21,77093.22,77023.99,77054.0,20.50975,2026-08-22 15:35:00+00:00
1787413200000,77054.0,77077.92,77014.0,77060.01,23.96982,2026-08-22 15:40:00+00:00
1787413500000,77060.0,77091.91,77000.0,77000.0,27.36278,2026-08-22 15:45:00+00:00
1787413800000,77000.01,77002.93,76922.0,76967.94,39.13681,2026-08-22 15:50:00+00:00
1787414100000,76967.93,77022.0,76965.39,76978.83,60.63022,2026-08-22 15:55:00+00:00
1787414400000,76978.83,77066.25,76961.18,77064.99,74.06112,2026-08-22 16:00:00+00:00
1787414700000,77064.99,77065.0,77016.6,77020.31,25.32313,2026-08-22 16:05:00+00:00
1787415000000,77020.31,77063.99,76956.36,77053.38,24.02731,2026-08-22 16:10:00+00:00
1787415300000,77053.39,77168.17,77046.8,77168.16,33.35856,2026-08-22 16:15:00+00:00
1787415600000,77168.16,77228.99,77155.33,77205.41,55.02881,2026-08-22 16:20:00+00:00
1787415900000,77205.41,77232.0,77167.17,77198.0,28.01023,2026-08-22 16:25:00+00:00
1787416200000,77198.0,77221.07,77150.45,77192.99,47.91812,2026-08-22 16:30:00+00:00
1787416500000,77193.0,77327.28,77192.99,77317.43,47.91805,2026-08-22 16:35:00+00:00
1787416800000,77317.43,77460.0,77317.43,77395.88,68.60595,2026-08-22 16:40:00+00:00
1787417100000,77395.87,77547.96,77395.87,77443.68,68.40988,2026-08-22 16:45:00+00:00
1787417400000,77443.68,77443.69,77329.58,77329.58,33.94368,2026-08-22 16:50:00+00:00
1787417700000,77329.58,77351.4,77288.0,77288.01,30.91575,2026-08-22 16:55:00+00:00
1787418000000,77288.01,77334.86,77268.0,77268.0,23.2124,2026-08-22 17:00:00+00:00
1787418300000,77268.01,77322.27,77240.0,77284.88,66.83625,2026-08-22 17:05:00+00:00
1787418600000,77284.88,77298.84,77253.0,77275.02,33.41035,2026-08-22 17:10:00+00:00
1787418900000,77275.03,77334.35,77272.67,77334.35,20.11118,2026-08-22 17:15:00+00:00
1787419200000,77334.35,77334.57,77285.57,77285.72,15.13998,2026-08-22 17:20:00+00:00
1787419500000,77285.73,77289.73,77066.66,77084.94,39.30601,2026-08-22 17:25:00+00:00
1787419800000,77084.95,77190.0,77084.95,77167.18,17.99497,2026-08-22 17:30:00+00:00
1787420100000,77167.18,77196.03,77122.0,77122.0,16.41943,2026-08-22 17:35:00+00:00
1787420400000,77122.0,77220.75,77118.48,77220.74,24.9912,2026-08-22 17:40:00+00:00
1787420700000,77220.74,77307.73,77220.73,77286.87,47.06907,2026-08-22 17:45:00+00:00
1787421000000,77286.87,77369.99,77272.95,77301.74,34.52867,2026-08-22 17:50:00+00:00
1787421300000,77301.74,77308.52,77275.83,77278.01,28.8732,2026-08-22 17:55:00+00:00
1787421600000,77278.01,77351.18,77278.01,77349.67,32.56847,2026-08-22 18:00:00+00:00
1787421900000,77349.68,77360.92,77251.3,77251.3,30.37518,2026-08-22 18:05:00+00:00
1787422200000,77251.3,77263.21,77207.09,77240.25,21.24683,2026-08-22 18:10:00+00:00
1787422500000,77240.24,77298.84,77240.24,77275.13,14.79848,2026-08-22 18:15:00+00:00
1787422800000,77275.12,77344.0,77268.0,77309.3,13.59129,2026-08-22 18:20:00+00:00
1787423100000,77309.31,77324.0,77280.57,77295.99,12.95728,2026-08-22 18:25:00+00:00
1787423400000,77295.99,77318.02,77270.01,77318.02,26.66734,2026-08-22 18:30:00+00:00
1787423700000,77318.03,77320.0,77250.78,77259.25,18.42265,2026-08-22 18:35:00+00:00
1787424000000,77259.24,77265.68,77220.81,77227.9,14.86544,2026-08-22 18:40:00+00:00
1787424300000,77227.9,77234.87,77180.14,77217.07,25.50844,2026-08-22 18:45:00+00:00
1787424600000,77217.07,77217.08,77138.0,77205.11,24.45582,2026-08-22 18:50:00+00:00
1787424900000,77205.1,77257.87,77197.38,77257.86,10.87659,2026-08-22 18:55:00+00:00
1787425200000,77257.87,77288.57,77244.0,77256.73,42.17826,2026-08-22 19:00:00+00:00
1787425500000,77256.73,77261.06,77206.53,77253.99,23.66666,2026-08-22 19:05:00+00:00
1787425800000,77254.0,77337.72,77242.35,77329.77,18.81003,2026-08-22 19:10:00+00:00
1787426100000,77329.78,77337.69,77268.0,77283.46,26.369,2026-08-22 19:15:00+00:00
1787426400000,77283.45,77294.38,77265.32,77277.72,7.09357,2026-08-22 19:20:00+00:00
1787426700000,77277.72,77308.21,77254.0,77281.98,32.81271,2026-08-22 19:25:00+00:00
1787427000000,77281.97,77349.32,77281.97,77328.01,11.56062,2026-08-22 19:30:00+00:00
1787427300000,77328.0,77382.92,77328.0,77354.3,15.17936,2026-08-22 19:35:00+00:00
1787427600000,77354.31,77422.0,77354.3,77422.0,18.73811,2026-08-22 19:40:00+00:00
1787427900000,77422.0,77454.99,77410.07,77438.31,28.05832,2026-08-22 19:45:00+00:00
1787428200000,77438.31,77469.64,77438.31,77453.23,17.9009,2026-08-22 19:50:00+00:00
1787428500000,77453.22,77453.23,77418.25,77418.25,18.04899,2026-08-22 19:55:00+00:00
1787428800000,77418.26,77430.9,77366.02,77401.63,22.10365,2026-08-22 20:00:00+00:00
1787429100000,77401.62,77436.0,77380.86,77429.93,13.52273,2026-08-22 20:05:00+00:00
1787429400000,77429.93,77467.53,77412.24,77412.25,34.06323,2026-08-22 20:10:00+00:00
1787429700000,77412.25,77428.1,77349.34,77349.34,59.9306,2026-08-22 20:15:00+00:00
1787430000000,77349.35,77349.35,77330.0,77330.0,27.49189,2026-08-22 20:20:00+00:00
1787430300000,77330.01,77348.8,77298.15,77298.15,31.57139,2026-08-22 20:25:00+00:00
1787430600000,77298.16,77314.08,77258.0,77277.99,32.548,2026-08-22 20:30:00+00:00
1787430900000,77278.0,77370.0,77273.58,77370.0,20.32627,2026-08-22 20:35:00+00:00
1787431200000,77369.99,77408.0,77306.0,77352.18,45.88604,2026-08-22 20:40:00+00:00
1787431500000,77352.19,77374.62,77342.04,77342.05,23.95762,2026-08-22 20:45:00+00:00
1787431800000,77342.05,77342.05,77315.99,77316.0,17.08853,2026-08-22 20:50:00+00:00
1787432100000,77316.0,77320.66,77264.5,77311.69,23.20048,2026-08-22 20:55:00+00:00
1787432400000,77311.69,77311.69,77026.0,77076.0,54.85979,2026-08-22 21:00:00+00:00
1787432700000,77076.0,77151.11,77076.0,77140.01,21.64013,2026-08-22 21:05:00+00:00
1787433000000,77140.0,77141.95,77048.0,77048.0,36.4202,2026-08-22 21:10:00+00:00
1787433300000,77048.01,77188.0,77048.01,77185.83,26.27949,2026-08-22 21:15:00+00:00
1787433600000,77185.84,77206.8,77138.0,77138.0,19.36081,2026-08-22 21:20:00+00:00
1787433900000,77138.0,77200.0,77122.0,77183.47,15.32703,2026-08-22 21:25:00+00:00
1787434200000,77183.46,77196.03,77086.0,77113.99,29.76668,2026-08-22 21:30:00+00:00
1787434500000,77113.99,77114.17,76990.4,76999.65,56.08661,2026-08-22 21:35:00+00:00
1787434800000,76999.66,77031.06,76924.28,77030.33,57.57094,2026-08-22 21:40:00+00:00
1787435100000,77030.33,77030.33,76900.0,76973.09,41.90987,2026-08-22 21:45:00+00:00
1787435400000,76973.1,76979.99,76933.52,76936.51,49.95032,2026-08-22 21:50:00+00:00
1787435700000,76936.5,76945.68,76828.78,76856.01,63.37007,2026-08-22 21:55:00+00:00
1787436000000,76856.0,76964.79,76772.0,76964.79,105.50922,2026-08-22 22:00:00+00:00
1787436300000,76964.78,77155.46,76964.78,77110.0,60.94953,2026-08-22 22:05:00+00:00
1787436600000,77110.0,77145.28,77074.01,77101.69,38.38555,2026-08-22 22:10:00+00:00
1787436900000,77101.68,77127.86,77042.46,77055.99,31.2218,2026-08-22 22:15:00+00:00
1787437200000,77055.99,77150.0,77055.98,77115.99,34.00299,2026-08-22 22:20:00+00:00
1787437500000,77115.99,77154.01,77048.2,77048.2,107.71913,2026-08-22 22:25:00+00:00
1787437800000,77048.21,77055.77,76876.0,76937.79,52.75893,2026-08-22 22:30:00+00:00
1787438100000,76937.79,77045.76,76937.79,76982.0,114.238,2026-08-22 22:35:00+00:00
1787438400000,76982.01,77090.01,76982.0,77070.01,235.71466,2026-08-22 22:40:00+00:00
1787438700000,77070.01,77109.23,77031.0,77045.74,39.45467,2026-08-22 22:45:00+00:00
1787439000000,77045.73,77148.0,77045.73,77103.84,49.886,2026-08-22 22:50:00+00:00
1787439300000,77103.84,77119.38,76958.1,76997.76,64.14266,2026-08-22 22:55:00+00:00
1787439600000,76997.77,77053.81,76954.0,77053.8,26.07266,2026-08-22 23:00:00+00:00
1787439900000,77053.81,77084.23,77018.41,77018.41,44.49102,2026-08-22 23:05:00+00:00
1787440200000,77018.39,77033.57,76946.46,76974.79,119.89211,2026-08-22 23:10:00+00:00
1787440500000,76974.79,77011.12,76974.78,77011.11,12.94004,2026-08-22 23:15:00+00:00
1787440800000,77011.11,77021.57,76993.32,76993.33,18.25576,2026-08-22 23:20:00+00:00
1787441100000,76993.33,77018.0,76939.99,76939.99,59.51848,2026-08-22 23:25:00+00:00
1787441400000,76940.0,76978.55,76900.0,76904.73,69.69766,2026-08-22 23:30:00+00:00
1787441700000,76904.73,76983.41,76900.0,76983.41,19.14393,2026-08-22 23:35:00+00:00
1787442000000,76983.4,77034.0,76983.4,77022.58,11.1467,2026-08-22 23:40:00+00:00
1787442300000,77022.58,77094.07,77008.0,77094.06,8.9977,2026-08-22 23:45:00+00:00
1787442600000,77094.07,77126.53,77063.45,77093.21,42.55299,2026-08-22 23:50:00+00:00
1787442900000,77093.21,77106.0,77074.93,77074.93,10.24349,2026-08-22 23:55:00+00:00
1787443200000,77074.94,77136.9,77074.94,77135.99,22.77781,2026-08-23 00:00:00+00:00
1787443500000,77136.0,77143.94,77093.46,77093.46,14.99338,2026-08-23 00:05:00+00:00
1787443800000,77093.47,77093.47,77042.91,77080.01,30.6022,2026-08-23 00:10:00+00:00
1787444100000,77080.01,77130.0,77055.99,77104.05,13.22364,2026-08-23 00:15:00+00:00
1787444400000,77104.04,77196.03,77093.33,77196.03,28.69642,2026-08-23 00:20:00+00:00
1787444700000,77196.03,77250.0,77170.86,77227.91,20.66039,2026-08-23 00:25:00+00:00
1787445000000,77227.91,77287.39,77227.9,77277.0,15.58152,2026-08-23 00:30:00+00:00
1787445300000,77277.01,77356.0,77230.0,77279.12,49.17317,2026-08-23 00:35:00+00:00
1787445600000,77279.12,77312.06,77228.73,77282.47,45.97664,2026-08-23 00:40:00+00:00
1787445900000,77282.47,77326.0,77256.0,77319.53,64.34615,2026-08-23 00:45:00+00:00
1787446200000,77319.53,77359.53,77310.34,77346.24,73.50689,2026-08-23 00:50:00+00:00
1787446500000,77346.24,77346.48,77297.24,77302.65,43.10974,2026-08-23 00:55:00+00:00
1787446800000,77302.65,77302.65,77178.0,77186.87,36.24321,2026-08-23 01:00:00+00:00
1787447100000,77186.87,77260.0,77172.0,77247.12,24.49382,2026-08-23 01:05:00+00:00
1787447400000,77247.12,77400.0,77245.28,77399.99,38.0395,2026-08-23 01:10:00+00:00
1787447700000,77400.0,77400.0,77300.27,77306.47,13.9291,2026-08-23 01:15:00+00:00
1787448000000,77306.48,77330.0,77306.47,77308.0,12.47989,2026-08-23 01:20:00+00:00
1787448300000,77308.0,77308.01,77260.0,77268.09,18.19718,2026-08-23 01:25:00+00:00
1787448600000,77268.09,77318.26,77191.3,77210.75,34.18693,2026-08-23 01:30:00+00:00
1787448900000,77210.75,77256.0,77188.0,77256.0,18.61784,2026-08-23 01:35:00+00:00
1787449200000,77256.0,77276.0,77169.08,77253.04,24.10376,2026-08-23 01:40:00+00:00
1787449500000,77253.04,77329.42,77236.47,77242.96,22.95996,2026-08-23 01:45:00+00:00
1787449800000,77242.97,77287.22,77198.41,77259.78,44.30761,2026-08-23 01:50:00+00:00
1787450100000,77259.77,77259.77,77158.0,77190.29,28.3758,2026-08-23 01:55:00+00:00
1787450400000,77190.29,77211.08,77136.0,77136.01,23.36546,2026-08-23 02:00:00+00:00
1787450700000,77136.01,77142.42,77093.21,77104.1,26.42316,2026-08-23 02:05:00+00:00
1787451000000,77104.11,77132.29,77050.01,77050.02,39.64749,2026-08-23 02:10:00+00:00
1787451300000,77050.02,77125.02,77050.02,77107.82,16.64462,2026-08-23 02:15:00+00:00
1787451600000,77107.82,77111.89,77005.88,77060.0,25.22876,2026-08-23 02:20:00+00:00
1787451900000,77060.0,77115.29,77059.99,77114.47,17.43477,2026-08-23 02:25:00+00:00
1787452200000,77114.48,77207.3,77114.47,77207.3,15.99366,2026-08-23 02:30:00+00:00
1787452500000,77207.3,77207.3,77174.0,77190.04,19.34594,2026-08-23 02:35:00+00:00
1787452800000,77190.04,77201.58,77140.56,77175.95,12.35108,2026-08-23 02:40:00+00:00
1787453100000,77175.96,77209.91,77162.0,77183.49,17.5335,2026-08-23 02:45:00+00:00
1787453400000,77183.49,77232.55,77064.22,77064.22,49.13399,2026-08-23 02:50:00+00:00
1787453700000,77064.23,77084.0,77064.22,77079.46,9.34378,2026-08-23 02:55:00+00:00
1787454000000,77079.46,77114.0,77070.01,77072.0,27.18161,2026-08-23 03:00:00+00:00
1787454300000,77072.01,77072.01,77019.99,77019.99,11.74245,2026-08-23 03:05:00+00:00
1787454600000,77020.0,77090.0,77002.39,77083.77,98.591,2026-08-23 03:10:00+00:00
1787454900000,77083.78,77136.78,77055.16,77106.31,35.02209,2026-08-23 03:15:00+00:00
1787455200000,77106.3,77106.31,77006.01,77016.38,27.22115,2026-08-23 03:20:00+00:00
1787455500000,77016.38,77036.6,76988.0,76988.01,28.66897,2026-08-23 03:25:00+00:00
1787455800000,76988.0,76988.01,76896.05,76947.57,79.44902,2026-08-23 03:30:00+00:00
1787456100000,76947.58,76979.24,76924.28,76924.28,32.67252,2026-08-23 03:35:00+00:00
1787456400000,76924.28,76924.29,76837.0,76849.99,51.87755,2026-08-23 03:40:00+00:00
1787456700000,76849.99,76985.01,76849.99,76985.01,50.35863,2026-08-23 03:45:00+00:00
1787457000000,76985.01,76985.01,76936.51,76952.01,40.38328,2026-08-23 03:50:00+00:00
1787457300000,76952.0,76952.01,76910.7,76927.87,58.86965,2026-08-23 03:55:00+00:00
1787457600000,76927.87,76950.0,76844.75,76844.76,51.65492,2026-08-23 04:00:00+00:00
1787457900000,76844.76,76932.44,76706.45,76822.76,167.29893,2026-08-23 04:05:00+00:00
1787458200000,76822.76,77025.99,76822.76,77004.3,64.91574,2026-08-23 04:10:00+00:00
1787458500000,77004.31,77036.58,76819.58,76819.58,51.28552,2026-08-23 04:15:00+00:00
1787458800000,76819.58,76903.81,76795.83,76903.79,55.89074,2026-08-23 04:20:00+00:00
1787459100000,76903.8,77000.0,76903.79,76961.8,29.9024,2026-08-23 04:25:00+00:00
1787459400000,76961.81,76974.0,76836.32,76873.99,48.64654,2026-08-23 04:30:00+00:00
1787459700000,76874.0,76874.14,76818.31,76850.98,113.72722,2026-08-23 04:35:00+00:00
1787460000000,76850.98,76896.43,76812.16,76821.23,107.32557,2026-08-23 04:40:00+00:00
1787460300000,76821.23,76823.4,76560.04,76624.0,238.9801,2026-08-23 04:45:00+00:00
1787460600000,76624.01,76746.0,76622.0,76690.94,74.5587,2026-08-23 04:50:00+00:00
1787460900000,76690.94,76703.99,76477.04,76602.0,138.12739,2026-08-23 04:55:00+00:00
1787461200000,76602.0,76730.99,76483.56,76566.65,139.52646,2026-08-23 05:00:00+00:00
1787461500000,76566.65,76637.56,76225.42,76296.0,217.42886,2026-08-23 05:05:00+00:00
1787461800000,76296.01,76428.0,75810.01,75889.21,375.80803,2026-08-23 05:10:00+00:00
1787462100000,75889.21,76050.0,75545.67,76047.01,476.68733,2026-08-23 05:15:00+00:00
1787462400000,76047.0,76280.51,76012.62,76280.51,209.06776,2026-08-23 05:20:00+00:00
1787462700000,76280.51,76315.2,76180.71,76228.07,112.32682,2026-08-23 05:25:00+00:00
1787463000000,76228.07,76333.83,76195.59,76247.51,80.06125,2026-08-23 05:30:00+00:00
1787463300000,76247.5,76306.0,76177.31,76229.64,60.45774,2026-08-23 05:35:00+00:00
1787463600000,76229.64,76270.76,76100.0,76166.88,101.62292,2026-08-23 05:40:00+00:00
1787463900000,76166.88,76200.0,76111.82,76172.0,68.24235,2026-08-23 05:45:00+00:00
1787464200000,76172.0,76247.08,76030.0,76142.21,119.63833,2026-08-23 05:50:00+00:00
1787464500000,76142.21,76178.0,76053.37,76053.37,60.65683,2026-08-23 05:55:00+00:00
1787464800000,76053.38,76116.42,75988.98,76101.99,92.30653,2026-08-23 06:00:00+00:00
1787465100000,76102.0,76130.0,75872.89,75914.17,96.79067,2026-08-23 06:05:00+00:00
1787465400000,75914.17,76148.0,75904.48,76078.02,68.51706,2026-08-23 06:10:00+00:00
1787465700000,76078.01,76287.37,76069.11,76287.37,83.9138,2026-08-23 06:15:00+00:00
1787466000000,76287.36,76302.4,76194.0,76272.0,96.52342,2026-08-23 06:20:00+00:00
1787466300000,76272.0,76272.01,76168.79,76226.0,58.4193,2026-08-23 06:25:00+00:00
1787466600000,76226.0,76357.51,76225.99,76338.07,77.73418,2026-08-23 06:30:00+00:00
1787466900000,76338.06,76348.0,76176.79,76231.58,54.49697,2026-08-23 06:35:00+00:00
1787467200000,76231.59,76294.0,76231.58,76254.89,22.99233,2026-08-23 06:40:00+00:00
1787467500000,76254.9,76270.76,76193.83,76194.27,35.36497,2026-08-23 06:45:00+00:00
1787467800000,76194.27,76223.29,76136.39,76143.65,42.24207,2026-08-23 06:50:00+00:00
1787468100000,76143.66,76165.33,76025.4,76096.95,59.14362,2026-08-23 06:55:00+00:00
1787468400000,76096.96,76115.0,76029.46,76114.99,53.23563,2026-08-23 07:00:00+00:00
1787468700000,76115.0,76260.0,76115.0,76237.62,31.66046,2026-08-23 07:05:00+00:00
1787469000000,76237.63,76318.0,76232.08,76299.99,40.47565,2026-08-23 07:10:00+00:00
1787469300000,76300.0,76345.31,76294.95,76334.51,32.30534,2026-08-23 07:15:00+00:00
1787469600000,76334.52,76334.52,76242.0,76242.0,23.91499,2026-08-23 07:20:00+00:00
1787469900000,76242.0,76274.7,76230.0,76230.01,33.32893,2026-08-23 07:25:00+00:00
1787470200000,76230.01,76231.68,76100.0,76100.01,32.45814,2026-08-23 07:30:00+00:00
1787470500000,76100.01,76128.0,76080.0,76118.0,32.94325,2026-08-23 07:35:00+00:00
1787470800000,76118.0,76124.03,76051.17,76058.72,44.15916,2026-08-23 07:40:00+00:00
1787471100000,76058.72,76110.31,76045.7,76110.31,56.44176,2026-08-23 07:45:00+00:00
1787471400000,76110.3,76148.0,76035.21,76035.22,49.92898,2026-08-23 07:50:00+00:00
1787471700000,76035.21,76046.0,75907.82,76007.13,67.56893,2026-08-23 07:55:00+00:00
1787472000000,76007.12,76042.03,75952.09,76042.03,69.17782,2026-08-23 08:00:00+00:00
1787472300000,76042.03,76262.46,76035.99,76247.47,201.52086,2026-08-23 08:05:00+00:00
1787472600000,76247.46,76300.0,76190.38,76206.13,69.06555,2026-08-23 08:10:00+00:00
1787472900000,76206.12,76299.0,76203.83,76261.37,52.82785,2026-08-23 08:15:00+00:00
1787473200000,76261.36,76261.37,76220.84,76237.56,51.41846,2026-08-23 08:20:00+00:00
1787473500000,76237.56,76251.15,76219.97,76236.35,46.65424,2026-08-23 08:25:00+00:00
1787473800000,76236.35,76312.24,76236.34,76300.01,36.93513,2026-08-23 08:30:00+00:00
1787474100000,76300.01,76493.03,76294.0,76432.0,77.689,2026-08-23 08:35:00+00:00
1787474400000,76432.0,76654.78,76430.0,76519.75,73.42038,2026-08-23 08:40:00+00:00
1787474700000,76519.76,76612.39,76492.86,76494.06,36.57475,2026-08-23 08:45:00+00:00
1787475000000,76494.06,76534.0,76466.34,76509.32,24.5498,2026-08-23 08:50:00+00:00
1787475300000,76509.32,76514.76,76448.37,76486.49,33.6584,2026-08-23 08:55:00+00:00
1787475600000,76486.49,76616.27,76470.0,76579.17,39.09933,2026-08-23 09:00:00+00:00
1787475900000,76579.17,76639.99,76573.52,76585.58,40.16874,2026-08-23 09:05:00+00:00
1787476200000,76585.59,76601.66,76544.49,76579.18,16.34902,2026-08-23 09:10:00+00:00
1787476500000,76579.18,76605.32,76512.82,76541.78,24.98515,2026-08-23 09:15:00+00:00
1787476800000,76541.79,76543.99,76476.36,76496.0,26.33169,2026-08-23 09:20:00+00:00
1787477100000,76496.01,76579.18,76496.0,76556.01,16.23888,2026-08-23 09:25:00+00:00
1787477400000,76556.0,76556.01,76476.37,76493.18,29.57302,2026-08-23 09:30:00+00:00
1787477700000,76493.19,76536.35,76467.0,76527.99,29.68262,2026-08-23 09:35:00+00:00
1787478000000,76527.99,76576.39,76527.99,76564.5,24.03751,2026-08-23 09:40:00+00:00
1787478300000,76564.5,76611.77,76505.01,76589.89,31.12473,2026-08-23 09:45:00+00:00
1787478600000,76589.89,76640.21,76586.0,76606.65,31.54396,2026-08-23 09:50:00+00:00
1787478900000,76606.64,76606.64,76549.98,76549.98,37.23791,2026-08-23 09:55:00+00:00
1787479200000,76549.99,76638.31,76542.0,76622.35,42.08999,2026-08-23 10:00:00+00:00
1787479500000,76622.35,76732.36,76622.34,76678.82,55.00963,2026-08-23 10:05:00+00:00
1787479800000,76678.83,76695.32,76601.98,76656.55,49.40076,2026-08-23 10:10:00+00:00
1787480100000,76656.55,76681.99,76646.0,76656.01,26.45157,2026-08-23 10:15:00+00:00
1787480400000,76656.02,76923.52,76656.02,76845.99,106.91706,2026-08-23 10:20:00+00:00
1787480700000,76845.99,76887.61,76749.23,76757.53,47.03804,2026-08-23 10:25:00+00:00
1787481000000,76757.53,76921.1,76749.27,76921.1,44.54754,2026-08-23 10:30:00+00:00
1787481300000,76921.11,76924.29,76805.99,76832.28,32.1914,2026-08-23 10:35:00+00:00
1787481600000,76832.28,76878.0,76807.51,76856.67,38.9243,2026-08-23 10:40:00+00:00
1787481900000,76856.68,76877.19,76812.0,76812.01,16.66764,2026-08-23 10:45:00+00:00
1787482200000,76812.01,76854.0,76806.0,76815.06,27.71556,2026-08-23 10:50:00+00:00
1787482500000,76815.05,76815.07,76780.15,76790.35,46.75808,2026-08-23 10:55:00+00:00
1787482800000,76790.35,76844.0,76744.94,76744.94,30.05065,2026-08-23 11:00:00+00:00
1787483100000,76744.95,76845.68,76744.94,76806.46,34.04084,2026-08-23 11:05:00+00:00
1787483400000,76806.47,76892.0,76803.38,76883.38,24.08803,2026-08-23 11:10:00+00:00
1787483700000,76884.62,76974.62,76824.0,76974.62,40.3182,2026-08-23 11:15:00+00:00
1787484000000,76974.61,77314.0,76974.61,77286.42,250.45307,2026-08-23 11:20:00+00:00
1787484300000,77286.43,77298.84,77146.0,77170.0,52.7761,2026-08-23 11:25:00+00:00
1787484600000,77169.99,77254.56,77132.0,77200.01,51.98247,2026-08-23 11:30:00+00:00
1787484900000,77200.0,77393.69,77200.0,77392.42,101.40022,2026-08-23 11:35:00+00:00
1787485200000,77392.43,77392.43,77274.0,77283.25,59.42926,2026-08-23 11:40:00+00:00
1787485500000,77283.25,77308.27,77189.99,77210.02,49.2819,2026-08-23 11:45:00+00:00
1787485800000,77210.02,77400.0,77200.0,77360.11,65.72576,2026-08-23 11:50:00+00:00
1787486100000,77360.11,77360.11,77305.01,77311.02,25.27692,2026-08-23 11:55:00+00:00
1787486400000,77311.02,77311.99,77191.58,77191.99,33.26699,2026-08-23 12:00:00+00:00
1787486700000,77192.0,77200.0,77088.0,77142.37,59.55757,2026-08-23 12:05:00+00:00
1787487000000,77142.38,77143.1,76975.63,77080.02,173.54598,2026-08-23 12:10:00+00:00
1787487300000,77080.01,77101.77,77048.16,77093.22,19.56574,2026-08-23 12:15:00+00:00
1787487600000,77093.22,77127.72,77093.21,77109.92,19.98302,2026-08-23 12:20:00+00:00
1787487900000,77109.93,77109.93,77020.0,77047.83,16.24759,2026-08-23 12:25:00+00:00
1787488200000,77047.84,77093.22,77047.83,77082.86,29.85109,2026-08-23 12:30:00+00:00
1787488500000,77082.86,77137.12,77052.55,77137.12,23.29124,2026-08-23 12:35:00+00:00
1787488800000,77137.11,77248.0,77137.11,77238.1,30.275,2026-08-23 12:40:00+00:00
1787489100000,77238.1,77260.0,77202.0,77211.23,16.41437,2026-08-23 12:45:00+00:00
1787489400000,77211.24,77216.0,77164.0,77164.01,11.64267,2026-08-23 12:50:00+00:00
1787489700000,77164.01,77226.34,77164.01,77206.0,12.95763,2026-08-23 12:55:00+00:00
1787490000000,77206.01,77226.0,77192.21,77207.05,22.76729,2026-08-23 13:00:00+00:00
1787490300000,77207.05,77240.34,77204.0,77240.34,20.05189,2026-08-23 13:05:00+00:00
1787490600000,77240.34,77341.35,77240.34,77338.87,61.36087,2026-08-23 13:10:00+00:00
1787490900000,77338.87,77765.8,77338.22,77657.3,355.1779,2026-08-23 13:15:00+00:00
1787491200000,77657.3,77680.98,77422.0,77640.01,130.21701,2026-08-23 13:20:00+00:00
1787491500000,77640.01,77640.01,77426.0,77438.77,86.84374,2026-08-23 13:25:00+00:00
1787491800000,77439.65,77500.0,77372.0,77398.45,57.31747,2026-08-23 13:30:00+00:00
1787492100000,77398.45,77602.54,77350.72,77578.64,51.82572,2026-08-23 13:35:00+00:00
1787492400000,77578.63,77629.0,77492.88,77522.0,30.78044,2026-08-23 13:40:00+00:00
1787492700000,77521.99,77564.0,77408.0,77468.03,63.68193,2026-08-23 13:45:00+00:00
1787493000000,77468.04,77504.45,77373.89,77498.69,37.8983,2026-08-23 13:50:00+00:00
1787493300000,77498.68,77500.0,77449.0,77487.62,38.00569,2026-08-23 13:55:00+00:00
1787493600000,77487.62,77617.89,77487.61,77557.51,53.38339,2026-08-23 14:00:00+00:00
1787493900000,77557.5,77566.23,77330.4,77423.27,58.83471,2026-08-23 14:05:00+00:00
1787494200000,77423.27,77584.92,77423.26,77552.72,34.41307,2026-08-23 14:10:00+00:00
1787494500000,77552.72,77640.58,77468.05,77478.01,47.97977,2026-08-23 14:15:00+00:00
1787494800000,77478.0,77504.45,77428.38,77436.95,44.29729,2026-08-23 14:20:00+00:00
1787495100000,77436.95,77504.43,77421.06,77452.55,62.36751,2026-08-23 14:25:00+00:00
1787495400000,77452.54,77472.0,77422.0,77425.46,92.26251,2026-08-23 14:30:00+00:00
1787495700000,77425.46,77487.99,77425.0,77439.45,32.18896,2026-08-23 14:35:00+00:00
1787496000000,77439.45,77464.75,76802.0,77025.14,376.12596,2026-08-23 14:40:00+00:00
1787496300000,77025.13,77220.02,77025.13,77203.75,92.41155,2026-08-23 14:45:00+00:00
1787496600000,77203.74,77315.01,77180.01,77273.53,55.3321,2026-08-23 14:50:00+00:00
1787496900000,77273.53,77273.53,77150.0,77186.0,66.08763,2026-08-23 14:55:00+00:00
1787497200000,77186.0,77292.0,77070.01,77267.98,113.18793,2026-08-23 15:00:00+00:00
1787497500000,77267.99,77336.93,77242.57,77298.83,63.88831,2026-08-23 15:05:00+00:00
1787497800000,77298.83,77308.0,77170.0,77170.0,33.18779,2026-08-23 15:10:00+00:00
1787498100000,77170.0,77173.99,76913.49,77022.43,107.06723,2026-08-23 15:15:00+00:00
1787498400000,77022.44,77244.0,77004.11,77220.24,52.62736,2026-08-23 15:20:00+00:00
1787498700000,77220.25,77229.72,77191.99,77199.99,31.08097,2026-08-23 15:25:00+00:00
1787499000000,77200.0,77277.26,77144.0,77170.09,50.50815,2026-08-23 15:30:00+00:00
1787499300000,77170.09,77277.42,77170.08,77277.42,27.53143,2026-08-23 15:35:00+00:00
1787499600000,77277.42,77324.71,77268.0,77282.01,24.32955,2026-08-23 15:40:00+00:00
1787499900000,77282.01,77282.01,77196.02,77205.09,18.03599,2026-08-23 15:45:00+00:00
1787500200000,77205.09,77213.76,77180.0,77182.86,19.03858,2026-08-23 15:50:00+00:00
1787500500000,77182.86,77206.44,77144.0,77156.13,21.67607,2026-08-23 15:55:00+00:00
1787500800000,77156.14,77303.31,77156.13,77268.04,26.07881,2026-08-23 16:00:00+00:00
1787501100000,77268.05,77268.05,77219.33,77219.33,12.21937,2026-08-23 16:05:00+00:00
1787501400000,77219.33,77281.61,77212.02,77277.66,12.24523,2026-08-23 16:10:00+00:00
1787501700000,77277.66,77322.0,77242.27,77242.28,27.63115,2026-08-23 16:15:00+00:00
1787502000000,77242.28,77278.9,77216.8,77273.64,37.49361,2026-08-23 16:20:00+00:00
1787502300000,77273.65,77328.0,77265.39,77327.99,18.13381,2026-08-23 16:25:00+00:00
1787502600000,77328.0,77419.35,77318.05,77415.4,52.30911,2026-08-23 16:30:00+00:00
1787502900000,77415.41,77420.0,77325.01,77389.66,27.12966,2026-08-23 16:35:00+00:00
1787503200000,77389.67,77440.42,77370.88,77388.0,22.41509,2026-08-23 16:40:00+00:00
1787503500000,77388.0,77416.0,77360.0,77382.94,31.88871,2026-08-23 16:45:00+00:00
1787503800000,77382.94,77475.0,77382.93,77406.01,24.45054,2026-08-23 16:50:00+00:00
1787504100000,77406.01,77458.01,77406.0,77429.88,11.24451,2026-08-23 16:55:00+00:00
1787504400000,77429.87,77443.95,77148.2,77218.26,59.46059,2026-08-23 17:00:00+00:00
1787504700000,77218.27,77361.38,77218.26,77333.02,32.85833,2026-08-23 17:05:00+00:00
1787505000000,77333.03,77336.0,77276.0,77283.26,26.41508,2026-08-23 17:10:00+00:00
1787505300000,77283.26,77366.01,77196.18,77366.0,57.57578,2026-08-23 17:15:00+00:00
1787505600000,77366.01,77380.0,77294.0,77294.01,20.95032,2026-08-23 17:20:00+00:00
1787505900000,77294.01,77301.72,77232.54,77250.0,16.09063,2026-08-23 17:25:00+00:00
1787506200000,77250.0,77257.99,77161.81,77257.99,29.70663,2026-08-23 17:30:00+00:00
1787506500000,77257.99,77314.0,77246.51,77246.52,16.63106,2026-08-23 17:35:00+00:00
1787506800000,77246.51,77265.94,77204.0,77245.05,26.10152,2026-08-23 17:40:00+00:00
1787507100000,77245.05,77327.09,77225.85,77244.0,26.01969,2026-08-23 17:45:00+00:00
1787507400000,77243.99,77285.14,77243.13,77243.14,48.73662,2026-08-23 17:50:00+00:00
1787507700000,77243.13,77243.13,77176.41,77176.41,35.61362,2026-08-23 17:55:00+00:00
1787508000000,77176.41,77212.88,77162.01,77182.01,122.25917,2026-08-23 18:00:00+00:00
1787508300000,77182.0,77232.0,77116.0,77232.0,117.95436,2026-08-23 18:05:00+00:00
1787508600000,77232.0,77411.07,77231.99,77353.94,111.8782,2026-08-23 18:10:00+00:00
1787508900000,77353.95,77415.33,77330.0,77330.01,55.13771,2026-08-23 18:15:00+00:00
1787509200000,77330.0,77339.95,77275.18,77322.86,60.50043,2026-08-23 18:20:00+00:00
1787509500000,77322.86,77408.92,77320.0,77356.01,25.16059,2026-08-23 18:25:00+00:00
1787509800000,77356.01,77363.06,77311.95,77311.95,16.70883,2026-08-23 18:30:00+00:00
1787510100000,77311.95,77349.69,77311.95,77338.5,12.08162,2026-08-23 18:35:00+00:00
1787510400000,77338.51,77369.91,77329.33,77345.51,77.13328,2026-08-23 18:40:00+00:00
1787510700000,77345.51,77349.77,77261.16,77298.84,33.64609,2026-08-23 18:45:00+00:00
1787511000000,77298.84,77317.73,77279.98,77296.5,23.29175,2026-08-23 18:50:00+00:00
1787511300000,77296.5,77341.98,77296.49,77341.98,14.41991,2026-08-23 18:55:00+00:00
1787511600000,77341.99,77411.03,77330.36,77341.99,32.30928,2026-08-23 19:00:00+00:00
1787511900000,77342.0,77358.94,77328.84,77332.0,23.1763,2026-08-23 19:05:00+00:00
1787512200000,77332.0,77332.0,77255.99,77322.0,89.6394,2026-08-23 19:10:00+00:00
1787512500000,77322.0,77377.48,77300.83,77377.48,14.12105,2026-08-23 19:15:00+00:00
1787512800000,77377.48,77396.94,77365.17,77371.22,12.50506,2026-08-23 19:20:00+00:00
1787513100000,77371.21,77371.22,77333.92,77355.24,8.61838,2026-08-23 19:25:00+00:00
1787513400000,77355.25,77355.25,77257.99,77343.57,22.61104,2026-08-23 19:30:00+00:00
1787513700000,77343.57,77365.17,77333.01,77365.16,10.38286,2026-08-23 19:35:00+00:00
1787514000000,77365.17,77445.11,77364.0,77443.86,22.42536,2026-08-23 19:40:00+00:00
1787514300000,77443.86,77487.04,77385.78,77404.0,37.85652,2026-08-23 19:45:00+00:00
1787514600000,77404.01,77404.01,77381.0,77384.6,5.08852,2026-08-23 19:50:00+00:00
1787514900000,77384.59,77384.6,77329.27,77346.01,16.20481,2026-08-23 19:55:00+00:00
1787515200000,77346.0,77346.01,77200.03,77200.03,33.9933,2026-08-23 20:00:00+00:00
1787515500000,77200.03,77261.2,77200.03,77261.19,16.16442,2026-08-23 20:05:00+00:00
1787515800000,77261.2,77293.23,77261.19,77272.0,8.15528,2026-08-23 20:10:00+00:00
1787516100000,77272.0,77307.12,77272.0,77305.47,8.74476,2026-08-23 20:15:00+00:00
1787516400000,77305.46,77372.43,77305.46,77367.11,16.24055,2026-08-23 20:20:00+00:00
1787516700000,77367.11,77410.43,77367.11,77387.19,11.99897,2026-08-23 20:25:00+00:00
1787517000000,77387.2,77415.27,77385.99,77399.17,18.99214,2026-08-23 20:30:00+00:00
1787517300000,77399.18,77418.41,77399.17,77418.41,8.28646,2026-08-23 20:35:00+00:00
1787517600000,77418.41,77460.0,77418.4,77428.01,12.851,2026-08-23 20:40:00+00:00
1787517900000,77428.0,77434.89,77400.0,77412.92,14.02946,2026-08-23 20:45:00+00:00
1787518200000,77412.92,77430.0,77390.94,77396.12,11.43266,2026-08-23 20:50:00+00:00
1787518500000,77396.12,77415.65,77396.12,77401.6,9.08855,2026-08-23 20:55:00+00:00
1787518800000,77401.59,77688.0,77401.59,77672.45,76.39065,2026-08-23 21:00:00+00:00
1787519100000,77672.44,77700.0,77618.67,77652.3,40.67745,2026-08-23 21:05:00+00:00
1787519400000,77652.3,77709.87,77608.01,77697.68,40.77504,2026-08-23 21:10:00+00:00
1787519700000,77697.69,77977.09,77697.69,77967.39,144.3243,2026-08-23 21:15:00+00:00
1787520000000,77967.38,78014.84,77894.0,77920.01,140.06481,2026-08-23 21:20:00+00:00
1787520300000,77920.0,78052.85,77885.64,78024.18,68.09352,2026-08-23 21:25:00+00:00
1787520600000,78024.18,78037.99,77948.73,77948.73,50.01583,2026-08-23 21:30:00+00:00
1787520900000,77948.74,77948.74,77607.65,77649.13,95.60745,2026-08-23 21:35:00+00:00
1787521200000,77649.14,77676.97,77545.84,77622.0,72.68837,2026-08-23 21:40:00+00:00
1787521500000,77622.0,77815.03,77621.99,77789.97,42.85912,2026-08-23 21:45:00+00:00
1787521800000,77789.97,77864.26,77760.01,77790.01,39.4692,2026-08-23 21:50:00+00:00
1787522100000,77790.0,77840.0,77746.0,77833.23,50.66628,2026-08-23 21:55:00+00:00
1787522400000,77833.23,77979.0,77579.99,77693.99,141.16523,2026-08-23 22:00:00+00:00
1787522700000,77694.0,77768.0,77636.0,77733.99,57.06977,2026-08-23 22:05:00+00:00
1787523000000,77733.99,77791.89,77649.05,77703.56,54.19757,2026-08-23 22:10:00+00:00
1787523300000,77703.56,77771.48,77638.0,77748.0,41.73564,2026-08-23 22:15:00+00:00
1787523600000,77748.0,77808.0,77704.0,77768.13,41.62016,2026-08-23 22:20:00+00:00
1787523900000,77768.13,77798.17,77668.0,77668.0,33.45057,2026-08-23 22:25:00+00:00
1787524200000,77668.0,77727.16,77615.18,77664.0,45.43146,2026-08-23 22:30:00+00:00
1787524500000,77664.01,77709.6,77600.0,77690.07,30.23371,2026-08-23 22:35:00+00:00
1787524800000,77690.07,77697.78,77625.96,77648.01,29.2299,2026-08-23 22:40:00+00:00
1787525100000,77648.01,77665.74,77560.02,77663.59,39.68192,2026-08-23 22:45:00+00:00
1787525400000,77663.59,77704.79,77630.9,77636.3,31.75006,2026-08-23 22:50:00+00:00
1787525700000,77636.31,77652.38,77578.0,77598.88,41.79895,2026-08-23 22:55:00+00:00
1787526000000,77598.87,77622.86,77425.0,77430.02,66.40006,2026-08-23 23:00:00+00:00
1787526300000,77430.03,77497.58,77290.22,77483.57,78.34842,2026-08-23 23:05:00+00:00
1787526600000,77483.57,77523.06,77384.26,77470.6,44.25405,2026-08-23 23:10:00+00:00
1787526900000,77470.6,77645.17,77470.59,77556.01,68.57959,2026-08-23 23:15:00+00:00
1787527200000,77556.01,77556.89,77469.26,77490.01,22.91281,2026-08-23 23:20:00+00:00
1787527500000,77490.02,77670.0,77445.34,77667.51,40.93905,2026-08-23 23:25:00+00:00
1787527800000,77667.51,77829.7,77666.74,77678.01,96.1204,2026-08-23 23:30:00+00:00
1787528100000,77678.01,77708.87,77501.15,77542.66,79.0441,2026-08-23 23:35:00+00:00
1787528400000,77542.66,77565.21,77400.0,77483.99,40.60095,2026-08-23 23:40:00+00:00
1787528700000,77483.99,77581.67,77483.99,77552.09,31.93606,2026-08-23 23:45:00+00:00
1787529000000,77552.09,77645.6,77541.97,77622.0,37.71966,2026-08-23 23:50:00+00:00
1787529300000,77621.99,77793.85,77621.99,77734.0,54.35019,2026-08-23 23:55:00+00:00
1787529600000,77734.0,77742.0,77616.72,77616.72,35.7333,2026-08-24 00:00:00+00:00
1787529900000,77616.72,77700.0,77514.0,77695.37,56.90544,2026-08-24 00:05:00+00:00
1787530200000,77695.37,77717.27,77608.93,77627.9,28.61322,2026-08-24 00:10:00+00:00
1787530500000,77627.9,77643.88,77504.44,77536.0,39.36294,2026-08-24 00:15:00+00:00
1787530800000,77536.0,77536.0,77462.01,77494.0,33.7078,2026-08-24 00:20:00+00:00
1787531100000,77494.0,77494.01,77268.0,77432.0,106.8594,2026-08-24 00:25:00+00:00
1787531400000,77432.0,77478.29,77357.95,77474.57,31.5042,2026-08-24 00:30:00+00:00
1787531700000,77474.56,77597.84,77393.22,77393.22,64.91691,2026-08-24 00:35:00+00:00
1787532000000,77393.23,77436.51,77219.34,77236.04,47.39806,2026-08-24 00:40:00+00:00
1787532300000,77236.04,77420.0,77142.85,77363.12,85.82404,2026-08-24 00:45:00+00:00
1787532600000,77363.12,77527.59,77350.92,77520.06,38.16411,2026-08-24 00:50:00+00:00
1787532900000,77520.06,77679.51,77487.27,77679.5,61.64056,2026-08-24 00:55:00+00:00
1787533200000,77679.51,77717.28,77552.72,77644.01,85.83016,2026-08-24 01:00:00+00:00
1787533500000,77644.01,77682.3,77442.0,77446.9,37.0607,2026-08-24 01:05:00+00:00
1787533800000,77446.91,77550.0,77439.28,77439.29,48.23938,2026-08-24 01:10:00+00:00
1787534100000,77439.29,77464.29,77366.44,77408.33,52.73119,2026-08-24 01:15:00+00:00
1787534400000,77408.33,77408.33,77226.01,77230.2,91.09659,2026-08-24 01:20:00+00:00
1787534700000,77230.21,77318.0,77230.2,77246.01,31.66303,2026-08-24 01:25:00+00:00
1787535000000,77246.0,77364.0,77211.26,77364.0,45.42395,2026-08-24 01:30:00+00:00
1787535300000,77364.0,77368.0,77178.06,77247.99,93.22815,2026-08-24 01:35:00+00:00
1787535600000,77247.99,77300.74,77202.0,77213.99,31.24402,2026-08-24 01:40:00+00:00
1787535900000,77213.99,77264.0,77163.0,77223.03,57.4346,2026-08-24 01:45:00+00:00
1787536200000,77223.04,77249.98,77093.77,77204.74,146.28604,2026-08-24 01:50:00+00:00
1787536500000,77204.75,77209.26,76918.0,76922.1,133.2344,2026-08-24 01:55:00+00:00
1787536800000,76922.11,77088.0,76883.61,77079.47,130.84125,2026-08-24 02:00:00+00:00
1787537100000,77079.47,77181.81,77062.0,77121.99,58.31649,2026-08-24 02:05:00+00:00
1787537400000,77121.99,77420.0,77086.42,77372.0,85.84432,2026-08-24 02:10:00+00:00
1787537700000,77372.0,77501.39,77371.99,77497.66,64.97216,2026-08-24 02:15:00+00:00
1787538000000,77497.67,77497.67,77401.98,77454.0,34.99661,2026-08-24 02:20:00+00:00
1787538300000,77454.0,77509.05,77394.69,77447.93,43.83468,2026-08-24 02:25:00+00:00
1787538600000,77447.93,77512.0,77432.02,77504.0,32.71531,2026-08-24 02:30:00+00:00
1787538900000,77504.01,77545.08,77404.83,77439.69,41.33378,2026-08-24 02:35:00+00:00
1787539200000,77439.7,77500.0,77406.67,77453.04,28.62062,2026-08-24 02:40:00+00:00
1787539500000,77453.05,77461.81,77244.42,77367.99,98.63208,2026-08-24 02:45:00+00:00
1787539800000,77368.0,77401.64,77294.38,77396.01,25.37162,2026-08-24 02:50:00+00:00
1787540100000,77396.0,77528.52,77394.76,77478.69,86.96498,2026-08-24 02:55:00+00:00
1787540400000,77478.7,77532.37,77332.31,77352.22,167.87784,2026-08-24 03:00:00+00:00
1787540700000,77352.22,77352.22,77244.42,77298.0,162.34051,2026-08-24 03:05:00+00:00
1787541000000,77297.99,77324.0,77204.87,77204.92,123.74255,2026-08-24 03:10:00+00:00
1787541300000,77204.91,77222.0,77151.0,77196.58,111.29045,2026-08-24 03:15:00+00:00
1787541600000,77196.58,77273.0,77154.07,77218.01,55.06715,2026-08-24 03:20:00+00:00
1787541900000,77218.01,77258.0,77122.8,77122.81,154.14742,2026-08-24 03:25:00+00:00
1787542200000,77122.8,77161.36,77022.0,77108.38,158.21805,2026-08-24 03:30:00+00:00
1787542500000,77108.38,77120.0,77000.0,77044.46,152.98985,2026-08-24 03:35:00+00:00
1787542800000,77044.45,77044.46,76964.01,76987.01,73.68595,2026-08-24 03:40:00+00:00
1787543100000,76987.01,77057.99,76986.0,77014.49,89.26602,2026-08-24 03:45:00+00:00
1787543400000,77014.49,77152.0,76943.0,76984.01,136.07816,2026-08-24 03:50:00+00:00
1787543700000,76984.01,76994.33,76933.0,76933.02,62.78674,2026-08-24 03:55:00+00:00
1787544000000,76933.02,77057.99,76933.02,77043.27,174.87474,2026-08-24 04:00:00+00:00
1787544300000,77043.27,77091.16,77002.0,77002.0,114.1571,2026-08-24 04:05:00+00:00
1787544600000,77002.01,77055.77,76995.36,77009.01,120.07915,2026-08-24 04:10:00+00:00
1787544900000,77009.0,77223.77,77009.0,77162.03,52.03182,2026-08-24 04:15:00+00:00
1787545200000,77162.02,77247.12,77150.0,77158.15,62.20658,2026-08-24 04:20:00+00:00
1787545500000,77158.03,77220.89,77158.02,77208.45,66.08467,2026-08-24 04:25:00+00:00
1787545800000,77208.45,77219.85,77170.09,77196.59,57.54023,2026-08-24 04:30:00+00:00
1787546100000,77196.59,77196.6,77132.0,77149.1,45.23797,2026-08-24 04:35:00+00:00
1787546400000,77149.1,77179.46,77050.0,77098.94,54.83727,2026-08-24 04:40:00+00:00
1787546700000,77098.94,77122.01,76950.75,76950.76,147.00095,2026-08-24 04:45:00+00:00
1787547000000,76950.75,76950.76,76670.01,76830.0,209.63712,2026-08-24 04:50:00+00:00
1787547300000,76829.99,76897.44,76771.14,76897.44,87.67987,2026-08-24 04:55:00+00:00
1787547600000,76897.44,76960.0,76844.0,76956.0,54.02946,2026-08-24 05:00:00+00:00
1787547900000,76956.0,77051.88,76889.29,77030.0,72.12837,2026-08-24 05:05:00+00:00
1787548200000,77029.99,77208.6,77000.0,77208.6,162.19988,2026-08-24 05:10:00+00:00
1787548500000,77208.6,77226.93,77044.4,77055.16,97.05619,2026-08-24 05:15:00+00:00
1787548800000,77055.16,77117.0,76946.01,77073.68,72.59635,2026-08-24 05:20:00+00:00
1787549100000,77073.68,77124.0,77042.19,77055.03,44.99559,2026-08-24 05:25:00+00:00
1787549400000,77055.02,77055.02,76908.63,76968.0,53.33631,2026-08-24 05:30:00+00:00
1787549700000,76968.01,77080.5,76842.72,77040.01,70.07422,2026-08-24 05:35:00+00:00
1787550000000,77040.0,77181.72,77014.03,77079.22,81.31016,2026-08-24 05:40:00+00:00
1787550300000,77079.22,77122.0,77055.0,77055.01,52.98938,2026-08-24 05:45:00+00:00
1787550600000,77055.01,77126.6,76992.45,77117.99,86.65296,2026-08-24 05:50:00+00:00
1787550900000,77117.99,77177.33,77086.0,77149.4,37.14858,2026-08-24 05:55:00+00:00
1787551200000,77149.39,77180.22,77073.67,77100.44,68.54244,2026-08-24 06:00:00+00:00
1787551500000,77100.44,77207.1,77071.0,77185.27,59.75225,2026-08-24 06:05:00+00:00
1787551800000,77185.27,77435.64,77147.6,77396.01,130.7697,2026-08-24 06:10:00+00:00
1787552100000,77396.01,77470.23,77350.0,77378.31,98.99212,2026-08-24 06:15:00+00:00
1787552400000,77378.32,77401.64,77296.16,77397.57,72.69553,2026-08-24 06:20:00+00:00
1787552700000,77397.57,77411.19,77360.91,77360.91,39.12771,2026-08-24 06:25:00+00:00
1787553000000,77360.91,77382.7,77272.47,77281.02,26.42925,2026-08-24 06:30:00+00:00
1787553300000,77281.01,77312.61,77249.12,77249.13,30.62279,2026-08-24 06:35:00+00:00
1787553600000,77249.13,77352.0,77232.0,77351.9,68.04299,2026-08-24 06:40:00+00:00
1787553900000,77351.9,77525.09,77344.01,77503.88,94.7179,2026-08-24 06:45:00+00:00
1787554200000,77503.88,77508.78,77418.76,77450.0,37.65624,2026-08-24 06:50:00+00:00
1787554500000,77450.0,77483.99,77442.43,77464.33,18.63498,2026-08-24 06:55:00+00:00
1787554800000,77464.33,77516.45,77464.31,77503.88,25.56727,2026-08-24 07:00:00+00:00
1787555100000,77503.87,77559.99,77500.0,77554.01,39.50247,2026-08-24 07:05:00+00:00
1787555400000,77554.01,77790.19,77554.0,77760.0,151.05708,2026-08-24 07:10:00+00:00
1787555700000,77759.99,77760.0,77599.1,77656.33,49.7086,2026-08-24 07:15:00+00:00
1787556000000,77656.33,77657.61,77583.07,77650.01,31.92255,2026-08-24 07:20:00+00:00
1787556300000,77650.0,77678.0,77550.0,77593.27,31.6139,2026-08-24 07:25:00+00:00
1787556600000,77593.27,77593.28,77471.69,77483.74,70.56353,2026-08-24 07:30:00+00:00
1787556900000,77483.74,77496.0,77442.42,77457.99,40.59584,2026-08-24 07:35:00+00:00
1787557200000,77457.99,77460.68,77344.06,77344.06,50.6373,2026-08-24 07:40:00+00:00
1787557500000,77344.06,77425.34,77333.33,77377.99,56.71015,2026-08-24 07:45:00+00:00
1787557800000,77377.99,77404.0,77281.68,77351.75,79.86696,2026-08-24 07:50:00+00:00
1787558100000,77351.76,77355.43,77289.31,77307.15,53.5856,2026-08-24 07:55:00+00:00
1787558400000,77307.14,77339.04,77206.0,77250.0,47.41904,2026-08-24 08:00:00+00:00
1787558700000,77250.01,77414.88,77250.0,77342.0,40.12478,2026-08-24 08:05:00+00:00
1787559000000,77342.01,77342.01,77232.77,77248.97,67.14307,2026-08-24 08:10:00+00:00
1787559300000,77248.97,77248.97,77077.0,77134.01,142.05701,2026-08-24 08:15:00+00:00
1787559600000,77134.0,77148.73,76948.91,76948.92,177.68554,2026-08-24 08:20:00+00:00
1787559900000,76948.92,76976.16,76838.0,76923.67,120.45456,2026-08-24 08:25:00+00:00
1787560200000,76923.67,77073.86,76913.99,77034.0,56.18582,2026-08-24 08:30:00+00:00
1787560500000,77034.01,77122.0,77030.0,77118.01,31.04141,2026-08-24 08:35:00+00:00
1787560800000,77118.0,77129.97,77052.96,77129.97,74.64901,2026-08-24 08:40:00+00:00
1787561100000,77129.96,77145.07,77068.41,77140.01,60.23195,2026-08-24 08:45:00+00:00
1787561400000,77140.0,77140.0,77053.2,77059.16,63.53904,2026-08-24 08:50:00+00:00
1787561700000,77059.16,77064.63,77020.06,77041.47,40.93321,2026-08-24 08:55:00+00:00
1787562000000,77041.46,77178.01,77028.0,77174.01,39.30055,2026-08-24 09:00:00+00:00
1787562300000,77174.0,77260.0,77164.01,77240.96,25.56449,2026-08-24 09:05:00+00:00
1787562600000,77240.97,77306.87,77196.58,77288.25,36.28464,2026-08-24 09:10:00+00:00
1787562900000,77288.25,77396.45,77253.49,77305.72,76.13071,2026-08-24 09:15:00+00:00
1787563200000,77305.72,77345.55,77270.0,77270.0,41.18402,2026-08-24 09:20:00+00:00
1787563500000,77270.01,77420.0,77217.0,77418.79,69.60652,2026-08-24 09:25:00+00:00
1787563800000,77418.79,77476.45,77399.82,77435.99,35.18877,2026-08-24 09:30:00+00:00
1787564100000,77436.0,77500.0,77422.0,77499.99,24.37625,2026-08-24 09:35:00+00:00
1787564400000,77499.99,77510.09,77454.01,77467.96,34.93791,2026-08-24 09:40:00+00:00
1787564700000,77467.96,77536.43,77442.42,77515.98,41.54072,2026-08-24 09:45:00+00:00
1787565000000,77515.98,77594.42,77488.05,77588.45,62.48821,2026-08-24 09:50:00+00:00
1787565300000,77588.45,77602.8,77530.0,77554.08,36.40698,2026-08-24 09:55:00+00:00
1787565600000,77554.08,77690.0,77542.0,77652.01,106.75309,2026-08-24 10:00:00+00:00
1787565900000,77652.0,77782.0,77542.35,77694.53,82.8452,2026-08-24 10:05:00+00:00
1787566200000,77694.54,77885.23,77694.53,77846.42,109.23797,2026-08-24 10:10:00+00:00
1787566500000,77846.41,77928.52,77774.94,77928.51,95.53981,2026-08-24 10:15:00+00:00
1787566800000,77928.52,77937.8,77793.09,77872.57,93.72041,2026-08-24 10:20:00+00:00
1787567100000,77872.56,77946.34,77826.0,77858.35,115.12661,2026-08-24 10:25:00+00:00
1787567400000,77858.36,78017.0,77858.35,77976.0,124.34549,2026-08-24 10:30:00+00:00
1787567700000,77975.99,78000.01,77839.12,77846.81,82.60802,2026-08-24 10:35:00+00:00
1787568000000,77846.81,77847.22,77696.03,77726.31,134.03469,2026-08-24 10:40:00+00:00
1787568300000,77726.3,77827.79,77726.3,77804.69,51.68309,2026-08-24 10:45:00+00:00
1787568600000,77804.69,77821.83,77600.0,77626.75,47.15498,2026-08-24 10:50:00+00:00
1787568900000,77626.76,77629.59,77534.09,77617.22,70.03552,2026-08-24 10:55:00+00:00
1787569200000,77617.23,77633.51,77450.0,77595.43,63.03941,2026-08-24 11:00:00+00:00
1787569500000,77595.43,77725.77,77557.4,77694.01,39.60286,2026-08-24 11:05:00+00:00
1787569800000,77694.0,77854.0,77694.0,77819.05,85.59988,2026-08-24 11:10:00+00:00
1787570100000,77819.05,77864.0,77723.07,77848.0,54.1816,2026-08-24 11:15:00+00:00
1787570400000,77848.01,77881.78,77776.0,77809.16,59.1168,2026-08-24 11:20:00+00:00
1787570700000,77809.17,77896.0,77804.0,77835.23,34.91199,2026-08-24 11:25:00+00:00
1787571000000,77835.22,78140.01,77822.41,78140.01,104.97988,2026-08-24 11:30:00+00:00
1787571300000,78140.01,78440.0,78134.0,78340.0,296.4923,2026-08-24 11:35:00+00:00
1787571600000,78340.0,78569.99,78290.0,78568.7,280.89367,2026-08-24 11:40:00+00:00
1787571900000,78568.7,78600.0,78168.14,78192.0,135.21712,2026-08-24 11:45:00+00:00
1787572200000,78191.99,78224.1,78090.04,78146.0,82.08853,2026-08-24 11:50:00+00:00
1787572500000,78145.99,78443.65,78143.19,78443.65,88.33683,2026-08-24 11:55:00+00:00
1787572800000,78443.65,78451.69,78210.89,78210.9,108.98871,2026-08-24 12:00:00+00:00
1787573100000,78210.9,78227.14,78121.29,78216.53,97.19453,2026-08-24 12:05:00+00:00
1787573400000,78216.53,78261.76,78110.0,78154.0,74.06408,2026-08-24 12:10:00+00:00
1787573700000,78154.0,78271.99,77982.0,78252.49,138.66046,2026-08-24 12:15:00+00:00
1787574000000,78252.49,78436.62,78217.53,78426.0,111.2057,2026-08-24 12:20:00+00:00
1787574300000,78425.99,78517.27,78398.0,78460.01,84.56395,2026-08-24 12:25:00+00:00
1787574600000,78460.0,78734.0,78380.0,78540.89,271.38429,2026-08-24 12:30:00+00:00
1787574900000,78540.9,78737.57,78484.52,78684.4,82.80352,2026-08-24 12:35:00+00:00
1787575200000,78684.41,78882.0,78600.0,78729.26,142.56881,2026-08-24 12:40:00+00:00
1787575500000,78729.25,78975.25,78724.0,78971.99,210.51651,2026-08-24 12:45:00+00:00
1787575800000,78971.99,79278.37,78922.0,79140.0,365.33237,2026-08-24 12:50:00+00:00
1787576100000,79140.0,79326.48,79088.0,79159.99,171.56058,2026-08-24 12:55:00+00:00
1787576400000,79159.98,79182.0,78961.76,79003.65,293.41031,2026-08-24 13:00:00+00:00
1787576700000,79003.65,79238.76,79003.65,79238.76,141.89176,2026-08-24 13:05:00+00:00
1787577000000,79238.76,79450.0,79143.39,79223.01,214.95255,2026-08-24 13:10:00+00:00
1787577300000,79223.02,79238.53,78885.73,79035.55,302.88931,2026-08-24 13:15:00+00:00
1787577600000,79035.55,79086.0,78922.0,79012.83,228.1397,2026-08-24 13:20:00+00:00
1787577900000,79012.82,79096.0,78923.98,79023.99,256.75597,2026-08-24 13:25:00+00:00
1787578200000,79024.0,79049.36,78580.75,78798.9,533.67618,2026-08-24 13:30:00+00:00
1787578500000,78798.89,78931.59,78575.0,78626.58,320.89996,2026-08-24 13:35:00+00:00
1787578800000,78626.59,78632.4,78210.0,78288.4,324.51403,2026-08-24 13:40:00+00:00
1787579100000,78288.4,78372.0,77851.9,78296.0,356.90973,2026-08-24 13:45:00+00:00
1787579400000,78296.0,78442.35,78081.11,78377.91,200.45069,2026-08-24 13:50:00+00:00
1787579700000,78377.9,78622.0,78322.0,78597.99,126.09389,2026-08-24 13:55:00+00:00
1787580000000,78597.99,78879.91,78597.99,78726.0,156.72247,2026-08-24 14:00:00+00:00
1787580300000,78726.0,78982.13,78714.0,78971.99,263.717,2026-08-24 14:05:00+00:00
1787580600000,78971.99,79243.72,78951.32,79202.01,274.39855,2026-08-24 14:10:00+00:00
1787580900000,79202.0,79372.65,79080.0,79151.65,268.84041,2026-08-24 14:15:00+00:00
1787581200000,79151.65,79651.59,78883.01,78938.0,616.87163,2026-08-24 14:20:00+00:00
1787581500000,78938.0,79436.38,78938.0,79391.73,241.27247,2026-08-24 14:25:00+00:00
1787581800000,79391.72,79781.85,79337.16,79636.01,405.95015,2026-08-24 14:30:00+00:00
1787582100000,79636.0,79805.17,79592.0,79665.75,276.20505,2026-08-24 14:35:00+00:00
1787582400000,79665.74,79841.12,79484.0,79662.16,270.84156,2026-08-24 14:40:00+00:00
1787582700000,79662.16,79773.77,79500.24,79574.0,146.15316,2026-08-24 14:45:00+00:00
1787583000000,79574.0,79584.0,79279.5,79306.02,154.62429,2026-08-24 14:50:00+00:00
1787583300000,79306.01,79541.66,79281.45,79510.92,154.54659,2026-08-24 14:55:00+00:00
1787583600000,79510.93,79656.0,79364.0,79500.01,136.20204,2026-08-24 15:00:00+00:00
1787583900000,79500.01,79733.58,79406.24,79597.27,130.61133,2026-08-24 15:05:00+00:00
1787584200000,79597.26,79700.0,79528.0,79548.83,79.76567,2026-08-24 15:10:00+00:00
1787584500000,79548.82,79811.03,79528.0,79761.8,108.04585,2026-08-24 15:15:00+00:00
1787584800000,79761.79,79920.0,79698.0,79901.99,249.81796,2026-08-24 15:20:00+00:00
1787585100000,79901.99,79989.0,79730.0,79895.88,376.75016,2026-08-24 15:25:00+00:00
1787585400000,79895.87,80000.0,79770.0,79814.0,386.40006,2026-08-24 15:30:00+00:00
1787585700000,79813.99,79910.0,79518.03,79549.99,614.15057,2026-08-24 15:35:00+00:00
1787586000000,79550.0,79664.0,79016.0,79298.3,556.9186,2026-08-24 15:40:00+00:00
1787586300000,79298.3,79552.09,79102.41,79288.0,240.79433,2026-08-24 15:45:00+00:00
1787586600000,79287.99,79341.2,79130.0,79173.99,188.61275,2026-08-24 15:50:00+00:00
1787586900000,79172.98,79172.98,78824.78,79100.01,598.10633,2026-08-24 15:55:00+00:00
1787587200000,79100.01,79360.0,79100.01,79285.03,303.56931,2026-08-24 16:00:00+00:00
1787587500000,79285.03,79539.27,79282.0,79340.22,225.3165,2026-08-24 16:05:00+00:00
1787587800000,79340.22,79492.0,79298.14,79488.0,64.34801,2026-08-24 16:10:00+00:00
1787588100000,79488.01,79877.87,79486.0,79849.66,164.67994,2026-08-24 16:15:00+00:00
1787588400000,79849.66,79860.0,79697.05,79748.83,123.28203,2026-08-24 16:20:00+00:00
1787588700000,79748.84,79758.0,79611.93,79668.0,114.19142,2026-08-24 16:25:00+00:00
1787589000000,79668.0,79746.0,79640.88,79679.99,56.07213,2026-08-24 16:30:00+00:00
1787589300000,79680.0,79771.91,79618.03,79630.01,74.07921,2026-08-24 16:35:00+00:00
1787589600000,79630.0,79630.01,79368.0,79371.01,106.63153,2026-08-24 16:40:00+00:00
1787589900000,79371.01,79389.97,79254.99,79293.18,135.98376,2026-08-24 16:45:00+00:00
1787590200000,79293.18,79338.0,78901.1,78945.31,289.90888,2026-08-24 16:50:00+00:00
1787590500000,78945.31,79160.85,78926.0,79047.6,219.2257,2026-08-24 16:55:00+00:00
1787590800000,79047.61,79058.0,78601.44,78848.47,515.10069,2026-08-24 17:00:00+00:00
1787591100000,78848.47,79188.0,78843.39,79176.69,127.29267,2026-08-24 17:05:00+00:00
1787591400000,79176.7,79198.0,79088.84,79103.97,63.44486,2026-08-24 17:10:00+00:00
1787591700000,79103.96,79173.92,78763.96,78992.0,130.92413,2026-08-24 17:15:00+00:00
1787592000000,78992.0,78992.0,78500.0,78599.68,224.93686,2026-08-24 17:20:00+00:00
1787592300000,78599.68,78795.72,78468.61,78546.0,143.66395,2026-08-24 17:25:00+00:00
1787592600000,78546.0,78670.0,78485.13,78560.58,119.65881,2026-08-24 17:30:00+00:00
1787592900000,78560.58,78840.77,78546.86,78802.01,82.05382,2026-08-24 17:35:00+00:00
1787593200000,78802.01,78851.25,78635.96,78635.96,63.90109,2026-08-24 17:40:00+00:00
1787593500000,78635.97,78766.0,78561.98,78729.01,55.56021,2026-08-24 17:45:00+00:00
1787593800000,78729.0,78825.99,78681.96,78692.92,49.79505,2026-08-24 17:50:00+00:00
1787594100000,78692.93,78777.99,78602.0,78761.14,61.59788,2026-08-24 17:55:00+00:00
1787594400000,78761.14,78913.21,78761.14,78900.19,62.57071,2026-08-24 18:00:00+00:00
1787594700000,78900.18,78984.0,78746.9,78818.01,93.83634,2026-08-24 18:05:00+00:00
1787595000000,78818.01,79018.0,78818.0,79012.0,74.05149,2026-08-24 18:10:00+00:00
1787595300000,79012.0,79056.45,78946.63,78990.73,69.80944,2026-08-24 18:15:00+00:00
1787595600000,78990.74,79066.66,78933.86,78972.32,65.44197,2026-08-24 18:20:00+00:00
1787595900000,78972.31,79077.4,78947.76,79013.99,59.91462,2026-08-24 18:25:00+00:00
1787596200000,79014.0,79084.22,78947.07,78947.07,37.50963,2026-08-24 18:30:00+00:00
1787596500000,78947.08,78986.0,78718.01,78843.77,118.05923,2026-08-24 18:35:00+00:00
1787596800000,78843.77,78968.0,78843.77,78968.0,44.795,2026-08-24 18:40:00+00:00
1787597100000,78968.0,79060.0,78950.0,79045.12,53.01383,2026-08-24 18:45:00+00:00
1787597400000,79045.11,79080.0,78880.0,78971.64,52.82693,2026-08-24 18:50:00+00:00
1787597700000,78971.64,78984.36,78862.0,78928.35,52.00184,2026-08-24 18:55:00+00:00
1787598000000,78928.35,79036.01,78894.1,78894.1,92.75622,2026-08-24 19:00:00+00:00
1787598300000,78894.11,79020.0,78783.11,78908.0,112.47215,2026-08-24 19:05:00+00:00
1787598600000,78908.01,79118.42,78884.0,79030.0,64.79274,2026-08-24 19:10:00+00:00
1787598900000,79030.0,79045.99,78692.0,78726.01,100.83537,2026-08-24 19:15:00+00:00
1787599200000,78726.0,78802.0,78621.39,78750.38,95.68551,2026-08-24 19:20:00+00:00
1787599500000,78750.38,78892.0,78750.38,78875.95,39.24198,2026-08-24 19:25:00+00:00
1787599800000,78875.95,78923.18,78830.0,78898.1,44.11698,2026-08-24 19:30:00+00:00
1787600100000,78898.11,78962.54,78872.67,78888.0,51.90713,2026-08-24 19:35:00+00:00
1787600400000,78888.01,78906.0,78766.53,78886.0,130.45059,2026-08-24 19:40:00+00:00
1787600700000,78885.99,78892.0,78745.71,78808.0,80.95628,2026-08-24 19:45:00+00:00
1787601000000,78808.01,78833.2,78600.0,78750.0,170.3009,2026-08-24 19:50:00+00:00
1787601300000,78750.0,78777.0,78712.7,78758.0,79.54917,2026-08-24 19:55:00+00:00
1787601600000,78757.99,78820.0,78560.0,78570.4,90.13706,2026-08-24 20:00:00+00:00
1787601900000,78570.4,78794.0,78570.39,78793.99,28.92119,2026-08-24 20:05:00+00:00
1787602200000,78794.0,78814.0,78627.41,78686.07,29.72651,2026-08-24 20:10:00+00:00
1787602500000,78686.07,78732.78,78617.11,78732.78,20.31827,2026-08-24 20:15:00+00:00
1787602800000,78732.78,78792.0,78694.0,78716.0,30.09948,2026-08-24 20:20:00+00:00
1787603100000,78716.0,78729.05,78624.0,78695.56,27.54225,2026-08-24 20:25:00+00:00
1787603400000,78695.55,78804.0,78637.95,78796.25,34.14335,2026-08-24 20:30:00+00:00
1787603700000,78796.26,78996.0,78788.0,78977.97,64.43048,2026-08-24 20:35:00+00:00
1787604000000,78977.98,78980.0,78902.0,78904.54,33.52622,2026-08-24 20:40:00+00:00
1787604300000,78904.53,78920.0,78846.0,78864.24,27.11746,2026-08-24 20:45:00+00:00
1787604600000,78864.24,78870.0,78824.0,78870.0,19.80399,2026-08-24 20:50:00+00:00
1787604900000,78870.0,78942.73,78870.0,78932.33,15.44341,2026-08-24 20:55:00+00:00
1787605200000,78932.33,79012.0,78932.32,79005.27,23.90299,2026-08-24 21:00:00+00:00
1787605500000,79005.27,79008.0,78968.0,78970.55,14.85694,2026-08-24 21:05:00+00:00
1787605800000,78970.54,79044.0,78970.54,79027.19,26.52238,2026-08-24 21:10:00+00:00
1787606100000,79027.19,79036.0,78860.0,78860.0,51.15617,2026-08-24 21:15:00+00:00
1787606400000,78860.0,78954.88,78853.43,78948.46,17.29954,2026-08-24 21:20:00+00:00
1787606700000,78948.45,78948.46,78894.96,78918.0,21.31446,2026-08-24 21:25:00+00:00
1787607000000,78918.0,79023.72,78918.0,78939.15,34.58653,2026-08-24 21:30:00+00:00
1787607300000,78939.15,78972.0,78934.57,78972.0,13.44674,2026-08-24 21:35:00+00:00
1787607600000,78972.0,79021.0,78972.0,78982.0,17.60087,2026-08-24 21:40:00+00:00
1787607900000,78982.0,79049.4,78967.36,79026.01,45.6338,2026-08-24 21:45:00+00:00
1787608200000,79026.0,79028.0,78922.0,78936.0,23.67436,2026-08-24 21:50:00+00:00
1787608500000,78936.0,78993.52,78935.99,78984.23,12.48187,2026-08-24 21:55:00+00:00
1787608800000,78984.23,78988.0,78852.0,78900.0,41.87745,2026-08-24 22:00:00+00:00
1787609100000,78900.0,78978.0,78900.0,78904.02,26.89798,2026-08-24 22:05:00+00:00
1787609400000,78904.01,78918.0,78833.33,78870.0,31.30231,2026-08-24 22:10:00+00:00
1787609700000,78870.0,78931.89,78860.0,78860.01,14.38106,2026-08-24 22:15:00+00:00
1787610000000,78860.01,78884.0,78826.01,78852.56,14.60688,2026-08-24 22:20:00+00:00
1787610300000,78852.55,78852.55,78753.43,78773.99,17.44058,2026-08-24 22:25:00+00:00
1787610600000,78774.0,78908.0,78750.0,78880.73,35.02279,2026-08-24 22:30:00+00:00
1787610900000,78880.73,78926.0,78854.0,78864.0,21.90448,2026-08-24 22:35:00+00:00
1787611200000,78864.0,78864.01,78740.44,78772.01,75.2318,2026-08-24 22:40:00+00:00
1787611500000,78772.0,78822.0,78764.0,78810.62,19.24729,2026-08-24 22:45:00+00:00
1787611800000,78810.62,78838.0,78756.0,78800.0,30.93486,2026-08-24 22:50:00+00:00
1787612100000,78800.0,78800.0,78692.0,78740.0,22.92278,2026-08-24 22:55:00+00:00
1787612400000,78740.0,78764.0,78622.13,78740.01,31.83961,2026-08-24 23:00:00+00:00
1787612700000,78740.01,78822.0,78722.0,78788.01,24.48311,2026-08-24 23:05:00+00:00
1787613000000,78788.0,78820.0,78699.99,78740.44,147.59399,2026-08-24 23:10:00+00:00
1787613300000,78740.44,78792.0,78739.99,78770.0,15.50941,2026-08-24 23:15:00+00:00
1787613600000,78770.0,78974.0,78770.0,78935.1,42.42992,2026-08-24 23:20:00+00:00
1787613900000,78935.11,78977.38,78903.2,78904.0,28.7099,2026-08-24 23:25:00+00:00
1787614200000,78904.01,78978.0,78872.0,78886.0,38.34655,2026-08-24 23:30:00+00:00
1787614500000,78885.99,78957.58,78867.17,78947.07,17.0957,2026-08-24 23:35:00+00:00
1787614800000,78947.07,78999.82,78934.0,78956.01,50.79297,2026-08-24 23:40:00+00:00
1787615100000,78956.01,79017.76,78876.0,78905.53,36.99191,2026-08-24 23:45:00+00:00
1787615400000,78905.53,78906.0,78843.78,78858.69,19.59542,2026-08-24 23:50:00+00:00
1787615700000,78858.69,78995.62,78823.03,78992.75,183.33097,2026-08-24 23:55:00+00:00
1787616000000,78992.76,79004.02,78938.0,78946.01,108.99345,2026-08-25 00:00:00+00:00
1787616300000,78946.0,79083.49,78900.83,78939.53,73.35619,2026-08-25 00:05:00+00:00
1787616600000,78939.53,79064.0,78924.01,78963.99,86.09597,2026-08-25 00:10:00+00:00
1787616900000,78963.99,78963.99,78715.63,78792.01,81.6981,2026-08-25 00:15:00+00:00
1787617200000,78792.0,78855.99,78750.49,78800.66,34.01161,2026-08-25 00:20:00+00:00
1787617500000,78800.66,78882.0,78752.85,78800.09,33.29283,2026-08-25 00:25:00+00:00
1787617800000,78800.08,78829.46,78743.32,78779.93,40.37018,2026-08-25 00:30:00+00:00
1787618100000,78779.93,79020.45,78779.92,78965.89,55.89422,2026-08-25 00:35:00+00:00
1787618400000,78965.89,79372.0,78919.33,79372.0,172.27078,2026-08-25 00:40:00+00:00
1787618700000,79372.0,79787.0,79336.91,79582.0,206.88703,2026-08-25 00:45:00+00:00
1787619000000,79582.0,79847.06,79480.11,79847.06,99.32352,2026-08-25 00:50:00+00:00
1787619300000,79847.06,79888.0,79718.42,79739.99,141.30075,2026-08-25 00:55:00+00:00
1787619600000,79739.99,79985.41,79700.0,79936.77,125.03372,2026-08-25 01:00:00+00:00
1787619900000,79936.77,79949.31,79748.0,79812.01,66.00583,2026-08-25 01:05:00+00:00
1787620200000,79812.01,79812.01,79609.84,79648.0,92.24249,2026-08-25 01:10:00+00:00
1787620500000,79648.0,79796.0,79478.0,79734.01,80.39061,2026-08-25 01:15:00+00:00
1787620800000,79734.01,79822.0,79642.01,79743.37,79.90838,2026-08-25 01:20:00+00:00
1787621100000,79743.37,79958.33,79732.01,79823.2,69.48207,2026-08-25 01:25:00+00:00
1787621400000,79823.19,79865.0,79670.27,79716.01,78.58001,2026-08-25 01:30:00+00:00
1787621700000,79716.01,79876.66,79685.05,79824.99,100.57736,2026-08-25 01:35:00+00:00
1787622000000,79825.0,79920.0,79682.0,79700.01,158.84814,2026-08-25 01:40:00+00:00
1787622300000,79700.01,79761.18,79658.0,79706.82,71.86149,2026-08-25 01:45:00+00:00
1787622600000,79706.82,79706.82,79512.0,79606.0,78.49284,2026-08-25 01:50:00+00:00
1787622900000,79605.99,79846.0,79600.0,79828.0,65.81125,2026-08-25 01:55:00+00:00
1787623200000,79828.0,79930.0,79742.0,79781.28,142.65451,2026-08-25 02:00:00+00:00
1787623500000,79781.28,79848.96,79746.08,79792.0,107.73348,2026-08-25 02:05:00+00:00
1787623800000,79792.0,79920.0,79792.0,79867.99,100.6869,2026-08-25 02:10:00+00:00
1787624100000,79868.0,80937.5,79826.0,80860.22,1129.15132,2026-08-25 02:15:00+00:00
1787624400000,80860.22,81090.0,80608.01,80798.06,525.59169,2026-08-25 02:20:00+00:00
1787624700000,80798.07,81041.97,80743.24,81010.01,228.90827,2026-08-25 02:25:00+00:00
1787625000000,81010.0,81017.68,80806.38,80880.0,130.00506,2026-08-25 02:30:00+00:00
1787625300000,80880.0,81000.0,80776.0,80955.81,174.74185,2026-08-25 02:35:00+00:00
1787625600000,80955.81,81272.62,80821.64,80827.01,324.69877,2026-08-25 02:40:00+00:00
1787625900000,80827.01,80866.0,80634.95,80642.54,133.69051,2026-08-25 02:45:00+00:00
1787626200000,80642.53,80721.29,80433.83,80639.99,182.55025,2026-08-25 02:50:00+00:00
1787626500000,80639.99,80744.19,80600.3,80649.63,134.49271,2026-08-25 02:55:00+00:00
1787626800000,80649.62,80852.69,80590.67,80832.0,126.44203,2026-08-25 03:00:00+00:00
1787627100000,80832.0,80956.0,80817.71,80858.91,127.60975,2026-08-25 03:05:00+00:00
1787627400000,80858.91,80925.0,80772.0,80791.98,127.18647,2026-08-25 03:10:00+00:00
1787627700000,80791.98,80820.0,80662.23,80754.99,131.4861,2026-08-25 03:15:00+00:00
1787628000000,80755.0,80811.99,80600.0,80662.0,112.25726,2026-08-25 03:20:00+00:00
1787628300000,80662.01,80662.01,80508.76,80636.69,123.60291,2026-08-25 03:25:00+00:00
1787628600000,80636.69,80836.0,80600.0,80744.08,121.30611,2026-08-25 03:30:00+00:00
1787628900000,80744.09,80880.17,80704.27,80803.99,107.51034,2026-08-25 03:35:00+00:00
1787629200000,80803.99,80812.09,80544.0,80592.0,93.66469,2026-08-25 03:40:00+00:00
1787629500000,80592.0,80674.0,80388.06,80464.91,85.30469,2026-08-25 03:45:00+00:00
1787629800000,80464.91,80673.9,80464.91,80558.5,113.10602,2026-08-25 03:50:00+00:00
1787630100000,80558.49,80558.5,80314.31,80488.01,90.01439,2026-08-25 03:55:00+00:00
1787630400000,80488.01,80608.0,80381.84,80390.0,59.62288,2026-08-25 04:00:00+00:00
1787630700000,80390.0,80458.0,80266.0,80448.0,96.38348,2026-08-25 04:05:00+00:00
1787631000000,80447.99,80560.0,80376.92,80496.13,59.10564,2026-08-25 04:10:00+00:00
1787631300000,80496.13,80498.65,80292.0,80309.5,82.04707,2026-08-25 04:15:00+00:00
1787631600000,80309.49,80408.0,80268.3,80408.0,105.49332,2026-08-25 04:20:00+00:00
1787631900000,80407.99,80416.0,80233.62,80256.0,90.8269,2026-08-25 04:25:00+00:00
1787632200000,80256.0,80362.88,80150.0,80312.08,106.22758,2026-08-25 04:30:00+00:00
1787632500000,80312.09,80391.14,80299.86,80334.35,67.25722,2026-08-25 04:35:00+00:00
1787632800000,80334.34,80344.0,80214.8,80237.25,59.77132,2026-08-25 04:40:00+00:00
1787633100000,80237.25,80343.29,80232.0,80299.99,77.86207,2026-08-25 04:45:00+00:00
1787633400000,80299.99,80350.0,80242.0,80242.0,52.24573,2026-08-25 04:50:00+00:00
1787633700000,80242.0,80363.74,80214.18,80363.73,41.9689,2026-08-25 04:55:00+00:00
1787634000000,80363.74,80474.63,80322.0,80464.0,54.78461,2026-08-25 05:00:00+00:00
1787634300000,80464.0,80559.26,80456.0,80559.25,33.25221,2026-08-25 05:05:00+00:00
1787634600000,80559.26,80577.62,80521.1,80554.0,115.91503,2026-08-25 05:10:00+00:00
1787634900000,80554.0,80599.2,80486.0,80562.92,99.26457,2026-08-25 05:15:00+00:00
1787635200000,80562.91,80582.0,80488.0,80557.83,131.76383,2026-08-25 05:20:00+00:00
1787635500000,80557.82,80739.5,80557.82,80642.0,44.5365,2026-08-25 05:25:00+00:00
1787635800000,80641.99,80813.99,80598.0,80811.33,52.2405,2026-08-25 05:30:00+00:00
1787636100000,80811.33,80821.53,80740.52,80774.44,40.85181,2026-08-25 05:35:00+00:00
1787636400000,80774.45,80799.99,80708.0,80708.0,39.85935,2026-08-25 05:40:00+00:00
1787636700000,80708.01,80764.67,80640.0,80758.07,97.9636,2026-08-25 05:45:00+00:00
1787637000000,80758.07,80816.23,80658.0,80666.14,128.29012,2026-08-25 05:50:00+00:00
1787637300000,80666.15,80788.0,80666.15,80731.9,155.31779,2026-08-25 05:55:00+00:00
1787637600000,80731.9,80789.7,80683.25,80725.0,131.43136,2026-08-25 06:00:00+00:00
1787637900000,80724.99,80776.5,80684.0,80776.5,49.04912,2026-08-25 06:05:00+00:00
1787638200000,80776.49,80860.0,80724.0,80852.19,65.14233,2026-08-25 06:10:00+00:00
1787638500000,80852.19,80882.35,80770.12,80822.67,73.03366,2026-08-25 06:15:00+00:00
1787638800000,80822.68,80923.69,80770.55,80780.0,48.05878,2026-08-25 06:20:00+00:00
1787639100000,80780.0,80876.0,80747.66,80747.66,55.0089,2026-08-25 06:25:00+00:00
1787639400000,80747.66,80748.14,80622.59,80726.01,80.77377,2026-08-25 06:30:00+00:00
1787639700000,80726.0,80726.01,80542.47,80561.99,62.38769,2026-08-25 06:35:00+00:00
1787640000000,80561.99,80587.12,80512.01,80532.34,43.61579,2026-08-25 06:40:00+00:00
1787640300000,80532.35,80568.0,80512.0,80546.12,40.82526,2026-08-25 06:45:00+00:00
1787640600000,80546.12,80546.12,80466.0,80485.74,44.63465,2026-08-25 06:50:00+00:00
1787640900000,80485.75,80574.09,80420.0,80574.09,51.4375,2026-08-25 06:55:00+00:00
1787641200000,80574.09,80780.0,80541.67,80762.12,61.85093,2026-08-25 07:00:00+00:00
1787641500000,80762.12,80819.67,80710.0,80758.0,87.1649,2026-08-25 07:05:00+00:00
1787641800000,80758.0,80758.0,80706.42,80718.01,39.92878,2026-08-25 07:10:00+00:00
1787642100000,80718.0,80742.71,80632.01,80632.02,27.20516,2026-08-25 07:15:00+00:00
1787642400000,80632.01,80694.0,80624.0,80624.36,30.75563,2026-08-25 07:20:00+00:00
1787642700000,80624.36,80692.21,80606.31,80670.01,28.89797,2026-08-25 07:25:00+00:00
1787643000000,80670.0,80697.79,80606.69,80607.24,58.09678,2026-08-25 07:30:00+00:00
1787643300000,80607.24,80645.24,80484.0,80484.9,54.86748,2026-08-25 07:35:00+00:00
1787643600000,80484.89,80541.86,80484.89,80513.18,73.48427,2026-08-25 07:40:00+00:00
1787643900000,80513.17,80529.84,79703.17,79899.76,353.4112,2026-08-25 07:45:00+00:00
1787644200000,79899.76,79932.0,79369.17,79788.71,305.61339,2026-08-25 07:50:00+00:00
1787644500000,79788.72,79788.72,79660.04,79705.79,186.40734,2026-08-25 07:55:00+00:00
1787644800000,79705.79,79878.0,79622.0,79875.43,135.34296,2026-08-25 08:00:00+00:00
1787645100000,79875.44,79875.99,79792.0,79843.59,47.73312,2026-08-25 08:05:00+00:00
1787645400000,79843.6,79975.67,79842.0,79926.08,43.77801,2026-08-25 08:10:00+00:00
1787645700000,79926.07,80070.0,79926.07,79993.99,75.9198,2026-08-25 08:15:00+00:00
1787646000000,79993.99,80203.9,79993.99,80136.94,91.36211,2026-08-25 08:20:00+00:00
1787646300000,80136.94,80249.0,80116.55,80198.39,66.16044,2026-08-25 08:25:00+00:00
1787646600000,80198.4,80228.93,80131.02,80186.35,44.44371,2026-08-25 08:30:00+00:00
1787646900000,80186.35,80200.6,79980.0,79980.01,49.62559,2026-08-25 08:35:00+00:00
1787647200000,79980.01,80112.0,79907.45,80111.99,74.93197,2026-08-25 08:40:00+00:00
1787647500000,80111.99,80124.0,79920.0,79920.0,68.6786,2026-08-25 08:45:00+00:00
1787647800000,79920.01,79948.01,79853.45,79895.99,53.01422,2026-08-25 08:50:00+00:00
1787648100000,79896.0,79948.0,79840.0,79930.77,37.32506,2026-08-25 08:55:00+00:00
1787648400000,79930.76,79941.53,79714.34,79743.98,123.63582,2026-08-25 09:00:00+00:00
1787648700000,79743.99,79828.0,79704.28,79774.66,178.29989,2026-08-25 09:05:00+00:00
1787649000000,79774.65,79952.06,79732.01,79844.01,138.0702,2026-08-25 09:10:00+00:00
1787649300000,79844.0,79904.55,79782.0,79844.0,69.96925,2026-08-25 09:15:00+00:00
1787649600000,79844.0,79958.0,79831.87,79936.81,36.59823,2026-08-25 09:20:00+00:00
1787649900000,79936.81,79936.81,79776.0,79822.0,47.80141,2026-08-25 09:25:00+00:00
1787650200000,79821.99,79940.0,79821.99,79913.01,45.86702,2026-08-25 09:30:00+00:00
1787650500000,79913.01,79913.01,79806.6,79830.78,46.23193,2026-08-25 09:35:00+00:00
1787650800000,79830.79,79920.0,79748.0,79748.0,48.54237,2026-08-25 09:40:00+00:00
1787651100000,79748.01,79776.0,79585.99,79586.0,101.45329,2026-08-25 09:45:00+00:00
1787651400000,79586.0,79586.0,78888.0,79094.01,454.3555,2026-08-25 09:50:00+00:00
1787651700000,79094.0,79252.36,79020.0,79187.2,184.46019,2026-08-25 09:55:00+00:00
1787652000000,79187.2,79200.18,78992.0,79179.18,115.769,2026-08-25 10:00:00+00:00
1787652300000,79179.18,79265.26,79108.75,79223.99,78.50016,2026-08-25 10:05:00+00:00
1787652600000,79224.0,79342.0,79223.99,79313.99,46.28845,2026-08-25 10:10:00+00:00
1787652900000,79314.0,79429.94,79265.0,79379.32,52.96207,2026-08-25 10:15:00+00:00
1787653200000,79379.32,79389.67,79253.41,79312.0,75.12399,2026-08-25 10:20:00+00:00
1787653500000,79312.01,79316.91,79219.96,79274.01,44.2441,2026-08-25 10:25:00+00:00
1787653800000,79274.0,79316.9,79254.0,79279.19,45.42007,2026-08-25 10:30:00+00:00
1787654100000,79279.2,79285.35,79235.09,79259.99,66.25095,2026-08-25 10:35:00+00:00
1787654400000,79260.0,79327.77,79258.24,79320.74,64.09375,2026-08-25 10:40:00+00:00
1787654700000,79320.75,79484.01,79320.74,79360.95,54.17395,2026-08-25 10:45:00+00:00
1787655000000,79360.95,79427.64,79319.92,79376.01,65.20355,2026-08-25 10:50:00+00:00
1787655300000,79376.0,79412.22,79306.0,79309.63,128.91664,2026-08-25 10:55:00+00:00
1787655600000,79309.63,79334.0,79255.35,79268.01,37.06141,2026-08-25 11:00:00+00:00
1787655900000,79268.02,79396.0,79217.35,79264.01,38.65101,2026-08-25 11:05:00+00:00
1787656200000,79264.01,79271.38,79086.52,79100.89,72.70805,2026-08-25 11:10:00+00:00
1787656500000,79100.9,79258.45,79064.89,79188.01,53.70813,2026-08-25 11:15:00+00:00
1787656800000,79188.01,79300.15,79188.0,79277.21,26.18636,2026-08-25 11:20:00+00:00
1787657100000,79277.22,79287.03,79196.29,79253.99,33.89758,2026-08-25 11:25:00+00:00
1787657400000,79253.99,79357.16,79253.99,79357.15,34.30803,2026-08-25 11:30:00+00:00
1787657700000,79357.16,79463.59,79324.1,79324.1,77.92013,2026-08-25 11:35:00+00:00
1787658000000,79324.1,79324.1,79160.74,79160.74,56.07515,2026-08-25 11:40:00+00:00
1787658300000,79160.75,79185.65,79082.35,79082.36,71.63917,2026-08-25 11:45:00+00:00
1787658600000,79082.36,79184.24,79077.25,79077.25,82.1011,2026-08-25 11:50:00+00:00
1787658900000,79077.26,79171.88,79044.18,79117.99,33.0382,2026-08-25 11:55:00+00:00
1787659200000,79118.0,79171.88,78954.0,78999.47,95.61098,2026-08-25 12:00:00+00:00
1787659500000,78999.48,78999.48,78682.0,78848.01,204.02636,2026-08-25 12:05:00+00:00
1787659800000,78848.0,79082.1,78826.0,79080.82,61.34228,2026-08-25 12:10:00+00:00
1787660100000,79080.83,79083.6,78890.97,78932.44,68.63805,2026-08-25 12:15:00+00:00
1787660400000,78932.44,78946.01,78716.0,78884.67,115.09056,2026-08-25 12:20:00+00:00
1787660700000,78884.67,78926.0,78640.0,78884.0,127.74164,2026-08-25 12:25:00+00:00
1787661000000,78883.99,78975.76,78802.0,78965.9,57.77614,2026-08-25 12:30:00+00:00
1787661300000,78965.9,79000.0,78904.0,78908.0,51.48704,2026-08-25 12:35:00+00:00
1787661600000,78908.0,78985.0,78772.0,78933.31,51.44592,2026-08-25 12:40:00+00:00
1787661900000,78933.32,79058.0,78898.59,79044.78,61.60393,2026-08-25 12:45:00+00:00
1787662200000,79044.78,79090.09,78995.23,79030.01,53.50079,2026-08-25 12:50:00+00:00
1787662500000,79030.01,79039.44,78944.0,78980.0,59.07701,2026-08-25 12:55:00+00:00
1787662800000,78980.01,79062.0,78932.91,79060.0,41.10295,2026-08-25 13:00:00+00:00
1787663100000,79060.0,79078.0,78808.0,78864.0,58.45558,2026-08-25 13:05:00+00:00
1787663400000,78864.0,78920.81,78720.0,78812.0,91.72495,2026-08-25 13:10:00+00:00
1787663700000,78812.0,78812.01,78648.0,78732.0,59.52855,2026-08-25 13:15:00+00:00
1787664000000,78732.0,78820.0,78571.62,78758.0,109.80852,2026-08-25 13:20:00+00:00
1787664300000,78758.0,78812.0,78594.0,78648.01,120.50094,2026-08-25 13:25:00+00:00
1787664600000,78648.0,79025.03,78604.89,79025.03,145.77482,2026-08-25 13:30:00+00:00
1787664900000,79025.03,79222.0,78986.0,79055.58,311.44333,2026-08-25 13:35:00+00:00
1787665200000,79055.59,79074.0,78618.0,78646.01,163.54275,2026-08-25 13:40:00+00:00
1787665500000,78646.01,78660.84,78376.01,78488.0,235.67698,2026-08-25 13:45:00+00:00
1787665800000,78488.0,78498.0,78120.74,78352.0,279.04366,2026-08-25 13:50:00+00:00
1787666100000,78351.99,78662.0,78250.11,78647.99,117.51917,2026-08-25 13:55:00+00:00
1787666400000,78648.0,78807.47,78531.55,78800.0,119.6585,2026-08-25 14:00:00+00:00
1787666700000,78799.99,78950.0,78758.0,78947.42,100.34564,2026-08-25 14:05:00+00:00
1787667000000,78947.42,79050.0,78898.0,78995.3,103.27293,2026-08-25 14:10:00+00:00
1787667300000,78995.31,79126.27,78909.15,78954.0,146.36141,2026-08-25 14:15:00+00:00
1787667600000,78954.0,79126.27,78914.0,79126.27,87.59963,2026-08-25 14:20:00+00:00
1787667900000,79126.27,79305.2,79076.0,79211.88,120.2011,2026-08-25 14:25:00+00:00
1787668200000,79211.89,79386.94,79033.01,79234.0,145.25986,2026-08-25 14:30:00+00:00
1787668500000,79234.0,79312.78,79102.0,79111.53,65.51138,2026-08-25 14:35:00+00:00
1787668800000,79111.53,79190.0,79064.0,79167.53,75.87639,2026-08-25 14:40:00+00:00
1787669100000,79167.52,79298.0,79158.36,79205.01,94.09304,2026-08-25 14:45:00+00:00
1787669400000,79205.01,79346.0,79194.0,79255.83,61.59333,2026-08-25 14:50:00+00:00
1787669700000,79255.83,79376.0,79174.03,79235.99,96.29207,2026-08-25 14:55:00+00:00
1787670000000,79236.0,79295.04,79154.0,79187.29,45.41973,2026-08-25 15:00:00+00:00
1787670300000,79187.29,79360.0,79187.29,79288.0,73.71636,2026-08-25 15:05:00+00:00
1787670600000,79287.99,79320.73,79060.28,79107.28,78.41747,2026-08-25 15:10:00+00:00
1787670900000,79108.0,79253.46,79020.04,79218.71,66.75577,2026-08-25 15:15:00+00:00
1787671200000,79218.71,79280.0,79150.0,79174.01,51.05828,2026-08-25 15:20:00+00:00
1787671500000,79174.01,79240.0,79078.09,79235.8,50.96293,2026-08-25 15:25:00+00:00
1787671800000,79235.79,79338.0,79184.0,79292.23,51.7912,2026-08-25 15:30:00+00:00
1787672100000,79292.23,79475.0,79292.23,79380.19,175.10061,2026-08-25 15:35:00+00:00
1787672400000,79380.18,79402.91,79306.31,79400.54,38.40585,2026-08-25 15:40:00+00:00
1787672700000,79400.53,79439.01,79284.0,79315.83,52.20901,2026-08-25 15:45:00+00:00
1787673000000,79315.82,79360.0,79263.09,79336.08,39.63989,2026-08-25 15:50:00+00:00
1787673300000,79336.08,79527.09,79336.07,79502.01,70.60552,2026-08-25 15:55:00+00:00
1787673600000,79502.01,79563.71,79434.83,79487.41,112.93386,2026-08-25 16:00:00+00:00
1787673900000,79487.41,79502.01,79336.01,79336.01,62.27599,2026-08-25 16:05:00+00:00
1787674200000,79336.01,79344.02,79158.22,79168.98,78.38208,2026-08-25 16:10:00+00:00
1787674500000,79168.99,79252.0,79136.0,79252.0,30.62995,2026-08-25 16:15:00+00:00
1787674800000,79252.0,79270.0,79067.72,79119.99,60.22805,2026-08-25 16:20:00+00:00
1787675100000,79119.99,79150.0,79080.0,79150.0,39.30279,2026-08-25 16:25:00+00:00
1787675400000,79149.99,79357.99,79145.05,79299.77,59.71613,2026-08-25 16:30:00+00:00
1787675700000,79299.77,79326.0,79209.0,79218.34,50.22079,2026-08-25 16:35:00+00:00
1787676000000,79218.33,79329.97,79196.0,79228.0,25.34056,2026-08-25 16:40:00+00:00
1787676300000,79228.01,79372.08,79226.0,79282.0,79.59631,2026-08-25 16:45:00+00:00
1787676600000,79282.01,79282.01,79130.0,79130.01,32.47936,2026-08-25 16:50:00+00:00
1787676900000,79130.01,79180.4,79092.1,79156.02,45.07283,2026-08-25 16:55:00+00:00
1787677200000,79156.02,79156.02,79058.0,79068.0,42.24944,2026-08-25 17:00:00+00:00
1787677500000,79068.01,79144.04,78862.0,78962.31,110.21436,2026-08-25 17:05:00+00:00
1787677800000,78962.32,78990.0,78900.01,78966.0,70.54332,2026-08-25 17:10:00+00:00
1787678100000,78966.0,79020.0,78958.0,78958.01,27.38721,2026-08-25 17:15:00+00:00
1787678400000,78958.01,79011.02,78800.0,78865.99,58.58761,2026-08-25 17:20:00+00:00
1787678700000,78866.0,78866.67,78752.06,78798.0,73.15161,2026-08-25 17:25:00+00:00
1787679000000,78798.0,79104.48,78797.99,79051.91,91.51778,2026-08-25 17:30:00+00:00
1787679300000,79051.92,79101.23,79005.17,79055.0,47.08813,2026-08-25 17:35:00+00:00
1787679600000,79055.0,79184.15,79050.0,79139.91,91.77495,2026-08-25 17:40:00+00:00
1787679900000,79139.92,79230.89,79139.92,79204.29,51.30443,2026-08-25 17:45:00+00:00
1787680200000,79204.28,79250.33,79151.99,79192.99,48.06308,2026-08-25 17:50:00+00:00
1787680500000,79192.98,79256.08,79186.0,79240.01,35.40011,2026-08-25 17:55:00+00:00
1787680800000,79240.02,79323.01,79217.51,79234.81,59.22029,2026-08-25 18:00:00+00:00
1787681100000,79234.81,79275.88,79220.31,79270.72,23.50975,2026-08-25 18:05:00+00:00
1787681400000,79270.72,79380.0,79228.0,79317.55,57.62159,2026-08-25 18:10:00+00:00
1787681700000,79317.56,79332.59,79258.0,79282.01,20.10422,2026-08-25 18:15:00+00:00
1787682000000,79282.01,79320.96,79237.18,79266.06,58.23913,2026-08-25 18:20:00+00:00
1787682300000,79266.06,79303.98,79246.0,79276.01,36.02555,2026-08-25 18:25:00+00:00
1787682600000,79276.0,79276.01,79148.0,79160.01,40.39857,2026-08-25 18:30:00+00:00
1787682900000,79160.01,79187.44,79108.0,79162.0,24.09482,2026-08-25 18:35:00+00:00
1787683200000,79161.99,79183.59,79139.12,79172.02,26.84072,2026-08-25 18:40:00+00:00
1787683500000,79172.02,79236.95,79165.94,79214.57,40.00816,2026-08-25 18:45:00+00:00
1787683800000,79214.57,79220.0,79056.0,79067.58,49.88714,2026-08-25 18:50:00+00:00
1787684100000,79067.58,79142.0,79048.44,79128.0,33.55088,2026-08-25 18:55:00+00:00
1787684400000,79128.01,79190.0,79025.89,79025.89,62.30323,2026-08-25 19:00:00+00:00
1787684700000,79025.89,79102.02,79018.0,79079.59,60.81365,2026-08-25 19:05:00+00:00
1787685000000,79079.58,79169.41,79056.09,79161.49,48.88084,2026-08-25 19:10:00+00:00
1787685300000,79161.49,79233.57,79151.72,79232.28,35.82618,2026-08-25 19:15:00+00:00
1787685600000,79232.27,79232.28,79146.0,79170.0,52.2606,2026-08-25 19:20:00+00:00
1787685900000,79169.99,79169.99,78909.28,78933.89,64.53548,2026-08-25 19:25:00+00:00
1787686200000,78933.88,78933.89,78831.09,78887.88,48.513,2026-08-25 19:30:00+00:00
1787686500000,78887.87,78946.42,78886.52,78890.0,44.23418,2026-08-25 19:35:00+00:00
1787686800000,78890.01,78890.01,78728.35,78746.72,99.36954,2026-08-25 19:40:00+00:00
1787687100000,78746.72,78820.76,78737.56,78767.71,74.43012,2026-08-25 19:45:00+00:00
1787687400000,78767.7,78941.72,78750.0,78905.32,65.54882,2026-08-25 19:50:00+00:00
1787687700000,78905.33,78944.79,78850.0,78925.95,46.15309,2026-08-25 19:55:00+00:00
1787688000000,78925.96,78976.0,78668.15,78794.84,86.69943,2026-08-25 20:00:00+00:00
1787688300000,78794.84,78867.36,78744.0,78864.0,33.08618,2026-08-25 20:05:00+00:00
1787688600000,78864.0,78881.99,78800.0,78881.98,38.78023,2026-08-25 20:10:00+00:00
1787688900000,78881.99,78962.0,78834.4,78962.0,24.69069,2026-08-25 20:15:00+00:00
1787689200000,78962.0,78962.0,78879.8,78898.12,22.53032,2026-08-25 20:20:00+00:00
1787689500000,78898.13,78898.13,78768.0,78772.03,26.30795,2026-08-25 20:25:00+00:00
1787689800000,78772.03,78788.0,78694.0,78753.96,44.1134,2026-08-25 20:30:00+00:00
1787690100000,78753.95,78780.0,78550.0,78583.78,38.53506,2026-08-25 20:35:00+00:00
1787690400000,78583.78,78604.0,78366.0,78465.99,118.84688,2026-08-25 20:40:00+00:00
1787690700000,78466.0,78545.99,78165.27,78225.42,149.91127,2026-08-25 20:45:00+00:00
1787691000000,78225.54,78444.0,78208.0,78286.01,125.86062,2026-08-25 20:50:00+00:00
1787691300000,78286.01,78286.24,78180.0,78206.13,68.18893,2026-08-25 20:55:00+00:00
1787691600000,78206.14,78295.21,78113.22,78212.1,98.14274,2026-08-25 21:00:00+00:00
1787691900000,78212.11,78290.0,77851.0,77980.01,282.93453,2026-08-25 21:05:00+00:00
1787692200000,77980.01,78298.0,77910.84,78285.99,72.41368,2026-08-25 21:10:00+00:00
1787692500000,78286.0,78453.08,78208.0,78444.0,62.24603,2026-08-25 21:15:00+00:00
1787692800000,78444.0,78450.0,78276.0,78375.48,47.17753,2026-08-25 21:20:00+00:00
1787693100000,78375.48,78480.0,78348.0,78466.47,54.98425,2026-08-25 21:25:00+00:00
1787693400000,78466.47,78474.0,78380.86,78468.95,23.72449,2026-08-25 21:30:00+00:00
1787693700000,78468.94,78625.33,78466.0,78606.04,52.84135,2026-08-25 21:35:00+00:00
1787694000000,78606.04,78654.0,78568.0,78584.0,36.32087,2026-08-25 21:40:00+00:00
1787694300000,78583.99,78626.0,78568.0,78621.99,27.41003,2026-08-25 21:45:00+00:00
1787694600000,78621.99,78624.0,78542.0,78612.0,18.05012,2026-08-25 21:50:00+00:00
1787694900000,78612.0,78664.0,78542.0,78570.0,64.64321,2026-08-25 21:55:00+00:00
1787695200000,78569.99,78725.66,78569.99,78717.64,51.58412,2026-08-25 22:00:00+00:00
1787695500000,78717.63,78904.6,78704.0,78813.28,88.77833,2026-08-25 22:05:00+00:00
1787695800000,78813.28,78944.0,78813.27,78932.43,53.53163,2026-08-25 22:10:00+00:00
1787696100000,78932.43,79000.0,78849.08,78924.0,42.97437,2026-08-25 22:15:00+00:00
1787696400000,78924.0,78934.0,78809.86,78867.99,32.13953,2026-08-25 22:20:00+00:00
1787696700000,78868.0,78868.0,78606.0,78643.48,72.47243,2026-08-25 22:25:00+00:00
1787697000000,78643.48,78844.0,78596.0,78843.99,40.44881,2026-08-25 22:30:00+00:00
1787697300000,78844.0,78866.0,78778.0,78809.87,47.03862,2026-08-25 22:35:00+00:00
1787697600000,78809.86,78834.0,78777.99,78780.01,17.63739,2026-08-25 22:40:00+00:00
1787697900000,78780.0,78880.68,78777.17,78862.0,50.93333,2026-08-25 22:45:00+00:00
1787698200000,78862.0,78922.65,78854.58,78898.01,36.29855,2026-08-25 22:50:00+00:00
1787698500000,78898.01,78979.57,78871.14,78889.51,43.50122,2026-08-25 22:55:00+00:00
1787698800000,78889.51,78970.32,78857.64,78957.99,39.03604,2026-08-25 23:00:00+00:00
1787699100000,78958.0,78968.43,78820.34,78837.02,44.17817,2026-08-25 23:05:00+00:00
1787699400000,78837.02,78977.49,78807.97,78952.92,118.10939,2026-08-25 23:10:00+00:00
1787699700000,78952.91,78966.4,78768.0,78806.18,68.76167,2026-08-25 23:15:00+00:00
1787700000000,78806.17,78806.18,78667.54,78671.39,65.52144,2026-08-25 23:20:00+00:00
1787700300000,78671.39,78748.84,78630.29,78734.93,29.64119,2026-08-25 23:25:00+00:00
1787700600000,78734.93,78796.0,78642.0,78770.01,25.47876,2026-08-25 23:30:00+00:00
1787700900000,78770.01,78777.37,78643.6,78643.61,21.63464,2026-08-25 23:35:00+00:00
1787701200000,78643.6,78664.0,78516.45,78591.66,34.93347,2026-08-25 23:40:00+00:00
1787701500000,78591.66,78591.66,78416.26,78481.99,86.683,2026-08-25 23:45:00+00:00
1787701800000,78482.0,78532.0,78396.88,78495.99,44.16535,2026-08-25 23:50:00+00:00
1787702100000,78496.0,78620.61,78466.28,78539.14,112.25036,2026-08-25 23:55:00+00:00
1787702400000,78539.13,78625.99,78464.0,78612.25,69.74022,2026-08-26 00:00:00+00:00
1787702700000,78612.26,78612.36,78316.0,78369.99,100.27149,2026-08-26 00:05:00+00:00
1787703000000,78369.98,78464.0,78312.0,78356.0,57.60649,2026-08-26 00:10:00+00:00
1787703300000,78356.0,78582.0,78338.0,78530.0,53.79914,2026-08-26 00:15:00+00:00
1787703600000,78530.01,78605.99,78464.0,78589.72,29.29893,2026-08-26 00:20:00+00:00
1787703900000,78589.72,78591.99,78510.56,78591.98,34.83445,2026-08-26 00:25:00+00:00
1787704200000,78591.99,78668.0,78581.38,78584.87,43.79705,2026-08-26 00:30:00+00:00
1787704500000,78584.87,78588.0,78394.0,78394.0,34.61769,2026-08-26 00:35:00+00:00
1787704800000,78394.01,78485.99,78367.29,78390.63,61.75656,2026-08-26 00:40:00+00:00
1787705100000,78390.62,78553.36,78369.36,78528.98,77.74058,2026-08-26 00:45:00+00:00
1787705400000,78528.98,78721.48,78526.0,78710.91,75.28999,2026-08-26 00:50:00+00:00
1787705700000,78710.9,78710.9,78622.0,78631.79,41.89779,2026-08-26 00:55:00+00:00
1787706000000,78631.7,78809.8,78607.29,78809.8,76.61918,2026-08-26 01:00:00+00:00
1787706300000,78809.87,78902.0,78796.0,78809.86,91.47845,2026-08-26 01:05:00+00:00
1787706600000,78809.86,78809.86,78710.0,78746.0,31.24559,2026-08-26 01:10:00+00:00
1787706900000,78745.99,78869.99,78718.0,78863.99,64.85409,2026-08-26 01:15:00+00:00
1787707200000,78863.99,78879.88,78810.12,78820.42,38.14135,2026-08-26 01:20:00+00:00
1787707500000,78820.41,78820.41,78693.29,78711.95,98.4642,2026-08-26 01:25:00+00:00
1787707800000,78711.96,78916.66,78711.96,78916.65,59.72975,2026-08-26 01:30:00+00:00
1787708100000,78916.65,78960.0,78890.0,78912.97,40.53681,2026-08-26 01:35:00+00:00
1787708400000,78912.96,78912.96,78844.01,78872.34,16.69339,2026-08-26 01:40:00+00:00
1787708700000,78872.35,78872.35,78800.33,78833.99,19.1726,2026-08-26 01:45:00+00:00
1787709000000,78833.99,78834.0,78780.79,78795.28,20.09297,2026-08-26 01:50:00+00:00
1787709300000,78795.27,78815.63,78764.2,78815.13,15.36936,2026-08-26 01:55:00+00:00
1787709600000,78815.13,78879.08,78795.0,78850.17,26.4419,2026-08-26 02:00:00+00:00
1787709900000,78850.16,78856.0,78748.56,78750.0,27.98661,2026-08-26 02:05:00+00:00
1787710200000,78750.01,78823.19,78750.0,78782.0,18.2656,2026-08-26 02:10:00+00:00
1787710500000,78782.01,78947.11,78762.08,78898.0,58.6014,2026-08-26 02:15:00+00:00
1787710800000,78898.0,78993.52,78897.99,78985.35,46.63922,2026-08-26 02:20:00+00:00
1787711100000,78985.34,79251.6,78985.34,79230.54,105.87976,2026-08-26 02:25:00+00:00
1787711400000,79230.54,79243.86,79124.0,79176.0,60.71535,2026-08-26 02:30:00+00:00
1787711700000,79176.0,79215.81,79154.2,79182.2,37.80886,2026-08-26 02:35:00+00:00
1787712000000,79182.2,79219.45,79134.48,79148.2,33.39097,2026-08-26 02:40:00+00:00
1787712300000,79148.2,79194.51,79100.0,79119.99,47.12412,2026-08-26 02:45:00+00:00
1787712600000,79120.0,79129.17,79044.01,79064.19,30.81945,2026-08-26 02:50:00+00:00
1787712900000,79064.19,79129.97,79064.19,79108.0,11.85481,2026-08-26 02:55:00+00:00
1787713200000,79108.01,79184.0,79067.4,79067.41,49.21722,2026-08-26 03:00:00+00:00
1787713500000,79067.4,79119.18,79049.99,79049.99,16.69508,2026-08-26 03:05:00+00:00
1787713800000,79049.99,79089.15,79046.0,79046.01,28.40126,2026-08-26 03:10:00+00:00
1787714100000,79046.0,79068.3,78993.72,78993.73,48.6957,2026-08-26 03:15:00+00:00
1787714400000,78993.72,79126.54,78993.72,79100.41,59.56821,2026-08-26 03:20:00+00:00
1787714700000,79100.42,79135.22,79026.0,79043.51,33.83568,2026-08-26 03:25:00+00:00
1787715000000,79043.52,79043.52,78900.0,78981.24,39.45671,2026-08-26 03:30:00+00:00
1787715300000,78981.24,79120.0,78981.23,79052.29,50.09629,2026-08-26 03:35:00+00:00
1787715600000,79052.28,79079.87,78988.05,79060.66,29.52124,2026-08-26 03:40:00+00:00
1787715900000,79060.66,79070.91,78950.91,78986.24,26.16448,2026-08-26 03:45:00+00:00
1787716200000,78986.25,79031.15,78959.64,79030.71,34.06954,2026-08-26 03:50:00+00:00
1787716500000,79030.71,79112.21,79030.71,79088.62,37.7849,2026-08-26 03:55:00+00:00
1787716800000,79088.61,79088.61,78968.95,79012.0,71.09107,2026-08-26 04:00:00+00:00
1787717100000,79011.99,79147.69,78994.0,79147.69,49.40071,2026-08-26 04:05:00+00:00
1787717400000,79147.69,79200.0,78980.0,79039.5,64.42423,2026-08-26 04:10:00+00:00
1787717700000,79039.51,79140.0,78980.0,79133.6,25.17785,2026-08-26 04:15:00+00:00
1787718000000,79133.59,79137.5,79004.0,79106.0,74.78489,2026-08-26 04:20:00+00:00
1787718300000,79106.0,79125.32,79006.38,79009.99,33.71923,2026-08-26 04:25:00+00:00
1787718600000,79010.0,79050.08,78902.0,78930.36,37.30939,2026-08-26 04:30:00+00:00
1787718900000,78930.36,79006.0,78892.11,78939.02,27.78198,2026-08-26 04:35:00+00:00
1787719200000,78939.02,78984.95,78939.01,78965.1,9.03614,2026-08-26 04:40:00+00:00
1787719500000,78965.1,78965.11,78791.73,78856.81,45.57496,2026-08-26 04:45:00+00:00
1787719800000,78856.8,78904.0,78846.86,78879.99,28.37902,2026-08-26 04:50:00+00:00
1787720100000,78879.99,78880.0,78790.68,78826.0,16.2548,2026-08-26 04:55:00+00:00
1787720400000,78826.0,78849.26,78764.0,78766.03,36.69356,2026-08-26 05:00:00+00:00
1787720700000,78766.03,78806.93,78638.0,78806.93,64.38021,2026-08-26 05:05:00+00:00
1787721000000,78806.92,78952.46,78806.92,78902.0,32.89172,2026-08-26 05:10:00+00:00
1787721300000,78902.0,78902.0,78752.0,78752.01,62.43413,2026-08-26 05:15:00+00:00
1787721600000,78752.01,79022.01,78752.01,79022.0,65.18496,2026-08-26 05:20:00+00:00
1787721900000,79022.01,79073.33,78953.41,79026.22,47.39604,2026-08-26 05:25:00+00:00
1787722200000,79026.23,79143.62,78984.82,79061.99,56.26303,2026-08-26 05:30:00+00:00
1787722500000,79062.0,79077.36,78988.0,79068.92,28.86422,2026-08-26 05:35:00+00:00
1787722800000,79068.93,79127.76,79062.0,79120.1,22.46848,2026-08-26 05:40:00+00:00
1787723100000,79120.09,79120.1,79034.01,79062.11,43.20845,2026-08-26 05:45:00+00:00
1787723400000,79062.12,79066.0,78956.83,78960.29,29.74703,2026-08-26 05:50:00+00:00
1787723700000,78960.28,79085.99,78960.28,79085.98,25.70506,2026-08-26 05:55:00+00:00
1787724000000,79085.98,79154.0,79024.0,79100.47,38.1028,2026-08-26 06:00:00+00:00
1787724300000,79100.47,79206.0,79100.47,79166.26,46.40875,2026-08-26 06:05:00+00:00
1787724600000,79166.25,79166.25,78970.0,79008.0,47.57493,2026-08-26 06:10:00+00:00
1787724900000,79008.0,79056.0,78886.0,78886.0,32.5611,2026-08-26 06:15:00+00:00
1787725200000,78886.01,79014.99,78862.01,78862.01,55.26981,2026-08-26 06:20:00+00:00
1787725500000,78862.01,78953.4,78817.42,78898.18,49.82307,2026-08-26 06:25:00+00:00
1787725800000,78898.18,78962.0,78866.6,78910.0,36.08905,2026-08-26 06:30:00+00:00
1787726100000,78910.0,78960.82,78816.0,78870.71,32.01817,2026-08-26 06:35:00+00:00
1787726400000,78870.7,78957.81,78865.41,78935.64,29.44131,2026-08-26 06:40:00+00:00
1787726700000,78935.64,78969.06,78866.37,78888.9,33.61075,2026-08-26 06:45:00+00:00
1787727000000,78888.89,78928.0,78873.96,78927.99,24.03459,2026-08-26 06:50:00+00:00
1787727300000,78927.99,78953.01,78902.31,78947.92,34.42337,2026-08-26 06:55:00+00:00
1787727600000,78947.92,79020.0,78867.0,79019.99,43.76565,2026-08-26 07:00:00+00:00
1787727900000,79019.99,79096.0,78928.41,78928.41,38.14149,2026-08-26 07:05:00+00:00
1787728200000,78928.42,79028.0,78928.42,78987.75,42.6296,2026-08-26 07:10:00+00:00
1787728500000,78987.75,79013.33,78958.02,78964.75,14.69914,2026-08-26 07:15:00+00:00
1787728800000,78964.75,79006.0,78900.92,78948.92,33.72649,2026-08-26 07:20:00+00:00
1787729100000,78948.91,79047.99,78941.02,78950.0,43.64377,2026-08-26 07:25:00+00:00
1787729400000,78950.0,78983.34,78888.88,78983.34,52.54896,2026-08-26 07:30:00+00:00
1787729700000,78983.34,79050.5,78975.36,79006.43,59.99198,2026-08-26 07:35:00+00:00
1787730000000,79006.44,79035.99,78972.21,78997.46,38.85469,2026-08-26 07:40:00+00:00
1787730300000,78997.46,79012.01,78964.24,79000.95,36.96269,2026-08-26 07:45:00+00:00
1787730600000,79000.96,79062.0,78964.4,78964.4,48.41307,2026-08-26 07:50:00+00:00
1787730900000,78964.41,79015.71,78920.0,78925.56,62.86365,2026-08-26 07:55:00+00:00
1787731200000,78925.57,78944.19,78849.82,78893.33,46.23579,2026-08-26 08:00:00+00:00
1787731500000,78893.33,79088.0,78828.0,79061.74,36.80726,2026-08-26 08:05:00+00:00
1787731800000,79061.74,79119.37,79044.0,79044.01,57.75772,2026-08-26 08:10:00+00:00
1787732100000,79044.01,79116.3,78980.48,78993.73,27.61259,2026-08-26 08:15:00+00:00
1787732400000,78993.73,79003.38,78914.16,78971.07,21.7717,2026-08-26 08:20:00+00:00
1787732700000,78971.07,79011.34,78971.06,78989.68,32.86212,2026-08-26 08:25:00+00:00
1787733000000,78989.69,79018.0,78926.0,78938.51,74.3775,2026-08-26 08:30:00+00:00
1787733300000,78938.51,78954.61,78896.02,78918.06,120.751,2026-08-26 08:35:00+00:00
1787733600000,78918.06,79022.44,78900.82,78998.98,154.68408,2026-08-26 08:40:00+00:00
1787733900000,78998.97,79011.09,78905.5,78919.13,127.41337,2026-08-26 08:45:00+00:00
1787734200000,78919.12,78940.0,78700.0,78700.0,158.90739,2026-08-26 08:50:00+00:00
1787734500000,78700.0,78710.33,78600.0,78707.59,136.24641,2026-08-26 08:55:00+00:00
1787734800000,78707.59,78862.24,78668.48,78814.99,71.89047,2026-08-26 09:00:00+00:00
1787735100000,78814.99,78877.02,78800.0,78805.77,25.93199,2026-08-26 09:05:00+00:00
1787735400000,78805.76,78840.0,78750.0,78775.3,14.77073,2026-08-26 09:10:00+00:00
1787735700000,78775.31,78775.31,78426.0,78483.26,98.82434,2026-08-26 09:15:00+00:00
1787736000000,78483.26,78530.0,78387.12,78400.0,48.47425,2026-08-26 09:20:00+00:00
1787736300000,78400.01,78540.0,78400.01,78525.05,38.27358,2026-08-26 09:25:00+00:00
1787736600000,78525.05,78592.0,78470.0,78557.7,24.53411,2026-08-26 09:30:00+00:00
1787736900000,78557.7,78571.21,78490.0,78490.01,20.2816,2026-08-26 09:35:00+00:00
1787737200000,78490.0,78490.01,78325.0,78327.12,70.88917,2026-08-26 09:40:00+00:00
1787737500000,78327.11,78427.62,78244.83,78427.62,94.57546,2026-08-26 09:45:00+00:00
1787737800000,78427.61,78492.0,78394.31,78400.01,25.72672,2026-08-26 09:50:00+00:00
1787738100000,78400.01,78452.0,78400.0,78444.49,19.19579,2026-08-26 09:55:00+00:00
1787738400000,78444.5,78444.5,78291.09,78312.38,33.64068,2026-08-26 10:00:00+00:00
1787738700000,78312.37,78386.0,78312.37,78359.28,21.06189,2026-08-26 10:05:00+00:00
1787739000000,78359.27,78474.0,78329.87,78430.46,33.24122,2026-08-26 10:10:00+00:00
1787739300000,78430.46,78534.0,78424.4,78534.0,25.7034,2026-08-26 10:15:00+00:00
1787739600000,78534.0,78582.01,78508.79,78574.22,29.32567,2026-08-26 10:20:00+00:00
1787739900000,78574.23,78636.0,78574.23,78624.13,28.47396,2026-08-26 10:25:00+00:00
1787740200000,78624.13,78652.0,78570.77,78652.0,20.42149,2026-08-26 10:30:00+00:00
1787740500000,78652.0,78808.15,78621.88,78746.0,42.25276,2026-08-26 10:35:00+00:00
1787740800000,78746.01,78757.74,78662.0,78722.0,43.51428,2026-08-26 10:40:00+00:00
1787741100000,78722.01,78846.15,78700.0,78838.87,42.93957,2026-08-26 10:45:00+00:00
1787741400000,78838.87,78879.75,78764.41,78778.1,34.61121,2026-08-26 10:50:00+00:00
1787741700000,78778.11,78786.46,78720.0,78727.45,12.09768,2026-08-26 10:55:00+00:00
1787742000000,78727.46,78782.0,78688.0,78748.58,17.68763,2026-08-26 11:00:00+00:00
1787742300000,78748.57,78768.0,78662.44,78680.46,24.71374,2026-08-26 11:05:00+00:00
1787742600000,78680.46,78713.86,78666.0,78709.31,15.26782,2026-08-26 11:10:00+00:00
1787742900000,78709.31,78736.57,78647.67,78673.4,14.90863,2026-08-26 11:15:00+00:00
1787743200000,78673.4,78702.0,78642.94,78697.99,20.69586,2026-08-26 11:20:00+00:00
1787743500000,78697.99,78704.0,78617.75,78629.78,18.79228,2026-08-26 11:25:00+00:00
1787743800000,78629.78,78629.78,78566.0,78566.0,42.96011,2026-08-26 11:30:00+00:00
1787744100000,78566.0,78620.0,78317.0,78386.0,93.33633,2026-08-26 11:35:00+00:00
1787744400000,78386.0,78500.0,78350.48,78482.41,66.84349,2026-08-26 11:40:00+00:00
1787744700000,78482.4,78482.41,78380.0,78384.77,31.67159,2026-08-26 11:45:00+00:00
1787745000000,78384.77,78540.81,78384.77,78524.47,38.13631,2026-08-26 11:50:00+00:00
1787745300000,78524.47,78574.0,78478.14,78487.26,28.42714,2026-08-26 11:55:00+00:00
1787745600000,78487.26,78562.0,78464.0,78520.05,69.98273,2026-08-26 12:00:00+00:00
1787745900000,78520.04,78520.04,78359.12,78430.17,31.12201,2026-08-26 12:05:00+00:00
1787746200000,78430.18,78466.0,78394.0,78400.01,19.09191,2026-08-26 12:10:00+00:00
1787746500000,78400.01,78426.0,78288.0,78385.99,38.45876,2026-08-26 12:15:00+00:00
1787746800000,78385.99,78590.02,78380.86,78578.15,53.53073,2026-08-26 12:20:00+00:00
1787747100000,78578.16,78713.79,78576.37,78713.71,43.89313,2026-08-26 12:25:00+00:00
1787747400000,78713.7,78713.7,77918.25,78400.0,456.8793,2026-08-26 12:30:00+00:00
1787747700000,78400.01,78482.0,78173.0,78240.0,82.93131,2026-08-26 12:35:00+00:00
1787748000000,78240.0,78385.49,78220.44,78265.99,53.79272,2026-08-26 12:40:00+00:00
1787748300000,78265.99,78375.95,78206.0,78311.31,56.01532,2026-08-26 12:45:00+00:00
1787748600000,78311.31,78448.0,78286.6,78312.0,50.19614,2026-08-26 12:50:00+00:00
1787748900000,78312.0,78422.72,78291.97,78319.59,67.05519,2026-08-26 12:55:00+00:00
1787749200000,78319.58,78444.0,78244.0,78244.0,82.06584,2026-08-26 13:00:00+00:00
1787749500000,78244.01,78270.0,78074.79,78113.73,86.28366,2026-08-26 13:05:00+00:00
1787749800000,78113.74,78159.3,77983.74,78120.67,111.44094,2026-08-26 13:10:00+00:00
1787750100000,78120.68,78172.79,78074.7,78147.55,35.29351,2026-08-26 13:15:00+00:00
1787750400000,78147.55,78154.09,77998.0,78020.01,52.66308,2026-08-26 13:20:00+00:00
1787750700000,78020.0,78070.78,77913.19,78052.01,71.66746,2026-08-26 13:25:00+00:00
1787751000000,78052.01,78370.53,78052.0,78336.01,117.28725,2026-08-26 13:30:00+00:00
1787751300000,78336.0,78495.03,78268.0,78355.83,85.00157,2026-08-26 13:35:00+00:00
1787751600000,78355.83,78492.0,78330.0,78492.0,73.2287,2026-08-26 13:40:00+00:00
1787751900000,78491.99,78554.0,78374.02,78380.86,120.46165,2026-08-26 13:45:00+00:00
1787752200000,78380.86,78380.86,78116.0,78222.0,71.17885,2026-08-26 13:50:00+00:00
1787752500000,78221.99,78460.06,78204.16,78448.66,36.65036,2026-08-26 13:55:00+00:00
1787752800000,78448.66,78591.27,78297.71,78536.0,76.2426,2026-08-26 14:00:00+00:00
1787753100000,78536.0,78601.59,78485.35,78551.21,55.81251,2026-08-26 14:05:00+00:00
1787753400000,78551.2,78603.41,78450.0,78456.0,64.57718,2026-08-26 14:10:00+00:00
1787753700000,78455.99,78572.0,78447.1,78516.52,61.98467,2026-08-26 14:15:00+00:00
1787754000000,78516.52,78546.0,78398.85,78398.86,51.05627,2026-08-26 14:20:00+00:00
1787754300000,78398.85,78398.86,78202.86,78247.99,59.14013,2026-08-26 14:25:00+00:00
1787754600000,78247.98,78278.02,78157.0,78176.01,50.84631,2026-08-26 14:30:00+00:00
1787754900000,78176.0,78259.72,78091.27,78150.48,59.70273,2026-08-26 14:35:00+00:00
1787755200000,78150.48,78196.0,77935.0,77979.87,118.18351,2026-08-26 14:40:00+00:00
1787755500000,77979.86,78015.43,77852.21,77982.91,137.02284,2026-08-26 14:45:00+00:00
1787755800000,77982.92,78041.41,77777.0,77795.33,242.0881,2026-08-26 14:50:00+00:00
1787756100000,77795.34,77856.01,77774.0,77790.48,74.4901,2026-08-26 14:55:00+00:00
1787756400000,77790.48,77882.43,77632.58,77651.07,155.20787,2026-08-26 15:00:00+00:00
1787756700000,77651.08,77957.98,77640.01,77927.4,79.96663,2026-08-26 15:05:00+00:00
1787757000000,77927.41,77940.0,77832.24,77836.99,45.94603,2026-08-26 15:10:00+00:00
1787757300000,77836.99,77862.75,77732.0,77783.6,63.20624,2026-08-26 15:15:00+00:00
1787757600000,77783.6,77960.71,77783.59,77935.35,48.57234,2026-08-26 15:20:00+00:00
1787757900000,77935.35,78161.4,77935.35,78159.64,51.09758,2026-08-26 15:25:00+00:00
1787758200000,78159.65,78167.26,77947.48,77948.72,41.36893,2026-08-26 15:30:00+00:00
1787758500000,77948.72,78010.0,77918.0,78003.69,42.83209,2026-08-26 15:35:00+00:00
1787758800000,78003.69,78120.0,78003.68,78035.7,55.97159,2026-08-26 15:40:00+00:00
1787759100000,78035.7,78145.79,78035.69,78140.0,35.00362,2026-08-26 15:45:00+00:00
1787759400000,78140.01,78145.79,78029.99,78045.11,40.71062,2026-08-26 15:50:00+00:00
1787759700000,78045.1,78116.38,77974.86,78011.65,52.35765,2026-08-26 15:55:00+00:00
1787760000000,78011.64,78089.53,77976.5,78089.53,34.92322,2026-08-26 16:00:00+00:00
1787760300000,78089.52,78159.99,78064.68,78132.51,32.5789,2026-08-26 16:05:00+00:00
1787760600000,78132.5,78139.0,78048.0,78077.51,21.42642,2026-08-26 16:10:00+00:00
1787760900000,78077.51,78106.0,77984.0,78036.8,50.94055,2026-08-26 16:15:00+00:00
1787761200000,78036.81,78130.55,78019.43,78034.11,39.22075,2026-08-26 16:20:00+00:00
1787761500000,78034.12,78065.05,77984.0,78060.62,62.96164,2026-08-26 16:25:00+00:00
1787761800000,78060.62,78104.0,78012.32,78104.0,27.69785,2026-08-26 16:30:00+00:00
1787762100000,78104.0,78145.2,77969.22,77969.23,30.18612,2026-08-26 16:35:00+00:00
1787762400000,77969.22,78018.0,77858.0,77873.99,93.95802,2026-08-26 16:40:00+00:00
1787762700000,77874.0,78161.73,77874.0,78087.01,140.50011,2026-08-26 16:45:00+00:00
1787763000000,78087.01,78122.0,77992.09,78023.98,31.55291,2026-08-26 16:50:00+00:00
1787763300000,78023.98,78072.0,77970.65,77991.3,34.60137,2026-08-26 16:55:00+00:00
1787763600000,77991.29,78072.0,77991.29,78043.97,28.91347,2026-08-26 17:00:00+00:00
1787763900000,78043.97,78121.98,78004.1,78088.24,25.93277,2026-08-26 17:05:00+00:00
1787764200000,78088.24,78128.91,78052.0,78128.91,18.99444,2026-08-26 17:10:00+00:00
1787764500000,78128.9,78284.13,78128.9,78246.26,103.16966,2026-08-26 17:15:00+00:00
1787764800000,78246.26,78346.0,78243.66,78345.79,73.58359,2026-08-26 17:20:00+00:00
1787765100000,78345.78,78512.05,78340.15,78512.05,72.2717,2026-08-26 17:25:00+00:00
1787765400000,78512.05,78578.0,78493.54,78578.0,61.66116,2026-08-26 17:30:00+00:00
1787765700000,78578.0,78578.0,78493.62,78536.96,40.88725,2026-08-26 17:35:00+00:00
1787766000000,78536.96,78603.0,78503.43,78514.76,55.07551,2026-08-26 17:40:00+00:00
1787766300000,78514.77,78514.81,78368.0,78405.53,65.58436,2026-08-26 17:45:00+00:00
1787766600000,78405.54,78466.0,78400.0,78465.99,17.86093,2026-08-26 17:50:00+00:00
1787766900000,78465.98,78476.12,78414.0,78442.83,21.1884,2026-08-26 17:55:00+00:00
1787767200000,78442.84,78520.0,78402.8,78474.01,28.65179,2026-08-26 18:00:00+00:00
1787767500000,78474.01,78528.0,78448.0,78524.98,14.95537,2026-08-26 18:05:00+00:00
1787767800000,78524.98,78650.26,78507.19,78562.52,63.50904,2026-08-26 18:10:00+00:00
1787768100000,78562.52,78579.72,78500.0,78543.66,31.14287,2026-08-26 18:15:00+00:00
1787768400000,78543.67,78601.3,78484.75,78512.0,30.26169,2026-08-26 18:20:00+00:00
1787768700000,78511.99,78526.63,78442.16,78468.0,33.84835,2026-08-26 18:25:00+00:00
1787769000000,78468.0,78490.0,78410.0,78426.35,21.57568,2026-08-26 18:30:00+00:00
1787769300000,78426.35,78432.0,78362.01,78387.73,23.70787,2026-08-26 18:35:00+00:00
1787769600000,78387.74,78389.48,78280.01,78296.62,31.3271,2026-08-26 18:40:00+00:00
1787769900000,78296.62,78415.32,78293.82,78404.0,14.38905,2026-08-26 18:45:00+00:00
1787770200000,78404.0,78456.61,78389.12,78456.61,23.3552,2026-08-26 18:50:00+00:00
1787770500000,78456.61,78502.91,78442.15,78472.41,20.52088,2026-08-26 18:55:00+00:00
1787770800000,78472.41,78514.0,78446.75,78450.86,29.89876,2026-08-26 19:00:00+00:00
1787771100000,78450.85,78450.86,78400.0,78400.13,35.93213,2026-08-26 19:05:00+00:00
1787771400000,78400.12,78462.27,78381.27,78381.98,34.18579,2026-08-26 19:10:00+00:00
1787771700000,78381.98,78452.0,78381.97,78411.36,36.52421,2026-08-26 19:15:00+00:00
1787772000000,78411.35,78411.36,78292.0,78342.0,63.38728,2026-08-26 19:20:00+00:00
1787772300000,78342.0,78572.0,78316.0,78531.97,50.63954,2026-08-26 19:25:00+00:00
1787772600000,78531.97,78551.65,78488.0,78489.99,33.52932,2026-08-26 19:30:00+00:00
1787772900000,78489.98,78500.0,78416.0,78416.0,31.77627,2026-08-26 19:35:00+00:00
1787773200000,78416.01,78436.57,78384.01,78436.56,36.59908,2026-08-26 19:40:00+00:00
1787773500000,78436.57,78490.34,78436.56,78478.33,31.57749,2026-08-26 19:45:00+00:00
1787773800000,78478.33,78546.0,78451.2,78455.8,57.33604,2026-08-26 19:50:00+00:00
1787774100000,78455.8,78492.0,78442.15,78475.49,25.46543,2026-08-26 19:55:00+00:00
1787774400000,78475.49,78505.76,78400.0,78495.34,28.33097,2026-08-26 20:00:00+00:00
1787774700000,78495.35,78521.7,78480.0,78480.01,20.66558,2026-08-26 20:05:00+00:00
1787775000000,78480.0,78480.39,78420.0,78420.0,18.00552,2026-08-26 20:10:00+00:00
1787775300000,78420.0,78459.78,78396.0,78411.58,30.35098,2026-08-26 20:15:00+00:00
1787775600000,78411.57,78411.57,78200.0,78328.0,41.44416,2026-08-26 20:20:00+00:00
1787775900000,78328.0,78396.6,78328.0,78396.6,31.13036,2026-08-26 20:25:00+00:00
1787776200000,78396.59,78409.91,78329.18,78349.33,31.80923,2026-08-26 20:30:00+00:00
1787776500000,78349.34,78378.0,78293.85,78375.37,26.10747,2026-08-26 20:35:00+00:00
1787776800000,78375.38,78433.86,78375.37,78404.9,23.83281,2026-08-26 20:40:00+00:00
1787777100000,78404.9,78415.68,78391.02,78391.02,24.81355,2026-08-26 20:45:00+00:00
1787777400000,78391.03,78435.28,78388.0,78430.31,25.60397,2026-08-26 20:50:00+00:00
1787777700000,78430.31,78466.16,78430.31,78452.04,20.12966,2026-08-26 20:55:00+00:00
1787778000000,78452.04,78465.08,78392.19,78414.01,58.74057,2026-08-26 21:00:00+00:00
1787778300000,78414.01,78618.85,78414.01,78614.42,34.62112,2026-08-26 21:05:00+00:00
1787778600000,78614.41,78800.0,78565.26,78794.28,63.46296,2026-08-26 21:10:00+00:00
1787778900000,78794.28,78829.28,78735.16,78763.15,42.65038,2026-08-26 21:15:00+00:00
1787779200000,78763.15,78828.0,78730.06,78786.54,32.25406,2026-08-26 21:20:00+00:00
1787779500000,78786.53,78845.06,78707.99,78750.0,41.10732,2026-08-26 21:25:00+00:00
1787779800000,78750.01,78750.01,78652.15,78748.07,48.28274,2026-08-26 21:30:00+00:00
1787780100000,78748.08,78840.01,78748.07,78781.08,39.51027,2026-08-26 21:35:00+00:00
1787780400000,78781.08,78781.08,78707.17,78714.99,19.33548,2026-08-26 21:40:00+00:00
1787780700000,78714.99,78722.0,78669.61,78700.75,18.4357,2026-08-26 21:45:00+00:00
1787781000000,78700.75,78802.38,78700.75,78776.03,19.12339,2026-08-26 21:50:00+00:00
1787781300000,78776.02,78776.02,78724.0,78724.01,10.9604,2026-08-26 21:55:00+00:00
1787781600000,78724.0,78866.0,78680.0,78865.99,33.28713,2026-08-26 22:00:00+00:00
1787781900000,78865.99,78871.15,78798.0,78798.01,28.65649,2026-08-26 22:05:00+00:00
1787782200000,78798.0,78814.86,78698.05,78782.98,270.28087,2026-08-26 22:10:00+00:00
1787782500000,78782.97,78915.79,78763.47,78887.55,79.4765,2026-08-26 22:15:00+00:00
1787782800000,78887.56,78975.85,78812.81,78818.78,44.5479,2026-08-26 22:20:00+00:00
1787783100000,78818.78,78876.0,78796.0,78821.05,19.43368,2026-08-26 22:25:00+00:00
1787783400000,78821.04,78821.04,78693.35,78754.0,28.75774,2026-08-26 22:30:00+00:00
1787783700000,78754.0,78769.7,78592.14,78592.15,47.66297,2026-08-26 22:35:00+00:00
1787784000000,78592.15,78688.01,78590.0,78687.67,33.2788,2026-08-26 22:40:00+00:00
1787784300000,78687.66,78687.66,78606.16,78606.16,15.77505,2026-08-26 22:45:00+00:00
1787784600000,78606.17,78606.17,78554.0,78589.12,21.80742,2026-08-26 22:50:00+00:00
1787784900000,78589.13,78738.0,78568.55,78700.0,308.29758,2026-08-26 22:55:00+00:00
1787785200000,78700.0,78752.0,78654.0,78750.31,30.59427,2026-08-26 23:00:00+00:00
1787785500000,78750.3,78750.31,78668.0,78686.92,17.60544,2026-08-26 23:05:00+00:00
1787785800000,78686.92,78717.59,78671.79,78708.74,17.18152,2026-08-26 23:10:00+00:00
1787786100000,78708.73,78738.0,78670.7,78716.96,29.49391,2026-08-26 23:15:00+00:00
1787786400000,78716.96,78752.3,78696.0,78740.39,26.19101,2026-08-26 23:20:00+00:00
1787786700000,78740.4,78903.38,78716.0,78865.34,46.95391,2026-08-26 23:25:00+00:00
1787787000000,78865.35,78928.69,78863.65,78888.74,46.5462,2026-08-26 23:30:00+00:00
1787787300000,78888.73,79000.0,78888.73,78957.98,96.75533,2026-08-26 23:35:00+00:00
1787787600000,78957.97,79058.0,78916.0,79049.99,70.92464,2026-08-26 23:40:00+00:00
1787787900000,79050.0,79174.12,79009.6,79066.0,96.54204,2026-08-26 23:45:00+00:00
1787788200000,79066.0,79105.31,79003.38,79073.99,55.95241,2026-08-26 23:50:00+00:00
1787788500000,79073.99,79122.73,78999.83,79023.75,162.34742,2026-08-26 23:55:00+00:00
1787788800000,79023.75,79028.49,78854.0,78856.55,48.53691,2026-08-27 00:00:00+00:00
1787789100000,78856.54,78989.3,78842.57,78968.0,28.97506,2026-08-27 00:05:00+00:00
1787789400000,78968.01,78972.01,78818.0,78837.5,23.82957,2026-08-27 00:10:00+00:00
1787789700000,78837.5,78932.44,78821.39,78932.43,17.31796,2026-08-27 00:15:00+00:00
1787790000000,78932.43,78940.0,78858.6,78858.61,17.13678,2026-08-27 00:20:00+00:00
1787790300000,78858.61,78902.0,78819.88,78902.0,24.64051,2026-08-27 00:25:00+00:00
1787790600000,78902.0,78902.0,78842.37,78847.49,20.42488,2026-08-27 00:30:00+00:00
1787790900000,78847.49,78863.16,78795.0,78832.59,26.01016,2026-08-27 00:35:00+00:00
1787791200000,78832.59,78907.77,78791.99,78897.99,211.89803,2026-08-27 00:40:00+00:00
1787791500000,78897.99,78897.99,78762.0,78793.99,40.6083,2026-08-27 00:45:00+00:00
1787791800000,78794.0,78850.0,78722.0,78722.0,37.0901,2026-08-27 00:50:00+00:00
1787792100000,78722.0,78751.99,78690.01,78690.01,31.35899,2026-08-27 00:55:00+00:00
1787792400000,78690.02,78753.71,78674.0,78750.02,30.5904,2026-08-27 01:00:00+00:00
1787792700000,78750.01,78778.0,78696.0,78737.03,44.13709,2026-08-27 01:05:00+00:00
1787793000000,78737.23,78766.0,78633.3,78667.63,44.28796,2026-08-27 01:10:00+00:00
1787793300000,78667.63,78687.68,78546.13,78671.35,164.44745,2026-08-27 01:15:00+00:00
1787793600000,78671.35,78792.0,78671.35,78791.09,18.79258,2026-08-27 01:20:00+00:00
1787793900000,78791.09,78961.48,78783.9,78936.04,30.38252,2026-08-27 01:25:00+00:00
1787794200000,78936.04,78979.76,78784.0,78873.79,38.59327,2026-08-27 01:30:00+00:00
1787794500000,78873.8,78916.63,78784.0,78841.97,30.22783,2026-08-27 01:35:00+00:00
1787794800000,78841.98,78841.98,78717.97,78717.98,17.6942,2026-08-27 01:40:00+00:00
1787795100000,78717.97,78958.0,78708.01,78958.0,31.6148,2026-08-27 01:45:00+00:00
1787795400000,78957.99,79017.99,78912.0,78933.18,46.22572,2026-08-27 01:50:00+00:00
1787795700000,78933.17,78997.8,78893.13,78898.67,23.72363,2026-08-27 01:55:00+00:00
1787796000000,78898.68,78978.0,78893.13,78941.16,32.1786,2026-08-27 02:00:00+00:00
1787796300000,78941.16,78944.57,78914.0,78936.78,9.2883,2026-08-27 02:05:00+00:00
1787796600000,78936.78,78948.71,78852.0,78884.26,26.23545,2026-08-27 02:10:00+00:00
1787796900000,78884.27,78884.27,78809.86,78827.39,22.24263,2026-08-27 02:15:00+00:00
1787797200000,78827.38,78850.0,78751.03,78769.05,13.03376,2026-08-27 02:20:00+00:00
1787797500000,78769.05,78773.94,78727.42,78757.21,15.72579,2026-08-27 02:25:00+00:00
1787797800000,78757.22,78786.05,78748.57,78786.04,10.9705,2026-08-27 02:30:00+00:00
1787798100000,78786.05,78800.0,78742.0,78744.52,19.90849,2026-08-27 02:35:00+00:00
1787798400000,78744.51,78744.52,78712.0,78736.64,8.78033,2026-08-27 02:40:00+00:00
1787798700000,78736.64,78754.27,78714.0,78754.27,11.82158,2026-08-27 02:45:00+00:00
1787799000000,78754.26,78791.99,78736.91,78751.42,13.62751,2026-08-27 02:50:00+00:00
1787799300000,78751.43,78752.79,78704.62,78717.76,245.20887,2026-08-27 02:55:00+00:00
1787799600000,78717.76,78729.99,78688.6,78724.17,106.07972,2026-08-27 03:00:00+00:00
1787799900000,78724.18,78778.0,78722.0,78722.0,13.38067,2026-08-27 03:05:00+00:00
1787800200000,78722.01,78738.64,78670.0,78677.34,11.50544,2026-08-27 03:10:00+00:00
1787800500000,78677.34,78749.88,78643.23,78749.88,18.69975,2026-08-27 03:15:00+00:00
1787800800000,78749.88,78990.0,78726.0,78950.01,50.20651,2026-08-27 03:20:00+00:00
1787801100000,78950.0,78950.01,78884.0,78896.01,19.59607,2026-08-27 03:25:00+00:00
1787801400000,78896.0,78902.0,78844.24,78863.11,21.98581,2026-08-27 03:30:00+00:00
1787801700000,78863.11,78889.45,78848.0,78851.97,15.90859,2026-08-27 03:35:00+00:00
1787802000000,78851.97,78926.0,78834.51,78876.5,41.13357,2026-08-27 03:40:00+00:00
1787802300000,78876.51,78919.97,78845.99,78846.0,22.82423,2026-08-27 03:45:00+00:00
1787802600000,78846.0,78850.97,78775.44,78827.96,26.94903,2026-08-27 03:50:00+00:00
1787802900000,78827.96,78830.68,78798.11,78830.68,9.0214,2026-08-27 03:55:00+00:00
1787803200000,78830.68,78888.69,78826.0,78856.77,15.61958,2026-08-27 04:00:00+00:00
1787803500000,78856.77,78885.87,78800.0,78885.87,14.15471,2026-08-27 04:05:00+00:00
1787803800000,78885.87,78885.87,78853.46,78862.47,9.7997,2026-08-27 04:10:00+00:00
1787804100000,78862.46,78900.0,78862.46,78878.34,19.86689,2026-08-27 04:15:00+00:00
1787804400000,78878.35,78878.35,78825.3,78845.83,12.81997,2026-08-27 04:20:00+00:00
1787804700000,78845.83,78845.83,78785.05,78785.06,10.37947,2026-08-27 04:25:00+00:00
1787805000000,78785.06,78785.06,78708.0,78708.0,16.25372,2026-08-27 04:30:00+00:00
1787805300000,78708.01,78760.0,78684.18,78760.0,26.02879,2026-08-27 04:35:00+00:00
1787805600000,78759.99,78814.0,78746.95,78813.99,9.63274,2026-08-27 04:40:00+00:00
1787805900000,78814.0,78820.0,78733.05,78739.29,17.40204,2026-08-27 04:45:00+00:00
1787806200000,78739.29,78746.0,78708.95,78746.0,13.43877,2026-08-27 04:50:00+00:00
1787806500000,78745.99,78786.25,78745.99,78783.99,16.21754,2026-08-27 04:55:00+00:00
1787806800000,78783.99,78784.0,78681.95,78681.96,18.23072,2026-08-27 05:00:00+00:00
1787807100000,78681.96,78729.5,78658.0,78715.12,24.07113,2026-08-27 05:05:00+00:00
1787807400000,78715.11,78722.11,78650.0,78650.01,14.15045,2026-08-27 05:10:00+00:00
1787807700000,78650.01,78650.01,78629.75,78650.01,17.88965,2026-08-27 05:15:00+00:00
1787808000000,78650.0,78737.75,78642.88,78737.75,18.60563,2026-08-27 05:20:00+00:00
1787808300000,78737.75,78804.0,78658.0,78662.52,28.05255,2026-08-27 05:25:00+00:00
1787808600000,78662.52,78678.21,78613.99,78633.71,36.34357,2026-08-27 05:30:00+00:00
1787808900000,78633.72,78708.0,78600.0,78693.1,28.03452,2026-08-27 05:35:00+00:00
1787809200000,78693.09,78800.0,78682.08,78715.87,25.37022,2026-08-27 05:40:00+00:00
1787809500000,78715.88,78825.88,78707.95,78825.87,23.10239,2026-08-27 05:45:00+00:00
1787809800000,78825.87,78928.0,78825.87,78844.0,30.82812,2026-08-27 05:50:00+00:00
1787810100000,78844.0,78912.55,78799.04,78912.55,32.64959,2026-08-27 05:55:00+00:00
1787810400000,78912.54,78912.55,78800.62,78800.63,21.84002,2026-08-27 06:00:00+00:00
1787810700000,78800.62,78842.43,78800.62,78816.01,15.96125,2026-08-27 06:05:00+00:00
1787811000000,78816.01,78816.01,78651.73,78677.77,50.86621,2026-08-27 06:10:00+00:00
1787811300000,78677.77,78734.0,78604.78,78722.82,68.44213,2026-08-27 06:15:00+00:00
1787811600000,78722.83,78796.0,78670.0,78673.88,34.36499,2026-08-27 06:20:00+00:00
1787811900000,78673.88,78686.57,78608.52,78651.85,60.70927,2026-08-27 06:25:00+00:00
1787812200000,78651.85,78794.0,78651.84,78744.89,61.50728,2026-08-27 06:30:00+00:00
1787812500000,78744.88,78776.65,78739.98,78743.13,22.20993,2026-08-27 06:35:00+00:00
1787812800000,78743.13,78778.0,78727.48,78750.0,11.9723,2026-08-27 06:40:00+00:00
1787813100000,78749.99,78790.0,78749.99,78790.0,16.61909,2026-08-27 06:45:00+00:00
1787813400000,78790.0,78841.04,78776.02,78811.0,24.35905,2026-08-27 06:50:00+00:00
1787813700000,78811.0,78842.38,78810.99,78817.49,10.29851,2026-08-27 06:55:00+00:00
1787814000000,78817.5,78817.5,78768.87,78788.32,14.35331,2026-08-27 07:00:00+00:00
1787814300000,78788.32,78790.26,78768.87,78785.0,6.67127,2026-08-27 07:05:00+00:00
1787814600000,78785.0,78861.46,78783.31,78832.42,13.35251,2026-08-27 07:10:00+00:00
1787814900000,78832.41,78841.33,78819.54,78827.42,9.82137,2026-08-27 07:15:00+00:00
1787815200000,78827.43,78840.94,78784.92,78784.92,28.46816,2026-08-27 07:20:00+00:00
1787815500000,78784.93,78804.0,78754.0,78795.45,27.23071,2026-08-27 07:25:00+00:00
1787815800000,78795.45,78868.0,78795.44,78867.99,32.21229,2026-08-27 07:30:00+00:00
1787816100000,78867.99,78876.65,78832.0,78874.89,40.38987,2026-08-27 07:35:00+00:00
1787816400000,78874.88,78877.93,78838.0,78838.0,20.98119,2026-08-27 07:40:00+00:00
1787816700000,78838.0,78868.25,78838.0,78864.18,24.83377,2026-08-27 07:45:00+00:00
1787817000000,78864.17,79049.87,78864.17,79032.08,93.6224,2026-08-27 07:50:00+00:00
1787817300000,79032.07,79095.99,79032.07,79082.17,34.00431,2026-08-27 07:55:00+00:00
1787817600000,79082.18,79500.0,79048.0,79439.74,247.74769,2026-08-27 08:00:00+00:00
1787817900000,79439.73,79756.0,79286.08,79753.44,198.34747,2026-08-27 08:05:00+00:00
1787818200000,79753.44,79875.0,79549.43,79635.93,358.171,2026-08-27 08:10:00+00:00
1787818500000,79635.94,79647.78,79478.21,79513.18,117.13254,2026-08-27 08:15:00+00:00
1787818800000,79513.18,79610.0,79442.55,79583.99,97.812,2026-08-27 08:20:00+00:00
1787819100000,79584.0,79749.99,79583.99,79749.99,71.97123,2026-08-27 08:25:00+00:00
1787819400000,79749.99,79880.0,79749.99,79850.01,103.29864,2026-08-27 08:30:00+00:00
1787819700000,79850.0,79850.01,79718.0,79785.98,79.13978,2026-08-27 08:35:00+00:00
1787820000000,79785.99,79995.85,79748.01,79917.32,98.24584,2026-08-27 08:40:00+00:00
1787820300000,79917.32,80022.0,79804.0,79804.01,222.46867,2026-08-27 08:45:00+00:00
1787820600000,79804.0,79883.57,79778.0,79781.99,42.21128,2026-08-27 08:50:00+00:00
1787820900000,79781.98,79789.44,79700.0,79755.99,69.07603,2026-08-27 08:55:00+00:00
1787821200000,79756.0,79822.0,79683.09,79748.01,77.676,2026-08-27 09:00:00+00:00
1787821500000,79748.0,79851.72,79714.0,79794.52,45.15445,2026-08-27 09:05:00+00:00
1787821800000,79795.06,79884.54,79795.06,79877.28,56.1295,2026-08-27 09:10:00+00:00
1787822100000,79877.27,79992.8,79787.58,79992.8,78.11837,2026-08-27 09:15:00+00:00
1787822400000,79992.8,80100.0,79988.0,80085.37,134.45345,2026-08-27 09:20:00+00:00
1787822700000,80085.36,80497.76,80085.36,80493.86,260.20878,2026-08-27 09:25:00+00:00
1787823000000,80493.87,80520.0,80220.0,80220.0,105.04549,2026-08-27 09:30:00+00:00
1787823300000,80220.0,80320.01,80204.0,80285.65,61.12155,2026-08-27 09:35:00+00:00
1787823600000,80285.65,80320.0,80199.53,80253.57,49.77315,2026-08-27 09:40:00+00:00
1787823900000,80253.57,80277.0,80198.0,80198.0,66.35003,2026-08-27 09:45:00+00:00
1787824200000,80198.01,80198.01,80038.83,80070.5,121.65968,2026-08-27 09:50:00+00:00
1787824500000,80070.51,80070.51,79919.6,79986.0,76.18939,2026-08-27 09:55:00+00:00
1787824800000,79986.0,80058.85,79922.02,80058.85,45.20905,2026-08-27 10:00:00+00:00
1787825100000,80058.85,80154.0,80054.46,80154.0,48.09732,2026-08-27 10:05:00+00:00
1787825400000,80154.0,80158.15,79806.17,79932.76,74.67846,2026-08-27 10:10:00+00:00
1787825700000,79932.76,79987.7,79838.06,79964.01,34.705,2026-08-27 10:15:00+00:00
1787826000000,79964.0,80020.0,79764.7,79802.0,56.34263,2026-08-27 10:20:00+00:00
1787826300000,79802.0,79802.0,79342.0,79664.56,156.50138,2026-08-27 10:25:00+00:00
1787826600000,79664.56,79676.0,79538.0,79615.82,48.36352,2026-08-27 10:30:00+00:00
1787826900000,79615.82,79646.0,79368.5,79458.69,82.31342,2026-08-27 10:35:00+00:00
1787827200000,79458.69,79645.93,79456.02,79609.1,27.61153,2026-08-27 10:40:00+00:00
1787827500000,79609.11,79617.79,79496.0,79526.01,35.02711,2026-08-27 10:45:00+00:00
1787827800000,79526.0,79624.0,79509.25,79590.12,31.06961,2026-08-27 10:50:00+00:00
1787828100000,79590.13,79626.0,79546.0,79626.0,44.75272,2026-08-27 10:55:00+00:00
1787828400000,79625.99,79726.0,79553.23,79704.01,55.10245,2026-08-27 11:00:00+00:00
1787828700000,79704.0,79720.0,79638.0,79682.0,27.25318,2026-08-27 11:05:00+00:00
1787829000000,79682.01,79754.0,79646.0,79754.0,23.40805,2026-08-27 11:10:00+00:00
1787829300000,79753.99,79762.0,79632.0,79678.82,19.18676,2026-08-27 11:15:00+00:00
1787829600000,79678.81,79766.3,79678.81,79744.91,47.12794,2026-08-27 11:20:00+00:00
1787829900000,79744.91,79750.0,79496.0,79523.99,38.86366,2026-08-27 11:25:00+00:00
1787830200000,79524.0,79562.38,79390.0,79526.65,56.04225,2026-08-27 11:30:00+00:00
1787830500000,79526.65,79534.0,79397.0,79400.25,84.51205,2026-08-27 11:35:00+00:00
1787830800000,79400.25,79448.49,79391.0,79438.51,52.37359,2026-08-27 11:40:00+00:00
1787831100000,79438.5,79476.0,79389.92,79389.93,53.5744,2026-08-27 11:45:00+00:00
1787831400000,79389.92,79484.01,79172.65,79484.01,128.59281,2026-08-27 11:50:00+00:00
1787831700000,79484.01,79500.0,79472.7,79477.67,35.07732,2026-08-27 11:55:00+00:00
1787832000000,79477.66,79523.04,79436.0,79438.01,72.00488,2026-08-27 12:00:00+00:00
1787832300000,79438.01,79460.0,79378.0,79444.0,59.54242,2026-08-27 12:05:00+00:00
1787832600000,79444.0,79555.98,79444.0,79498.01,43.52471,2026-08-27 12:10:00+00:00
1787832900000,79498.01,79548.6,79394.0,79399.36,32.55384,2026-08-27 12:15:00+00:00
1787833200000,79399.35,79530.04,79399.35,79530.0,25.61764,2026-08-27 12:20:00+00:00
1787833500000,79530.0,79596.0,79530.0,79551.0,26.31751,2026-08-27 12:25:00+00:00
1787833800000,79551.0,79551.0,79406.47,79414.44,46.20201,2026-08-27 12:30:00+00:00
1787834100000,79414.44,79414.44,79268.77,79357.73,53.7643,2026-08-27 12:35:00+00:00
1787834400000,79357.73,79393.76,79268.77,79273.63,40.46115,2026-08-27 12:40:00+00:00
1787834700000,79273.62,79322.0,79273.2,79312.61,39.70676,2026-08-27 12:45:00+00:00
1787835000000,79312.62,79355.92,79268.77,79288.8,22.76361,2026-08-27 12:50:00+00:00
1787835300000,79288.8,79316.0,79266.0,79282.31,43.50635,2026-08-27 12:55:00+00:00
1787835600000,79282.31,79325.0,79281.92,79281.93,44.7534,2026-08-27 13:00:00+00:00
1787835900000,79281.92,79377.99,79269.52,79283.93,57.82074,2026-08-27 13:05:00+00:00
1787836200000,79283.93,79377.99,79280.0,79362.46,48.65029,2026-08-27 13:10:00+00:00
1787836500000,79362.5,79422.72,79300.14,79324.0,71.31106,2026-08-27 13:15:00+00:00
1787836800000,79324.01,79429.99,79320.0,79411.34,42.75392,2026-08-27 13:20:00+00:00
1787837100000,79411.33,79486.0,79352.01,79352.62,74.55234,2026-08-27 13:25:00+00:00
1787837400000,79352.63,79364.0,79090.27,79156.01,139.15461,2026-08-27 13:30:00+00:00
1787837700000,79156.0,79270.0,79138.08,79268.0,111.91093,2026-08-27 13:35:00+00:00
1787838000000,79268.0,79328.0,79140.45,79236.23,144.36408,2026-08-27 13:40:00+00:00
1787838300000,79236.24,79350.5,78920.0,79047.27,229.04281,2026-08-27 13:45:00+00:00
1787838600000,79047.28,79328.11,79047.28,79300.15,66.68099,2026-08-27 13:50:00+00:00
1787838900000,79300.14,79568.0,79300.14,79533.15,112.32671,2026-08-27 13:55:00+00:00
1787839200000,79533.16,79733.99,79425.22,79696.43,126.44022,2026-08-27 14:00:00+00:00
1787839500000,79696.02,79799.99,79475.0,79499.28,141.63831,2026-08-27 14:05:00+00:00
1787839800000,79499.27,79499.27,79354.47,79457.22,96.32206,2026-08-27 14:10:00+00:00
1787840100000,79457.23,79713.99,79395.29,79708.99,66.38086,2026-08-27 14:15:00+00:00
1787840400000,79709.0,79910.0,79680.0,79808.0,121.74657,2026-08-27 14:20:00+00:00
1787840700000,79807.99,79911.45,79776.0,79911.45,95.08465,2026-08-27 14:25:00+00:00
1787841000000,79911.45,79961.66,79804.0,79959.93,159.94691,2026-08-27 14:30:00+00:00
1787841300000,79959.93,80266.0,79959.92,80199.99,185.75575,2026-08-27 14:35:00+00:00
1787841600000,80199.99,80388.0,80139.86,80365.08,115.16315,2026-08-27 14:40:00+00:00
1787841900000,80365.09,80365.09,80004.47,80099.75,149.57378,2026-08-27 14:45:00+00:00
1787842200000,80099.75,80199.92,80059.52,80059.52,97.01326,2026-08-27 14:50:00+00:00
1787842500000,80059.52,80257.22,80018.0,80204.05,109.12628,2026-08-27 14:55:00+00:00
1787842800000,80204.06,80320.0,80094.0,80205.99,89.93026,2026-08-27 15:00:00+00:00
1787843100000,80205.98,80380.96,80146.16,80316.0,100.42121,2026-08-27 15:05:00+00:00
1787843400000,80316.0,80799.91,80282.12,80677.08,343.83735,2026-08-27 15:10:00+00:00
1787843700000,80677.09,80729.99,80458.0,80633.59,125.5958,2026-08-27 15:15:00+00:00
1787844000000,80633.59,80633.59,80397.23,80564.22,145.44403,2026-08-27 15:20:00+00:00
1787844300000,80564.23,80689.29,80506.0,80600.0,93.94021,2026-08-27 15:25:00+00:00
1787844600000,80600.0,80608.0,80375.45,80427.99,86.0006,2026-08-27 15:30:00+00:00
1787844900000,80427.98,80508.0,80391.97,80437.92,106.03682,2026-08-27 15:35:00+00:00
1787845200000,80437.93,80602.0,80342.1,80491.78,114.50865,2026-08-27 15:40:00+00:00
1787845500000,80491.78,80508.09,80307.12,80337.99,67.4302,2026-08-27 15:45:00+00:00
1787845800000,80338.0,80400.0,80299.14,80391.34,74.6754,2026-08-27 15:50:00+00:00
1787846100000,80391.34,80418.22,80302.32,80302.32,67.52911,2026-08-27 15:55:00+00:00
1787846400000,80302.32,80436.01,80295.26,80411.01,61.45745,2026-08-27 16:00:00+00:00
1787846700000,80411.0,80476.0,80189.39,80215.99,105.37849,2026-08-27 16:05:00+00:00
1787847000000,80215.99,80536.0,80215.99,80408.0,102.3343,2026-08-27 16:10:00+00:00
1787847300000,80408.0,80519.44,80392.0,80462.0,73.67049,2026-08-27 16:15:00+00:00
1787847600000,80462.0,80519.59,80445.92,80484.01,76.58057,2026-08-27 16:20:00+00:00
1787847900000,80484.01,80533.99,80392.0,80412.0,86.03963,2026-08-27 16:25:00+00:00
1787848200000,80412.0,80412.0,80320.0,80328.86,63.52025,2026-08-27 16:30:00+00:00
1787848500000,80328.85,80389.65,80268.0,80389.64,57.19929,2026-08-27 16:35:00+00:00
1787848800000,80389.64,80624.0,80389.64,80572.0,133.8669,2026-08-27 16:40:00+00:00
1787849100000,80572.01,80603.36,80404.0,80445.52,59.1362,2026-08-27 16:45:00+00:00
1787849400000,80445.51,80526.0,80416.0,80450.0,59.02511,2026-08-27 16:50:00+00:00
1787849700000,80450.0,80452.0,80350.0,80374.0,79.7719,2026-08-27 16:55:00+00:00
1787850000000,80374.0,80404.0,80230.0,80335.99,74.47629,2026-08-27 17:00:00+00:00
1787850300000,80336.0,80526.0,80306.11,80514.0,74.36141,2026-08-27 17:05:00+00:00
1787850600000,80514.01,80662.0,80500.72,80623.72,78.5304,2026-08-27 17:10:00+00:00
1787850900000,80623.71,80848.74,80593.58,80801.86,163.00874,2026-08-27 17:15:00+00:00
1787851200000,80801.86,80813.99,80674.0,80789.31,85.71173,2026-08-27 17:20:00+00:00
1787851500000,80789.32,80802.83,80678.0,80713.59,61.3144,2026-08-27 17:25:00+00:00
1787851800000,80713.59,80806.76,80694.85,80696.0,190.30141,2026-08-27 17:30:00+00:00
1787852100000,80696.0,80710.0,80600.0,80679.99,90.39051,2026-08-27 17:35:00+00:00
1787852400000,80679.99,80704.0,80462.0,80484.0,54.9741,2026-08-27 17:40:00+00:00
1787852700000,80484.0,80518.0,80432.0,80512.0,41.22362,2026-08-27 17:45:00+00:00
1787853000000,80512.0,80566.39,80465.01,80502.0,28.21873,2026-08-27 17:50:00+00:00
1787853300000,80502.0,80528.0,80432.45,80442.46,31.24941,2026-08-27 17:55:00+00:00
1787853600000,80442.47,80442.47,80325.88,80373.83,62.36011,2026-08-27 18:00:00+00:00
1787853900000,80373.84,80416.0,80346.0,80379.54,25.48915,2026-08-27 18:05:00+00:00
1787854200000,80379.54,80379.55,79982.38,80076.76,134.18591,2026-08-27 18:10:00+00:00
1787854500000,80076.76,80194.0,79860.35,79895.0,117.91033,2026-08-27 18:15:00+00:00
1787854800000,79895.0,79990.0,79749.7,79931.99,77.70821,2026-08-27 18:20:00+00:00
1787855100000,79932.0,79982.79,79864.0,79912.0,39.28786,2026-08-27 18:25:00+00:00
1787855400000,79911.99,79952.0,79826.9,79867.49,38.42607,2026-08-27 18:30:00+00:00
1787855700000,79867.5,80000.0,79849.53,80000.0,32.73694,2026-08-27 18:35:00+00:00
1787856000000,80000.0,80014.81,79867.86,79964.07,41.28862,2026-08-27 18:40:00+00:00
1787856300000,79964.06,80032.0,79921.31,79978.47,25.27586,2026-08-27 18:45:00+00:00
1787856600000,79978.47,80026.0,79910.0,80015.23,24.41116,2026-08-27 18:50:00+00:00
1787856900000,80015.23,80159.11,79996.0,80150.69,43.74522,2026-08-27 18:55:00+00:00
1787857200000,80150.69,80222.51,80115.45,80207.26,32.73647,2026-08-27 19:00:00+00:00
1787857500000,80207.25,80294.11,80207.25,80226.01,35.57827,2026-08-27 19:05:00+00:00
1787857800000,80226.01,80245.33,80139.71,80163.26,27.3634,2026-08-27 19:10:00+00:00
1787858100000,80163.26,80232.0,80100.0,80149.04,27.94184,2026-08-27 19:15:00+00:00
1787858400000,80149.04,80198.67,80098.0,80114.87,36.18028,2026-08-27 19:20:00+00:00
1787858700000,80114.88,80177.04,80042.41,80177.03,39.74279,2026-08-27 19:25:00+00:00
1787859000000,80177.04,80226.0,80118.87,80125.01,62.26498,2026-08-27 19:30:00+00:00
1787859300000,80125.02,80125.02,79992.88,80009.78,70.56388,2026-08-27 19:35:00+00:00
1787859600000,80009.78,80014.0,79980.0,80007.6,16.97632,2026-08-27 19:40:00+00:00
1787859900000,80007.61,80045.99,79987.51,79995.0,23.11745,2026-08-27 19:45:00+00:00
1787860200000,79994.99,80051.4,79961.16,80051.4,62.48344,2026-08-27 19:50:00+00:00
1787860500000,80051.39,80051.4,79886.0,79910.19,79.6594,2026-08-27 19:55:00+00:00
1787860800000,79910.19,79935.49,79882.86,79906.26,31.57224,2026-08-27 20:00:00+00:00
1787861100000,79906.25,80051.68,79896.87,80023.97,52.14442,2026-08-27 20:05:00+00:00
1787861400000,80023.97,80023.97,79957.2,79957.2,16.18026,2026-08-27 20:10:00+00:00
1787861700000,79957.21,80011.4,79952.01,80011.39,17.65132,2026-08-27 20:15:00+00:00
1787862000000,80011.39,80120.0,80011.39,80043.99,26.63982,2026-08-27 20:20:00+00:00
1787862300000,80043.99,80046.0,79986.07,79988.02,31.01436,2026-08-27 20:25:00+00:00
1787862600000,79988.03,80005.94,79978.0,79995.42,16.22883,2026-08-27 20:30:00+00:00
1787862900000,79995.43,80008.02,79986.0,79997.41,6.67435,2026-08-27 20:35:00+00:00
1787863200000,79997.4,80051.75,79997.4,80020.02,11.15898,2026-08-27 20:40:00+00:00
1787863500000,80020.01,80049.38,79966.05,79990.0,29.82481,2026-08-27 20:45:00+00:00
1787863800000,79989.99,80018.0,79974.68,79991.33,20.14705,2026-08-27 20:50:00+00:00
1787864100000,79991.34,80096.0,79989.2,80096.0,23.63609,2026-08-27 20:55:00+00:00
1787864400000,80096.0,80113.98,80018.0,80074.95,34.89077,2026-08-27 21:00:00+00:00
1787864700000,80074.95,80117.81,80035.17,80073.99,36.31951,2026-08-27 21:05:00+00:00
1787865000000,80074.0,80155.99,80073.99,80097.55,34.52511,2026-08-27 21:10:00+00:00
1787865300000,80097.55,80129.9,80010.0,80014.0,22.2421,2026-08-27 21:15:00+00:00
1787865600000,80014.01,80120.0,79992.0,80072.61,30.10012,2026-08-27 21:20:00+00:00
1787865900000,80072.6,80089.6,80034.18,80034.19,6.76129,2026-08-27 21:25:00+00:00
1787866200000,80034.19,80126.0,80034.18,80096.32,24.60425,2026-08-27 21:30:00+00:00
1787866500000,80096.32,80102.43,80051.04,80059.44,8.92323,2026-08-27 21:35:00+00:00
1787866800000,80059.45,80062.59,79975.74,80023.99,29.38385,2026-08-27 21:40:00+00:00
1787867100000,80024.0,80100.0,80008.01,80099.99,22.11141,2026-08-27 21:45:00+00:00
1787867400000,80100.0,80129.61,80072.12,80112.94,14.39719,2026-08-27 21:50:00+00:00
1787867700000,80112.94,80184.0,80112.94,80184.0,14.15659,2026-08-27 21:55:00+00:00
1787868000000,80184.0,80315.56,80183.99,80268.05,26.95769,2026-08-27 22:00:00+00:00
1787868300000,80268.06,80321.04,80232.0,80232.0,27.78628,2026-08-27 22:05:00+00:00
1787868600000,80232.01,80282.0,80212.0,80250.1,20.44135,2026-08-27 22:10:00+00:00
1787868900000,80250.11,80432.36,80250.1,80380.01,51.37108,2026-08-27 22:15:00+00:00
1787869200000,80380.01,80426.0,80328.0,80328.0,25.98263,2026-08-27 22:20:00+00:00
1787869500000,80328.0,80332.0,80204.33,80238.71,194.80838,2026-08-27 22:25:00+00:00
1787869800000,80238.71,80288.0,80192.0,80282.56,19.92829,2026-08-27 22:30:00+00:00
1787870100000,80282.57,80282.57,80150.0,80265.49,46.9823,2026-08-27 22:35:00+00:00
1787870400000,80265.49,80289.61,80188.41,80284.04,35.49566,2026-08-27 22:40:00+00:00
1787870700000,80284.03,80284.03,80218.0,80236.59,15.04814,2026-08-27 22:45:00+00:00
1787871000000,80236.59,80274.0,80230.79,80237.25,17.81225,2026-08-27 22:50:00+00:00
1787871300000,80237.24,80303.22,80237.24,80303.21,51.62668,2026-08-27 22:55:00+00:00
1787871600000,80303.21,80312.86,80228.22,80228.23,74.41986,2026-08-27 23:00:00+00:00
1787871900000,80228.22,80269.99,80210.04,80210.04,26.27173,2026-08-27 23:05:00+00:00
1787872200000,80210.05,80267.99,80150.0,80167.03,24.59062,2026-08-27 23:10:00+00:00
1787872500000,80167.02,80321.11,80134.0,80284.27,24.62574,2026-08-27 23:15:00+00:00
1787872800000,80284.28,80393.6,80284.27,80366.0,24.39334,2026-08-27 23:20:00+00:00
1787873100000,80366.01,80366.01,80293.1,80321.96,20.10267,2026-08-27 23:25:00+00:00
1787873400000,80321.95,80327.04,80274.88,80279.96,19.30014,2026-08-27 23:30:00+00:00
1787873700000,80279.95,80295.34,80262.65,80291.48,14.5961,2026-08-27 23:35:00+00:00
1787874000000,80291.48,80300.0,80248.0,80262.06,22.05072,2026-08-27 23:40:00+00:00
1787874300000,80262.06,80270.0,80192.08,80245.19,21.14185,2026-08-27 23:45:00+00:00
1787874600000,80245.2,80315.25,80245.19,80287.53,20.63823,2026-08-27 23:50:00+00:00
1787874900000,80287.53,80287.54,80235.18,80249.58,37.69431,2026-08-27 23:55:00+00:00
1787875200000,80249.59,80270.0,80158.19,80158.2,38.01987,2026-08-28 00:00:00+00:00
1787875500000,80158.2,80201.75,80153.99,80175.19,30.72344,2026-08-28 00:05:00+00:00
1787875800000,80175.2,80256.86,80168.06,80216.59,48.69176,2026-08-28 00:10:00+00:00
1787876100000,80216.59,80413.37,80216.58,80379.87,75.55256,2026-08-28 00:15:00+00:00
1787876400000,80379.86,80453.99,80341.6,80396.34,39.38246,2026-08-28 00:20:00+00:00
1787876700000,80396.33,80460.52,80342.47,80421.58,37.32202,2026-08-28 00:25:00+00:00
1787877000000,80421.58,80496.13,80358.61,80434.99,53.90859,2026-08-28 00:30:00+00:00
1787877300000,80435.0,80500.0,80408.76,80500.0,22.3078,2026-08-28 00:35:00+00:00
1787877600000,80499.99,80500.0,80386.0,80418.23,22.62737,2026-08-28 00:40:00+00:00
1787877900000,80418.22,80440.77,80349.1,80408.33,24.3909,2026-08-28 00:45:00+00:00
1787878200000,80408.34,80485.8,80365.91,80452.73,28.80195,2026-08-28 00:50:00+00:00
1787878500000,80452.73,80705.37,80442.38,80576.0,94.86824,2026-08-28 00:55:00+00:00
1787878800000,80575.99,80815.26,80575.99,80786.01,81.98072,2026-08-28 01:00:00+00:00
1787879100000,80786.0,80806.22,80691.18,80793.68,37.60189,2026-08-28 01:05:00+00:00
1787879400000,80793.69,80876.04,80734.04,80754.45,68.92393,2026-08-28 01:10:00+00:00
1787879700000,80754.45,81060.4,80692.0,80984.47,206.84044,2026-08-28 01:15:00+00:00
1787880000000,80984.48,81115.0,80974.3,81046.0,136.95733,2026-08-28 01:20:00+00:00
1787880300000,81046.01,81175.94,81002.32,81130.98,135.74702,2026-08-28 01:25:00+00:00
1787880600000,81130.97,81478.87,81058.43,81149.99,345.97505,2026-08-28 01:30:00+00:00
1787880900000,81150.0,81185.83,80810.81,80919.99,152.12662,2026-08-28 01:35:00+00:00
1787881200000,80920.0,80968.36,80844.03,80844.03,78.22812,2026-08-28 01:40:00+00:00
1787881500000,80844.03,80884.0,80678.84,80706.11,62.6804,2026-08-28 01:45:00+00:00
1787881800000,80706.1,80759.44,80513.54,80618.99,93.91145,2026-08-28 01:50:00+00:00
1787882100000,80618.99,80648.27,80434.15,80500.38,62.07792,2026-08-28 01:55:00+00:00
1787882400000,80500.38,80500.38,80307.48,80428.45,111.25817,2026-08-28 02:00:00+00:00
1787882700000,80428.91,80464.9,80365.42,80424.0,49.06966,2026-08-28 02:05:00+00:00
1787883000000,80424.0,80476.0,80229.04,80235.83,80.84258,2026-08-28 02:10:00+00:00
1787883300000,80235.83,80293.92,80029.91,80116.92,195.86556,2026-08-28 02:15:00+00:00
1787883600000,80116.92,80154.0,79950.0,80069.99,160.57985,2026-08-28 02:20:00+00:00
1787883900000,80069.99,80120.0,79917.88,79917.89,109.80487,2026-08-28 02:25:00+00:00
1787884200000,79917.88,80052.18,79822.4,80052.18,130.4201,2026-08-28 02:30:00+00:00
1787884500000,80052.18,80153.48,80042.76,80082.33,64.44336,2026-08-28 02:35:00+00:00
1787884800000,80082.32,80116.9,79970.59,80037.99,58.29007,2026-08-28 02:40:00+00:00
1787885100000,80038.0,80038.0,79801.42,79913.6,72.98419,2026-08-28 02:45:00+00:00
1787885400000,79913.6,79927.72,79723.02,79920.9,105.83054,2026-08-28 02:50:00+00:00
1787885700000,79920.9,79974.0,79860.0,79926.11,50.81614,2026-08-28 02:55:00+00:00
1787886000000,79926.11,79932.01,79828.0,79888.0,25.99712,2026-08-28 03:00:00+00:00
1787886300000,79887.99,79974.0,79802.01,79813.79,46.5055,2026-08-28 03:05:00+00:00
1787886600000,79813.8,79969.99,79775.61,79876.0,43.97732,2026-08-28 03:10:00+00:00
1787886900000,79876.0,80010.0,79874.0,80009.99,43.80973,2026-08-28 03:15:00+00:00
1787887200000,80009.99,80049.66,79981.16,80049.66,35.05943,2026-08-28 03:20:00+00:00
1787887500000,80049.66,80060.01,79905.29,79910.0,94.04185,2026-08-28 03:25:00+00:00
1787887800000,79910.01,79991.32,79900.0,79925.0,28.84714,2026-08-28 03:30:00+00:00
1787888100000,79924.99,79934.0,79836.0,79866.0,74.9065,2026-08-28 03:35:00+00:00
1787888400000,79866.0,79888.72,79812.0,79814.57,26.73778,2026-08-28 03:40:00+00:00
1787888700000,79814.56,79851.98,79778.66,79826.07,52.06005,2026-08-28 03:45:00+00:00
1787889000000,79826.08,79863.04,79786.0,79844.69,37.50675,2026-08-28 03:50:00+00:00
1787889300000,79844.69,79844.69,79790.12,79810.49,21.24536,2026-08-28 03:55:00+00:00
1787889600000,79810.48,79844.69,79775.06,79775.07,31.89591,2026-08-28 04:00:00+00:00
1787889900000,79775.06,79815.0,79606.0,79639.3,113.92464,2026-08-28 04:05:00+00:00
1787890200000,79639.3,79844.69,79603.81,79844.69,78.72937,2026-08-28 04:10:00+00:00
1787890500000,79844.68,79970.5,79844.68,79903.26,134.53085,2026-08-28 04:15:00+00:00
1787890800000,79903.25,79942.0,79839.5,79845.48,29.27034,2026-08-28 04:20:00+00:00
1787891100000,79845.49,79855.11,79816.0,79816.01,8.98922,2026-08-28 04:25:00+00:00
1787891400000,79816.0,79840.0,79694.01,79725.13,30.55252,2026-08-28 04:30:00+00:00
1787891700000,79725.13,79734.9,79630.05,79636.52,30.73528,2026-08-28 04:35:00+00:00
1787892000000,79636.53,79739.6,79636.53,79705.26,14.55944,2026-08-28 04:40:00+00:00
1787892300000,79705.26,79744.75,79625.25,79630.0,38.83969,2026-08-28 04:45:00+00:00
1787892600000,79630.0,79702.0,79617.74,79658.06,31.42863,2026-08-28 04:50:00+00:00
1787892900000,79658.05,79675.66,79624.88,79643.81,19.41203,2026-08-28 04:55:00+00:00
1787893200000,79643.8,79720.87,79558.11,79710.04,74.69827,2026-08-28 05:00:00+00:00
1787893500000,79710.03,79710.03,79561.99,79570.0,28.48648,2026-08-28 05:05:00+00:00
1787893800000,79570.0,79634.0,79564.54,79634.0,23.67103,2026-08-28 05:10:00+00:00
1787894100000,79634.0,79681.09,79630.0,79630.0,13.90614,2026-08-28 05:15:00+00:00
1787894400000,79630.01,79636.9,79574.38,79636.89,17.70023,2026-08-28 05:20:00+00:00
1787894700000,79636.9,79731.5,79634.0,79731.5,29.68251,2026-08-28 05:25:00+00:00
1787895000000,79731.49,79814.0,79703.83,79808.0,29.00508,2026-08-28 05:30:00+00:00
1787895300000,79807.99,79861.46,79807.99,79810.12,14.4691,2026-08-28 05:35:00+00:00
1787895600000,79810.11,79814.0,79786.86,79806.23,11.49839,2026-08-28 05:40:00+00:00
1787895900000,79806.23,79872.6,79796.15,79861.99,21.77156,2026-08-28 05:45:00+00:00
1787896200000,79862.0,79869.57,79800.66,79800.66,21.22753,2026-08-28 05:50:00+00:00
1787896500000,79800.66,79800.67,79647.64,79686.0,40.46472,2026-08-28 05:55:00+00:00
1787896800000,79686.0,79842.47,79685.99,79836.14,22.08587,2026-08-28 06:00:00+00:00
1787897100000,79836.15,79903.25,79818.08,79885.12,54.80423,2026-08-28 06:05:00+00:00
1787897400000,79885.13,79903.26,79862.02,79903.26,34.04038,2026-08-28 06:10:00+00:00
1787897700000,79903.26,79903.26,79853.38,79861.85,29.23415,2026-08-28 06:15:00+00:00
1787898000000,79861.86,79871.09,79800.45,79844.78,32.74608,2026-08-28 06:20:00+00:00
1787898300000,79844.79,79844.79,79824.58,79827.15,17.89891,2026-08-28 06:25:00+00:00
1787898600000,79827.14,79870.0,79800.0,79833.74,19.43081,2026-08-28 06:30:00+00:00
1787898900000,79833.73,79874.0,79822.3,79859.37,19.75724,2026-08-28 06:35:00+00:00
1787899200000,79859.37,79872.0,79800.0,79861.98,27.10355,2026-08-28 06:40:00+00:00
1787899500000,79861.99,79960.0,79861.98,79960.0,18.98478,2026-08-28 06:45:00+00:00
1787899800000,79960.0,79999.0,79957.03,79957.04,28.05585,2026-08-28 06:50:00+00:00
1787900100000,79957.04,79965.95,79904.1,79904.21,54.99045,2026-08-28 06:55:00+00:00
1787900400000,79904.21,79904.21,79770.25,79770.26,75.1581,2026-08-28 07:00:00+00:00
1787900700000,79770.25,79773.02,79662.13,79690.19,22.14587,2026-08-28 07:05:00+00:00
1787901000000,79690.18,79736.97,79687.61,79687.62,12.3258,2026-08-28 07:10:00+00:00
1787901300000,79687.62,79758.0,79687.61,79720.87,13.17896,2026-08-28 07:15:00+00:00
1787901600000,79720.87,79720.87,79678.0,79705.38,26.30347,2026-08-28 07:20:00+00:00
1787901900000,79705.37,79813.74,79705.37,79805.27,27.95415,2026-08-28 07:25:00+00:00
1787902200000,79805.27,79805.28,79717.52,79719.96,121.0276,2026-08-28 07:30:00+00:00
1787902500000,79719.96,79728.63,79662.74,79677.35,125.38153,2026-08-28 07:35:00+00:00
1787902800000,79677.35,79680.0,79573.36,79578.15,150.66333,2026-08-28 07:40:00+00:00
1787903100000,79578.15,79667.94,79575.27,79667.92,167.16463,2026-08-28 07:45:00+00:00
1787903400000,79667.92,79667.93,79618.35,79618.36,147.05018,2026-08-28 07:50:00+00:00
1787903700000,79618.36,79675.61,79593.38,79660.0,129.7528,2026-08-28 07:55:00+00:00
1787904000000,79660.0,79826.88,79659.99,79768.01,63.14346,2026-08-28 08:00:00+00:00
1787904300000,79768.0,79815.15,79712.14,79815.15,24.36454,2026-08-28 08:05:00+00:00
1787904600000,79815.15,79840.0,79738.51,79738.52,26.14415,2026-08-28 08:10:00+00:00
1787904900000,79738.51,79834.0,79738.51,79834.0,17.35037,2026-08-28 08:15:00+00:00
1787905200000,79833.99,79835.81,79789.52,79789.52,19.66019,2026-08-28 08:20:00+00:00
1787905500000,79789.53,79812.0,79788.72,79788.72,37.53624,2026-08-28 08:25:00+00:00
1787905800000,79788.73,79815.72,79775.07,79800.22,114.83901,2026-08-28 08:30:00+00:00
1787906100000,79800.23,79809.56,79744.0,79750.83,31.44116,2026-08-28 08:35:00+00:00
1787906400000,79750.84,79819.45,79716.48,79716.48,29.87662,2026-08-28 08:40:00+00:00
1787906700000,79716.48,79724.53,79500.0,79508.02,91.10554,2026-08-28 08:45:00+00:00
1787907000000,79508.02,79599.27,79480.0,79595.0,55.47443,2026-08-28 08:50:00+00:00
1787907300000,79594.99,79595.0,79488.44,79516.78,15.27225,2026-08-28 08:55:00+00:00
1787907600000,79516.77,79516.78,79288.63,79301.8,101.01067,2026-08-28 09:00:00+00:00
1787907900000,79301.81,79477.67,79259.43,79410.0,96.84371,2026-08-28 09:05:00+00:00
1787908200000,79409.43,79468.0,79380.0,79382.86,21.38022,2026-08-28 09:10:00+00:00
1787908500000,79382.86,79436.0,79382.86,79432.17,63.78055,2026-08-28 09:15:00+00:00
1787908800000,79432.16,79445.45,79393.25,79445.44,18.67698,2026-08-28 09:20:00+00:00
1787909100000,79445.44,79460.41,79377.33,79377.34,13.36785,2026-08-28 09:25:00+00:00
1787909400000,79377.34,79412.81,79348.09,79392.0,60.82013,2026-08-28 09:30:00+00:00
1787909700000,79391.99,79396.01,79356.75,79396.0,10.82427,2026-08-28 09:35:00+00:00
1787910000000,79396.01,79445.0,79276.0,79277.82,61.59936,2026-08-28 09:40:00+00:00
1787910300000,79277.81,79350.0,79273.78,79273.79,30.45029,2026-08-28 09:45:00+00:00
1787910600000,79273.78,79348.0,79273.78,79316.0,37.78612,2026-08-28 09:50:00+00:00
1787910900000,79316.01,79316.01,79285.19,79285.19,25.20428,2026-08-28 09:55:00+00:00
1787911200000,79285.19,79308.01,79172.4,79186.36,56.77959,2026-08-28 10:00:00+00:00
1787911500000,79186.35,79216.56,79001.01,79035.28,142.8076,2026-08-28 10:05:00+00:00
1787911800000,79035.28,79233.74,79035.28,79220.48,80.53882,2026-08-28 10:10:00+00:00
1787912100000,79220.49,79227.38,79157.0,79202.39,33.88098,2026-08-28 10:15:00+00:00
1787912400000,79202.39,79202.4,79152.0,79173.97,26.14345,2026-08-28 10:20:00+00:00
1787912700000,79173.98,79308.39,79156.79,79303.65,36.74831,2026-08-28 10:25:00+00:00
1787913000000,79303.65,79373.39,79300.98,79332.0,39.15663,2026-08-28 10:30:00+00:00
1787913300000,79331.99,79354.55,79294.57,79354.55,11.83155,2026-08-28 10:35:00+00:00
1787913600000,79354.55,79360.0,79328.75,79328.76,13.57451,2026-08-28 10:40:00+00:00
1787913900000,79328.75,79403.3,79316.17,79391.36,24.093,2026-08-28 10:45:00+00:00
1787914200000,79391.37,79460.0,79352.0,79453.42,38.80991,2026-08-28 10:50:00+00:00
1787914500000,79453.42,79571.99,79453.41,79565.89,44.40716,2026-08-28 10:55:00+00:00
1787914800000,79565.9,79720.36,79555.22,79697.3,45.77887,2026-08-28 11:00:00+00:00
1787915100000,79697.29,79697.3,79623.05,79662.0,39.41892,2026-08-28 11:05:00+00:00
1787915400000,79662.0,79694.0,79636.83,79694.0,25.96558,2026-08-28 11:10:00+00:00
1787915700000,79694.0,79740.44,79650.0,79739.21,44.08663,2026-08-28 11:15:00+00:00
1787916000000,79739.21,79770.29,79697.62,79770.29,34.13255,2026-08-28 11:20:00+00:00
1787916300000,79770.29,79770.29,79654.11,79668.83,42.15521,2026-08-28 11:25:00+00:00
1787916600000,79668.83,79745.2,79663.43,79699.62,30.33762,2026-08-28 11:30:00+00:00
1787916900000,79699.62,79699.63,79582.9,79590.09,62.87213,2026-08-28 11:35:00+00:00
1787917200000,79590.09,79631.66,79590.0,79626.03,15.11153,2026-08-28 11:40:00+00:00
1787917500000,79626.03,79644.88,79626.02,79632.35,8.54064,2026-08-28 11:45:00+00:00
1787917800000,79632.35,79632.36,79560.12,79592.25,28.64786,2026-08-28 11:50:00+00:00
1787918100000,79592.24,79608.24,79564.68,79604.13,17.03183,2026-08-28 11:55:00+00:00
1787918400000,79604.12,79624.76,79568.79,79611.75,20.74529,2026-08-28 12:00:00+00:00
1787918700000,79611.75,79672.77,79570.0,79581.1,27.68495,2026-08-28 12:05:00+00:00
1787919000000,79581.1,79581.11,79512.34,79535.73,28.89814,2026-08-28 12:10:00+00:00
1787919300000,79535.73,79727.36,79535.72,79600.01,35.39285,2026-08-28 12:15:00+00:00
1787919600000,79600.0,79673.84,79570.49,79594.7,32.42169,2026-08-28 12:20:00+00:00
1787919900000,79594.71,79609.06,79526.0,79526.0,31.31175,2026-08-28 12:25:00+00:00
1787920200000,79526.0,79532.52,79454.0,79464.97,43.96095,2026-08-28 12:30:00+00:00
1787920500000,79464.96,79472.0,79372.53,79383.16,41.02277,2026-08-28 12:35:00+00:00
1787920800000,79383.15,79416.88,79306.11,79416.88,59.64332,2026-08-28 12:40:00+00:00
1787921100000,79416.88,79440.0,79374.0,79399.58,37.24265,2026-08-28 12:45:00+00:00
1787921400000,79399.59,79399.59,79356.07,79390.31,16.17501,2026-08-28 12:50:00+00:00
1787921700000,79390.3,79426.95,79370.62,79421.05,25.5538,2026-08-28 12:55:00+00:00
1787922000000,79421.04,79477.67,79390.11,79455.69,28.02733,2026-08-28 13:00:00+00:00
1787922300000,79455.69,79473.08,79288.0,79309.65,35.24945,2026-08-28 13:05:00+00:00
1787922600000,79309.64,79371.29,79309.64,79371.28,18.9344,2026-08-28 13:10:00+00:00
1787922900000,79371.28,79375.24,79295.27,79360.44,15.58489,2026-08-28 13:15:00+00:00
1787923200000,79360.43,79360.44,79273.42,79273.42,17.7037,2026-08-28 13:20:00+00:00
1787923500000,79273.42,79308.01,79070.0,79199.22,110.68633,2026-08-28 13:25:00+00:00
1787923800000,79199.21,79324.0,79184.0,79314.98,67.33673,2026-08-28 13:30:00+00:00
1787924100000,79314.97,79356.08,79157.16,79164.0,50.53401,2026-08-28 13:35:00+00:00
1787924400000,79164.01,79164.01,79034.56,79088.0,81.5162,2026-08-28 13:40:00+00:00
1787924700000,79087.99,79322.0,79072.56,79196.36,83.03406,2026-08-28 13:45:00+00:00
1787925000000,79196.35,79446.0,79174.5,79419.41,101.1111,2026-08-28 13:50:00+00:00
1787925300000,79419.41,79635.01,79330.75,79330.75,233.5065,2026-08-28 13:55:00+00:00
1787925600000,79330.34,79706.64,78777.77,78805.8,626.10408,2026-08-28 14:00:00+00:00
1787925900000,78805.79,78991.28,78622.2,78839.55,408.24552,2026-08-28 14:05:00+00:00
1787926200000,78839.56,78890.0,78423.03,78626.0,344.97794,2026-08-28 14:10:00+00:00
1787926500000,78626.0,78896.0,78512.0,78884.43,156.7898,2026-08-28 14:15:00+00:00
1787926800000,78884.44,79030.9,78702.0,78806.0,168.38851,2026-08-28 14:20:00+00:00
1787927100000,78805.99,78978.76,78613.66,78946.08,136.2129,2026-08-28 14:25:00+00:00
1787927400000,78946.07,79282.0,78848.0,79281.99,208.08782,2026-08-28 14:30:00+00:00
1787927700000,79281.99,79703.11,79250.0,79477.66,396.72836,2026-08-28 14:35:00+00:00
1787928000000,79477.67,79593.97,79314.0,79416.87,145.95017,2026-08-28 14:40:00+00:00
1787928300000,79416.88,79472.0,79100.0,79173.68,134.85953,2026-08-28 14:45:00+00:00
1787928600000,79173.68,79511.8,79162.06,79497.27,129.74053,2026-08-28 14:50:00+00:00
1787928900000,79497.27,79599.26,79477.66,79542.44,74.04486,2026-08-28 14:55:00+00:00
1787929200000,79542.44,79838.73,79416.87,79487.05,184.99226,2026-08-28 15:00:00+00:00
1787929500000,79487.05,79505.59,79332.0,79335.99,68.88875,2026-08-28 15:05:00+00:00
1787929800000,79335.99,79455.35,79290.0,79306.13,35.78288,2026-08-28 15:10:00+00:00
1787930100000,79306.13,79490.0,79306.13,79450.64,41.49183,2026-08-28 15:15:00+00:00
1787930400000,79450.63,79504.05,79314.01,79400.0,38.43826,2026-08-28 15:20:00+00:00
1787930700000,79400.0,79512.0,79236.92,79334.0,63.9281,2026-08-28 15:25:00+00:00
1787931000000,79334.0,79346.0,79144.0,79179.58,85.72714,2026-08-28 15:30:00+00:00
1787931300000,79179.57,79226.0,79138.97,79142.33,67.03668,2026-08-28 15:35:00+00:00
1787931600000,79142.33,79151.34,78774.42,78789.09,274.61819,2026-08-28 15:40:00+00:00
1787931900000,78789.09,78908.97,78682.0,78692.34,87.66446,2026-08-28 15:45:00+00:00
1787932200000,78692.34,78734.0,78524.0,78540.75,111.57246,2026-08-28 15:50:00+00:00
1787932500000,78540.75,78544.43,78312.64,78331.13,194.87493,2026-08-28 15:55:00+00:00
1787932800000,78331.13,78404.0,77944.44,78062.01,431.118,2026-08-28 16:00:00+00:00
1787933100000,78062.02,78289.24,78050.65,78110.24,161.56617,2026-08-28 16:05:00+00:00
1787933400000,78110.24,78116.0,77816.57,77825.73,209.07263,2026-08-28 16:10:00+00:00
1787933700000,77825.73,77856.0,77566.0,77651.83,319.82694,2026-08-28 16:15:00+00:00
1787934000000,77651.82,77824.44,77075.12,77124.0,475.13225,2026-08-28 16:20:00+00:00
1787934300000,77123.99,77634.65,76888.0,77530.5,581.3062,2026-08-28 16:25:00+00:00
1787934600000,77530.5,77874.0,77512.0,77676.63,239.43309,2026-08-28 16:30:00+00:00
1787934900000,77676.62,77965.6,77659.32,77878.0,159.67416,2026-08-28 16:35:00+00:00
1787935200000,77878.0,77936.0,77800.0,77800.03,99.41331,2026-08-28 16:40:00+00:00
1787935500000,77800.03,77993.15,77800.03,77960.01,143.58285,2026-08-28 16:45:00+00:00
1787935800000,77960.01,77973.67,77778.0,77780.0,89.48776,2026-08-28 16:50:00+00:00
1787936100000,77780.01,77915.24,77778.26,77788.46,46.00302,2026-08-28 16:55:00+00:00
1787936400000,77788.45,77849.52,77678.61,77725.96,113.91044,2026-08-28 17:00:00+00:00
1787936700000,77725.97,77882.0,77642.78,77810.28,104.17159,2026-08-28 17:05:00+00:00
1787937000000,77810.29,78000.0,77760.01,78000.0,81.87022,2026-08-28 17:10:00+00:00
1787937300000,78000.0,78131.86,77926.0,78079.3,53.75473,2026-08-28 17:15:00+00:00
1787937600000,78079.29,78096.68,77917.96,77939.05,60.90187,2026-08-28 17:20:00+00:00
1787937900000,77939.06,78006.69,77832.0,77940.01,45.77593,2026-08-28 17:25:00+00:00
1787938200000,77940.01,77997.4,77876.0,77908.0,28.46576,2026-08-28 17:30:00+00:00
1787938500000,77908.01,77912.87,77698.0,77730.86,61.78978,2026-08-28 17:35:00+00:00
1787938800000,77730.87,77794.58,77720.82,77783.58,30.62449,2026-08-28 17:40:00+00:00
1787939100000,77783.58,77980.0,77783.57,77968.81,64.01274,2026-08-28 17:45:00+00:00
1787939400000,77968.81,77986.0,77907.68,77907.69,31.82368,2026-08-28 17:50:00+00:00
1787939700000,77907.7,77918.83,77856.34,77904.0,45.65891,2026-08-28 17:55:00+00:00
1787940000000,77904.0,77935.5,77863.12,77884.0,27.60889,2026-08-28 18:00:00+00:00
1787940300000,77884.01,77916.0,77776.83,77800.0,31.12984,2026-08-28 18:05:00+00:00
1787940600000,77800.01,77841.18,77742.0,77744.0,30.39,2026-08-28 18:10:00+00:00
1787940900000,77744.0,77793.27,77672.01,77672.99,29.60121,2026-08-28 18:15:00+00:00
1787941200000,77672.99,77680.8,77525.0,77525.01,76.24024,2026-08-28 18:20:00+00:00
1787941500000,77525.0,77667.42,77500.01,77592.0,44.08433,2026-08-28 18:25:00+00:00
1787941800000,77592.01,77621.61,77508.0,77566.0,46.94589,2026-08-28 18:30:00+00:00
1787942100000,77566.01,77592.0,77332.21,77434.43,109.65791,2026-08-28 18:35:00+00:00
1787942400000,77434.43,77494.0,77400.0,77408.13,49.41804,2026-08-28 18:40:00+00:00
1787942700000,77408.14,77445.12,77270.0,77296.91,65.8933,2026-08-28 18:45:00+00:00
1787943000000,77296.92,77492.0,77296.92,77491.99,35.41212,2026-08-28 18:50:00+00:00
1787943300000,77492.0,77554.0,77442.0,77554.0,28.98182,2026-08-28 18:55:00+00:00
1787943600000,77554.0,77658.01,77522.0,77547.67,44.73397,2026-08-28 19:00:00+00:00
1787943900000,77547.66,77707.63,77539.37,77698.9,63.93882,2026-08-28 19:05:00+00:00
1787944200000,77698.89,77742.0,77646.08,77678.18,30.80882,2026-08-28 19:10:00+00:00
1787944500000,77678.17,77681.11,77633.28,77681.11,32.9381,2026-08-28 19:15:00+00:00
1787944800000,77681.11,77797.35,77681.1,77730.05,61.59661,2026-08-28 19:20:00+00:00
1787945100000,77730.05,77765.99,77705.06,77705.07,21.71065,2026-08-28 19:25:00+00:00
1787945400000,77705.07,77708.48,77619.6,77644.97,32.03446,2026-08-28 19:30:00+00:00
1787945700000,77644.96,77690.0,77619.6,77622.09,27.06488,2026-08-28 19:35:00+00:00
1787946000000,77622.09,77655.21,77536.79,77536.79,32.70664,2026-08-28 19:40:00+00:00
1787946300000,77536.79,77554.55,77376.0,77417.88,50.40884,2026-08-28 19:45:00+00:00
1787946600000,77417.87,77462.94,77388.56,77435.07,28.69014,2026-08-28 19:50:00+00:00
1787946900000,77435.07,77595.6,77435.07,77580.03,74.42007,2026-08-28 19:55:00+00:00
1787947200000,77580.03,77609.83,77482.75,77530.0,32.5088,2026-08-28 20:00:00+00:00
1787947500000,77530.0,77574.14,77480.0,77547.03,34.14749,2026-08-28 20:05:00+00:00
1787947800000,77547.02,77608.92,77512.0,77562.7,40.47248,2026-08-28 20:10:00+00:00
1787948100000,77562.71,77562.71,77406.41,77406.42,25.88353,2026-08-28 20:15:00+00:00
1787948400000,77406.42,77522.62,77406.41,77507.43,18.01616,2026-08-28 20:20:00+00:00
1787948700000,77507.44,77521.27,77482.02,77510.72,8.03404,2026-08-28 20:25:00+00:00
1787949000000,77510.71,77510.71,77310.24,77331.62,27.1104,2026-08-28 20:30:00+00:00
1787949300000,77331.62,77409.82,77324.01,77400.01,18.89917,2026-08-28 20:35:00+00:00
1787949600000,77400.01,77439.53,77400.0,77402.01,13.61083,2026-08-28 20:40:00+00:00
1787949900000,77402.01,77470.0,77394.0,77430.02,19.71743,2026-08-28 20:45:00+00:00
1787950200000,77430.02,77430.02,77346.0,77391.74,16.97063,2026-08-28 20:50:00+00:00
1787950500000,77391.74,77407.34,77382.0,77407.34,8.7363,2026-08-28 20:55:00+00:00
1787950800000,77407.34,77437.74,77356.21,77357.67,19.34515,2026-08-28 21:00:00+00:00
1787951100000,77357.67,77405.87,77344.0,77344.01,11.12709,2026-08-28 21:05:00+00:00
1787951400000,77344.0,77405.15,77328.44,77405.15,16.58996,2026-08-28 21:10:00+00:00
1787951700000,77405.15,77425.73,77390.03,77393.48,17.15784,2026-08-28 21:15:00+00:00
1787952000000,77393.49,77406.01,77325.37,77379.99,52.50299,2026-08-28 21:20:00+00:00
1787952300000,77380.0,77432.0,77379.99,77412.9,122.87293,2026-08-28 21:25:00+00:00
1787952600000,77412.9,77505.67,77412.86,77505.67,18.06419,2026-08-28 21:30:00+00:00
1787952900000,77505.67,77529.19,77500.0,77528.0,11.21975,2026-08-28 21:35:00+00:00
1787953200000,77528.0,77537.33,77436.0,77476.0,24.62918,2026-08-28 21:40:00+00:00
1787953500000,77476.0,77476.0,77368.79,77383.11,40.20235,2026-08-28 21:45:00+00:00
1787953800000,77383.11,77412.0,77349.9,77364.79,19.09191,2026-08-28 21:50:00+00:00
1787954100000,77364.79,77396.0,77255.69,77364.0,39.58381,2026-08-28 21:55:00+00:00
1787954400000,77364.0,77405.97,77342.0,77374.0,23.81273,2026-08-28 22:00:00+00:00
1787954700000,77374.0,77432.83,77373.99,77420.57,17.09881,2026-08-28 22:05:00+00:00
1787955000000,77420.57,77454.5,77420.56,77448.8,17.9609,2026-08-28 22:10:00+00:00
1787955300000,77448.8,77448.81,77403.33,77443.8,18.27783,2026-08-28 22:15:00+00:00
1787955600000,77443.8,77496.18,77443.22,77457.25,15.76038,2026-08-28 22:20:00+00:00
1787955900000,77457.25,77594.48,77457.25,77573.0,32.03139,2026-08-28 22:25:00+00:00
1787956200000,77572.99,77619.59,77565.24,77605.89,19.9042,2026-08-28 22:30:00+00:00
1787956500000,77605.89,77700.01,77605.88,77700.01,41.69037,2026-08-28 22:35:00+00:00
1787956800000,77700.01,77746.0,77670.0,77738.72,22.02181,2026-08-28 22:40:00+00:00
1787957100000,77738.73,77757.01,77738.72,77756.01,18.0108,2026-08-28 22:45:00+00:00
1787957400000,77756.0,77773.2,77730.0,77767.29,43.56689,2026-08-28 22:50:00+00:00
1787957700000,77767.29,77770.72,77686.0,77758.69,69.00641,2026-08-28 22:55:00+00:00
1787958000000,77758.69,77764.35,77686.04,77686.05,26.43287,2026-08-28 23:00:00+00:00
1787958300000,77686.05,77729.98,77678.76,77729.98,36.25978,2026-08-28 23:05:00+00:00
1787958600000,77729.97,77807.18,77701.1,77774.76,261.55822,2026-08-28 23:10:00+00:00
1787958900000,77774.76,77774.78,77700.29,77706.01,42.49386,2026-08-28 23:15:00+00:00
1787959200000,77706.01,77706.01,77666.45,77703.28,30.64336,2026-08-28 23:20:00+00:00
1787959500000,77703.27,77723.32,77676.01,77684.41,46.61701,2026-08-28 23:25:00+00:00
1787959800000,77684.41,77711.96,77684.4,77711.95,18.66714,2026-08-28 23:30:00+00:00
1787960100000,77711.96,77720.07,77678.66,77685.99,39.33583,2026-08-28 23:35:00+00:00
1787960400000,77686.0,77703.56,77666.02,77696.07,30.15162,2026-08-28 23:40:00+00:00
1787960700000,77696.07,77696.07,77640.74,77643.01,21.55398,2026-08-28 23:45:00+00:00
1787961000000,77643.01,77755.8,77643.01,77755.8,13.50501,2026-08-28 23:50:00+00:00
1787961300000,77755.8,77846.72,77755.79,77845.87,32.32649,2026-08-28 23:55:00+00:00
1787961600000,77845.88,77866.14,77800.57,77814.0,23.09703,2026-08-29 00:00:00+00:00
1787961900000,77814.0,77895.94,77776.0,77881.78,34.893,2026-08-29 00:05:00+00:00
1787962200000,77881.78,77881.79,77818.24,77818.24,18.25266,2026-08-29 00:10:00+00:00
1787962500000,77818.24,77895.9,77818.24,77895.89,29.41934,2026-08-29 00:15:00+00:00
1787962800000,77895.9,77931.74,77877.01,77901.92,27.60429,2026-08-29 00:20:00+00:00
1787963100000,77901.93,77963.92,77893.22,77903.85,32.20287,2026-08-29 00:25:00+00:00
1787963400000,77903.86,77903.86,77782.05,77786.36,19.68663,2026-08-29 00:30:00+00:00
1787963700000,77786.36,77826.87,77786.36,77792.0,10.6883,2026-08-29 00:35:00+00:00
1787964000000,77792.0,77803.12,77772.07,77788.72,31.63456,2026-08-29 00:40:00+00:00
1787964300000,77788.72,77788.72,77753.13,77753.2,19.01098,2026-08-29 00:45:00+00:00
1787964600000,77753.2,77790.0,77732.01,77789.99,39.39775,2026-08-29 00:50:00+00:00
1787964900000,77789.99,77818.12,77722.0,77733.63,35.92238,2026-08-29 00:55:00+00:00
1787965200000,77733.63,77733.63,77691.02,77694.84,28.74123,2026-08-29 01:00:00+00:00
1787965500000,77694.84,77705.08,77669.0,77670.53,16.97128,2026-08-29 01:05:00+00:00
1787965800000,77670.53,77678.57,77631.28,77637.65,36.07169,2026-08-29 01:10:00+00:00
1787966100000,77637.65,77701.8,77637.65,77701.8,12.55163,2026-08-29 01:15:00+00:00
1787966400000,77701.79,77762.19,77701.79,77762.19,14.7456,2026-08-29 01:20:00+00:00
1787966700000,77762.18,77789.5,77748.23,77789.49,11.54103,2026-08-29 01:25:00+00:00
1787967000000,77789.49,77824.0,77788.51,77824.0,14.66963,2026-08-29 01:30:00+00:00
1787967300000,77824.0,77824.0,77758.1,77779.37,14.78418,2026-08-29 01:35:00+00:00
1787967600000,77779.37,77832.67,77779.36,77828.38,15.9639,2026-08-29 01:40:00+00:00
1787967900000,77828.39,77828.39,77759.14,77811.85,18.00871,2026-08-29 01:45:00+00:00
1787968200000,77811.86,77849.29,77798.01,77816.22,27.63956,2026-08-29 01:50:00+00:00
1787968500000,77816.22,77817.6,77776.0,77794.11,23.38124,2026-08-29 01:55:00+00:00
1787968800000,77794.11,77829.72,77771.02,77781.32,17.77292,2026-08-29 02:00:00+00:00
1787969100000,77781.31,77808.1,77777.37,77805.63,14.63352,2026-08-29 02:05:00+00:00
1787969400000,77805.63,77805.64,77748.0,77748.01,11.59321,2026-08-29 02:10:00+00:00
1787969700000,77748.01,77748.01,77668.58,77668.58,19.81626,2026-08-29 02:15:00+00:00
1787970000000,77668.58,77668.59,77590.57,77590.58,27.70168,2026-08-29 02:20:00+00:00
1787970300000,77590.57,77629.44,77584.53,77629.44,21.27171,2026-08-29 02:25:00+00:00
1787970600000,77629.43,77677.78,77596.01,77596.02,20.45459,2026-08-29 02:30:00+00:00
1787970900000,77596.01,77675.99,77596.0,77661.31,13.96957,2026-08-29 02:35:00+00:00
1787971200000,77661.31,77665.2,77604.85,77618.04,143.73194,2026-08-29 02:40:00+00:00
1787971500000,77618.04,77642.94,77618.04,77640.21,27.19991,2026-08-29 02:45:00+00:00
1787971800000,77640.22,77702.94,77634.41,77698.93,25.15493,2026-08-29 02:50:00+00:00
1787972100000,77698.94,77717.78,77664.79,77671.18,24.32055,2026-08-29 02:55:00+00:00
1787972400000,77671.18,77731.43,77671.18,77696.01,16.89251,2026-08-29 03:00:00+00:00
1787972700000,77696.02,77716.8,77688.34,77698.32,13.47272,2026-08-29 03:05:00+00:00
1787973000000,77698.32,77721.36,77680.96,77680.96,20.32328,2026-08-29 03:10:00+00:00
1787973300000,77680.97,77680.98,77634.81,77654.17,24.74455,2026-08-29 03:15:00+00:00
1787973600000,77654.16,77715.56,77654.16,77673.28,21.28052,2026-08-29 03:20:00+00:00
1787973900000,77673.29,77686.11,77657.49,77684.45,17.98495,2026-08-29 03:25:00+00:00
1787974200000,77684.45,77707.09,77636.02,77638.88,16.69687,2026-08-29 03:30:00+00:00
1787974500000,77638.88,77638.89,77580.01,77607.12,19.82198,2026-08-29 03:35:00+00:00
1787974800000,77607.12,77671.2,77606.34,77622.73,28.3072,2026-08-29 03:40:00+00:00
1787975100000,77622.72,77622.72,77580.0,77584.3,23.83838,2026-08-29 03:45:00+00:00
1787975400000,77584.3,77584.31,77534.16,77539.03,19.6149,2026-08-29 03:50:00+00:00
1787975700000,77539.04,77539.04,77507.16,77507.17,15.91401,2026-08-29 03:55:00+00:00
1787976000000,77507.17,77576.89,77507.17,77576.89,17.59497,2026-08-29 04:00:00+00:00
1787976300000,77576.89,77577.25,77557.0,77573.25,15.87984,2026-08-29 04:05:00+00:00
1787976600000,77573.26,77597.2,77573.25,77583.76,12.29119,2026-08-29 04:10:00+00:00
1787976900000,77583.76,77600.0,77583.75,77597.66,11.90802,2026-08-29 04:15:00+00:00
1787977200000,77597.65,77615.13,77597.65,77615.12,13.55645,2026-08-29 04:20:00+00:00
1787977500000,77615.12,77615.13,77602.45,77602.46,12.45565,2026-08-29 04:25:00+00:00
1787977800000,77602.46,77623.28,77590.27,77590.28,18.66152,2026-08-29 04:30:00+00:00
1787978100000,77590.28,77626.0,77590.27,77626.0,13.05589,2026-08-29 04:35:00+00:00
1787978400000,77626.0,77646.6,77602.66,77620.49,20.81211,2026-08-29 04:40:00+00:00
1787978700000,77620.49,77648.0,77613.9,77640.45,30.63084,2026-08-29 04:45:00+00:00
1787979000000,77640.46,77670.76,77627.22,77659.54,34.83199,2026-08-29 04:50:00+00:00
1787979300000,77659.53,77678.67,77618.99,77648.91,28.22751,2026-08-29 04:55:00+00:00
1787979600000,77648.91,77675.27,77624.81,77659.72,16.91827,2026-08-29 05:00:00+00:00
1787979900000,77659.72,77685.79,77659.72,77676.9,14.44499,2026-08-29 05:05:00+00:00
1787980200000,77676.9,77716.12,77670.98,77701.35,33.80224,2026-08-29 05:10:00+00:00
1787980500000,77701.36,77702.6,77687.33,77693.06,10.90498,2026-08-29 05:15:00+00:00
1787980800000,77693.06,77694.5,77634.47,77670.27,17.06486,2026-08-29 05:20:00+00:00
1787981100000,77670.27,77674.01,77660.0,77660.01,10.77652,2026-08-29 05:25:00+00:00
1787981400000,77660.01,77660.01,77652.6,77652.6,17.80702,2026-08-29 05:30:00+00:00
1787981700000,77652.61,77705.13,77634.71,77705.12,19.66332,2026-08-29 05:35:00+00:00
1787982000000,77705.12,77714.0,77672.85,77688.35,17.00329,2026-08-29 05:40:00+00:00
1787982300000,77688.35,77694.0,77682.94,77682.94,8.80841,2026-08-29 05:45:00+00:00
1787982600000,77682.95,77682.95,77619.07,77619.08,14.31625,2026-08-29 05:50:00+00:00
1787982900000,77619.07,77632.53,77604.06,77632.53,13.81238,2026-08-29 05:55:00+00:00
1787983200000,77632.52,77632.53,77560.6,77574.67,20.7437,2026-08-29 06:00:00+00:00
1787983500000,77574.67,77583.34,77562.72,77573.27,12.48645,2026-08-29 06:05:00+00:00
1787983800000,77573.28,77573.28,77478.61,77478.62,26.15431,2026-08-29 06:10:00+00:00
1787984100000,77478.61,77516.78,77462.06,77462.07,23.23016,2026-08-29 06:15:00+00:00
1787984400000,77462.07,77462.07,77388.27,77411.37,38.51903,2026-08-29 06:20:00+00:00
1787984700000,77411.37,77427.55,77382.37,77409.86,36.12404,2026-08-29 06:25:00+00:00
1787985000000,77409.86,77462.0,77409.86,77459.99,25.64007,2026-08-29 06:30:00+00:00
1787985300000,77459.99,77462.0,77422.85,77422.85,19.09183,2026-08-29 06:35:00+00:00
1787985600000,77422.85,77491.16,77418.19,77446.12,35.10111,2026-08-29 06:40:00+00:00
1787985900000,77446.13,77475.84,77446.12,77458.57,17.9899,2026-08-29 06:45:00+00:00
1787986200000,77458.56,77475.31,77427.24,77428.62,27.17848,2026-08-29 06:50:00+00:00
1787986500000,77428.61,77468.65,77428.61,77466.82,22.77014,2026-08-29 06:55:00+00:00
1787986800000,77466.83,77524.48,77466.82,77515.56,24.22581,2026-08-29 07:00:00+00:00
1787987100000,77515.56,77536.68,77438.01,77438.01,35.49524,2026-08-29 07:05:00+00:00
1787987400000,77438.01,77481.67,77438.01,77466.65,16.02492,2026-08-29 07:10:00+00:00
1787987700000,77466.65,77528.0,77450.34,77514.89,27.71251,2026-08-29 07:15:00+00:00
1787988000000,77514.89,77518.42,77500.01,77503.28,32.04031,2026-08-29 07:20:00+00:00
1787988300000,77503.27,77530.6,77503.27,77524.73,28.63622,2026-08-29 07:25:00+00:00
1787988600000,77524.73,77535.47,77514.41,77531.68,60.04902,2026-08-29 07:30:00+00:00
1787988900000,77531.68,77613.73,77531.67,77613.72,83.5943,2026-08-29 07:35:00+00:00
1787989200000,77613.73,77660.04,77609.28,77655.14,161.3346,2026-08-29 07:40:00+00:00
1787989500000,77655.15,77670.91,77629.77,77631.07,70.24815,2026-08-29 07:45:00+00:00
1787989800000,77631.07,77634.98,77625.63,77634.98,55.48756,2026-08-29 07:50:00+00:00
1787990100000,77634.98,77672.0,77626.0,77626.01,339.04988,2026-08-29 07:55:00+00:00
1787990400000,77626.01,77626.01,77487.73,77487.74,54.9137,2026-08-29 08:00:00+00:00
1787990700000,77487.74,77520.01,77487.73,77505.82,33.10986,2026-08-29 08:05:00+00:00
1787991000000,77505.82,77547.79,77505.82,77525.99,26.98139,2026-08-29 08:10:00+00:00
1787991300000,77525.99,77540.0,77516.58,77539.99,14.68521,2026-08-29 08:15:00+00:00
1787991600000,77539.99,77566.44,77524.17,77561.44,18.92244,2026-08-29 08:20:00+00:00
1787991900000,77561.44,77593.06,77561.44,77589.75,20.75059,2026-08-29 08:25:00+00:00
1787992200000,77589.76,77590.03,77514.04,77543.99,32.08304,2026-08-29 08:30:00+00:00
1787992500000,77544.0,77544.8,77543.99,77544.8,2.70761,2026-08-29 08:35:00+00:00
1787992800000,77544.8,77580.0,77544.79,77580.0,18.4268,2026-08-29 08:40:00+00:00
1787993100000,77580.0,77620.0,77538.0,77576.48,20.54731,2026-08-29 08:45:00+00:00
1787993400000,77576.48,77615.4,77568.72,77568.72,13.91899,2026-08-29 08:50:00+00:00
1787993700000,77568.73,77634.0,77568.72,77633.99,24.63155,2026-08-29 08:55:00+00:00
1787994000000,77634.0,77654.0,77627.92,77638.88,21.69722,2026-08-29 09:00:00+00:00
1787994300000,77638.87,77679.58,77566.01,77602.0,45.54078,2026-08-29 09:05:00+00:00
1787994600000,77602.0,77644.0,77602.0,77644.0,13.62017,2026-08-29 09:10:00+00:00
1787994900000,77644.0,77664.28,77643.99,77654.17,10.19849,2026-08-29 09:15:00+00:00
1787995200000,77654.17,77654.18,77612.07,77641.99,14.74582,2026-08-29 09:20:00+00:00
1787995500000,77641.99,77642.0,77624.0,77626.5,10.04128,2026-08-29 09:25:00+00:00
1787995800000,77626.49,77664.28,77626.49,77664.28,11.81705,2026-08-29 09:30:00+00:00
1787996100000,77664.27,77726.0,77664.27,77725.99,14.28423,2026-08-29 09:35:00+00:00
1787996400000,77726.0,77754.23,77661.84,77661.84,27.95482,2026-08-29 09:40:00+00:00
1787996700000,77661.85,77671.62,77655.07,77655.08,13.10325,2026-08-29 09:45:00+00:00
1787997000000,77655.08,77674.0,77655.08,77670.26,17.90363,2026-08-29 09:50:00+00:00
1787997300000,77670.26,77670.26,77650.02,77650.03,11.62117,2026-08-29 09:55:00+00:00
1787997600000,77650.02,77650.03,77600.0,77600.0,15.69255,2026-08-29 10:00:00+00:00
1787997900000,77600.0,77600.0,77526.0,77552.36,41.26738,2026-08-29 10:05:00+00:00
1787998200000,77552.36,77581.67,77552.35,77581.67,9.59144,2026-08-29 10:10:00+00:00
1787998500000,77581.67,77720.0,77581.66,77704.65,21.20104,2026-08-29 10:15:00+00:00
1787998800000,77704.65,77720.0,77657.19,77681.81,31.28711,2026-08-29 10:20:00+00:00
1787999100000,77681.8,77685.6,77671.5,77671.51,8.93237,2026-08-29 10:25:00+00:00
1787999400000,77671.5,77684.1,77671.47,77679.26,9.39963,2026-08-29 10:30:00+00:00
1787999700000,77679.25,77724.55,77671.69,77695.2,40.22484,2026-08-29 10:35:00+00:00
1788000000000,77695.2,77695.2,77684.1,77688.47,4.59836,2026-08-29 10:40:00+00:00
1788000300000,77688.48,77725.0,77688.47,77724.99,7.45649,2026-08-29 10:45:00+00:00
1788000600000,77724.99,77732.0,77706.1,77730.12,19.28794,2026-08-29 10:50:00+00:00
1788000900000,77730.11,77730.12,77635.16,77635.17,19.22291,2026-08-29 10:55:00+00:00
1788001200000,77635.17,77639.41,77627.03,77639.12,16.62205,2026-08-29 11:00:00+00:00
1788001500000,77639.13,77655.2,77630.03,77641.27,9.07306,2026-08-29 11:05:00+00:00
1788001800000,77641.27,77720.0,77641.27,77720.0,13.71133,2026-08-29 11:10:00+00:00
1788002100000,77720.0,77724.99,77706.0,77706.01,13.01028,2026-08-29 11:15:00+00:00
1788002400000,77706.0,77706.01,77679.53,77681.98,11.33596,2026-08-29 11:20:00+00:00
1788002700000,77681.98,77700.01,77681.97,77700.01,21.60856,2026-08-29 11:25:00+00:00
1788003000000,77700.0,77700.01,77677.52,77680.0,7.92698,2026-08-29 11:30:00+00:00
1788003300000,77679.99,77689.16,77661.02,77689.15,17.02719,2026-08-29 11:35:00+00:00
1788003600000,77689.16,77702.0,77643.0,77643.01,7.71717,2026-08-29 11:40:00+00:00
1788003900000,77643.0,77668.0,77643.0,77660.41,22.50064,2026-08-29 11:45:00+00:00
1788004200000,77660.41,77665.53,77634.0,77634.01,7.81077,2026-08-29 11:50:00+00:00
1788004500000,77634.0,77634.01,77573.32,77584.67,121.26115,2026-08-29 11:55:00+00:00
1788004800000,77584.66,77592.23,77584.66,77592.23,57.1033,2026-08-29 12:00:00+00:00
1788005100000,77592.23,77612.0,77581.71,77581.72,56.68126,2026-08-29 12:05:00+00:00
1788005400000,77581.71,77596.59,77567.49,77596.58,10.74959,2026-08-29 12:10:00+00:00
1788005700000,77596.59,77654.0,77596.59,77645.82,32.14122,2026-08-29 12:15:00+00:00
1788006000000,77645.82,77657.99,77550.01,77557.45,17.84524,2026-08-29 12:20:00+00:00
1788006300000,77557.46,77584.0,77538.0,77584.0,21.633,2026-08-29 12:25:00+00:00
1788006600000,77583.99,77600.0,77506.63,77535.0,22.88421,2026-08-29 12:30:00+00:00
1788006900000,77535.0,77584.05,77534.99,77565.08,17.16773,2026-08-29 12:35:00+00:00
1788007200000,77565.09,77575.05,77565.08,77575.05,4.34347,2026-08-29 12:40:00+00:00
1788007500000,77575.05,77580.71,77573.83,77580.69,25.728,2026-08-29 12:45:00+00:00
1788007800000,77580.69,77596.0,77554.0,77554.01,39.70887,2026-08-29 12:50:00+00:00
1788008100000,77554.01,77583.75,77554.0,77583.74,10.39044,2026-08-29 12:55:00+00:00
1788008400000,77583.74,77595.13,77559.45,77567.89,12.52116,2026-08-29 13:00:00+00:00
1788008700000,77567.9,77602.0,77567.89,77597.77,15.87597,2026-08-29 13:05:00+00:00
1788009000000,77597.78,77668.0,77597.77,77658.54,18.44685,2026-08-29 13:10:00+00:00
1788009300000,77658.54,77722.0,77642.34,77659.54,24.20038,2026-08-29 13:15:00+00:00
1788009600000,77659.54,77689.9,77656.0,77688.93,8.80062,2026-08-29 13:20:00+00:00
1788009900000,77688.92,77688.93,77659.14,77659.14,30.73144,2026-08-29 13:25:00+00:00
1788010200000,77659.14,77679.47,77640.0,77644.99,30.66585,2026-08-29 13:30:00+00:00
1788010500000,77644.99,77714.0,77644.99,77662.01,8.53928,2026-08-29 13:35:00+00:00
1788010800000,77662.01,77662.01,77662.0,77662.0,4.01431,2026-08-29 13:40:00+00:00
1788011100000,77662.01,77714.0,77658.0,77711.97,10.54727,2026-08-29 13:45:00+00:00
1788011400000,77711.97,77711.98,77694.59,77697.13,23.30503,2026-08-29 13:50:00+00:00
1788011700000,77697.12,77720.96,77697.12,77704.32,7.93683,2026-08-29 13:55:00+00:00
1788012000000,77704.32,77704.32,77700.0,77700.01,11.0415,2026-08-29 14:00:00+00:00
1788012300000,77700.01,77722.0,77692.0,77692.0,19.24678,2026-08-29 14:05:00+00:00
1788012600000,77692.0,77700.0,77663.83,77686.7,27.32234,2026-08-29 14:10:00+00:00
1788012900000,77686.7,77710.0,77676.8,77676.8,15.47143,2026-08-29 14:15:00+00:00
1788013200000,77676.8,77732.51,77671.87,77727.45,12.94839,2026-08-29 14:20:00+00:00
1788013500000,77727.44,77756.4,77682.21,77694.52,30.81684,2026-08-29 14:25:00+00:00
1788013800000,77694.52,77702.0,77694.52,77696.48,5.60873,2026-08-29 14:30:00+00:00
1788014100000,77696.47,77748.0,77687.38,77747.99,31.25454,2026-08-29 14:35:00+00:00
1788014400000,77747.99,78034.4,77747.99,77926.01,156.36193,2026-08-29 14:40:00+00:00
1788014700000,77926.0,78150.0,77926.0,78045.47,80.92919,2026-08-29 14:45:00+00:00
1788015000000,78045.47,78045.47,77984.0,77987.46,40.69957,2026-08-29 14:50:00+00:00
1788015300000,77987.45,78040.51,77987.45,78014.37,24.7204,2026-08-29 14:55:00+00:00
1788015600000,78014.37,78014.37,77857.93,77884.47,34.52464,2026-08-29 15:00:00+00:00
1788015900000,77884.46,77940.67,77865.0,77924.22,20.0066,2026-08-29 15:05:00+00:00
1788016200000,77924.22,77961.28,77924.22,77935.92,30.93337,2026-08-29 15:10:00+00:00
1788016500000,77935.92,77961.28,77864.0,77905.99,35.06364,2026-08-29 15:15:00+00:00
1788016800000,77906.0,77989.8,77905.99,77961.28,47.26283,2026-08-29 15:20:00+00:00
1788017100000,77961.29,77961.29,77903.95,77903.95,33.26305,2026-08-29 15:25:00+00:00
1788017400000,77903.84,77903.84,77811.04,77861.13,24.25333,2026-08-29 15:30:00+00:00
1788017700000,77861.13,77880.0,77855.51,77875.35,18.67857,2026-08-29 15:35:00+00:00
1788018000000,77875.35,77890.0,77834.73,77834.73,11.06424,2026-08-29 15:40:00+00:00
1788018300000,77834.74,77936.85,77830.56,77936.84,30.27773,2026-08-29 15:45:00+00:00
1788018600000,77936.85,77936.85,77856.44,77856.45,12.81411,2026-08-29 15:50:00+00:00
1788018900000,77856.44,77865.36,77806.9,77865.36,16.73333,2026-08-29 15:55:00+00:00
1788019200000,77865.36,77910.16,77858.29,77910.16,29.04722,2026-08-29 16:00:00+00:00
1788019500000,77910.16,77961.94,77897.56,77961.93,30.13653,2026-08-29 16:05:00+00:00
1788019800000,77961.94,77988.0,77944.0,77987.99,21.45405,2026-08-29 16:10:00+00:00
1788020100000,77988.0,78130.43,77987.99,78020.64,55.34692,2026-08-29 16:15:00+00:00
1788020400000,78020.64,78027.47,77936.0,77962.56,26.01493,2026-08-29 16:20:00+00:00
1788020700000,77962.55,77962.56,77914.0,77946.0,16.79341,2026-08-29 16:25:00+00:00
1788021000000,77946.0,78019.58,77894.01,77984.51,23.84384,2026-08-29 16:30:00+00:00
1788021300000,77984.52,77995.16,77932.0,77983.75,25.37409,2026-08-29 16:35:00+00:00
1788021600000,77984.0,78027.02,77983.99,78018.0,21.25445,2026-08-29 16:40:00+00:00
1788021900000,78018.0,78046.0,78014.11,78027.72,21.68337,2026-08-29 16:45:00+00:00
1788022200000,78027.72,78099.99,78027.71,78034.09,37.77494,2026-08-29 16:50:00+00:00
1788022500000,78034.09,78034.33,78000.0,78027.17,21.75971,2026-08-29 16:55:00+00:00
1788022800000,78027.17,78086.81,78027.17,78064.41,32.81465,2026-08-29 17:00:00+00:00
1788023100000,78064.41,78064.41,78019.65,78026.95,25.92291,2026-08-29 17:05:00+00:00
1788023400000,78026.95,78054.6,78026.94,78048.43,13.42598,2026-08-29 17:10:00+00:00
1788023700000,78048.43,78100.0,78048.43,78067.69,8.74039,2026-08-29 17:15:00+00:00
1788024000000,78067.68,78067.69,77989.52,78020.96,14.06835,2026-08-29 17:20:00+00:00
1788024300000,78020.95,78022.5,77989.67,77990.77,7.28594,2026-08-29 17:25:00+00:00
1788024600000,77990.78,78009.63,77945.0,77945.01,14.50412,2026-08-29 17:30:00+00:00
1788024900000,77945.0,77971.35,77896.0,77947.56,17.32552,2026-08-29 17:35:00+00:00
1788025200000,77947.56,78029.66,77947.56,78020.0,15.11257,2026-08-29 17:40:00+00:00
1788025500000,78020.0,78048.0,78020.0,78048.0,5.57155,2026-08-29 17:45:00+00:00
1788025800000,78048.0,78054.0,78018.0,78018.0,19.20023,2026-08-29 17:50:00+00:00
1788026100000,78018.01,78100.0,77990.05,78100.0,36.13405,2026-08-29 17:55:00+00:00
1788026400000,78099.99,78158.0,78069.31,78069.32,30.57626,2026-08-29 18:00:00+00:00
1788026700000,78069.31,78098.0,78069.31,78086.89,9.3649,2026-08-29 18:05:00+00:00
1788027000000,78086.89,78095.2,78072.89,78072.89,12.36359,2026-08-29 18:10:00+00:00
1788027300000,78072.89,78079.71,78028.08,78058.29,16.02118,2026-08-29 18:15:00+00:00
1788027600000,78058.29,78099.4,78058.08,78096.75,20.36335,2026-08-29 18:20:00+00:00
1788027900000,78096.75,78096.76,78053.27,78053.27,8.85617,2026-08-29 18:25:00+00:00
1788028200000,78053.27,78088.0,78018.02,78081.84,21.52387,2026-08-29 18:30:00+00:00
1788028500000,78081.85,78212.0,78081.84,78171.93,58.32294,2026-08-29 18:35:00+00:00
1788028800000,78171.94,78212.81,78116.01,78145.99,28.44463,2026-08-29 18:40:00+00:00
1788029100000,78145.99,78250.0,78145.99,78238.37,18.95521,2026-08-29 18:45:00+00:00
1788029400000,78238.38,78239.41,78210.7,78210.7,16.91853,2026-08-29 18:50:00+00:00
1788029700000,78210.7,78210.71,78158.0,78158.01,11.22483,2026-08-29 18:55:00+00:00
1788030000000,78158.01,78238.75,78158.0,78227.99,21.04946,2026-08-29 19:00:00+00:00
1788030300000,78227.98,78260.0,78218.17,78245.86,14.43456,2026-08-29 19:05:00+00:00
1788030600000,78245.85,78309.16,78245.85,78309.16,32.94969,2026-08-29 19:10:00+00:00
1788030900000,78309.15,78330.0,78282.4,78291.78,19.21536,2026-08-29 19:15:00+00:00
1788031200000,78291.79,78291.79,78245.86,78266.0,19.17037,2026-08-29 19:20:00+00:00
1788031500000,78265.99,78282.0,78240.87,78240.9,18.80901,2026-08-29 19:25:00+00:00
1788031800000,78240.9,78260.44,78210.27,78224.13,13.17093,2026-08-29 19:30:00+00:00
1788032100000,78224.14,78252.35,78193.59,78202.0,24.83579,2026-08-29 19:35:00+00:00
1788032400000,78202.01,78252.3,78193.59,78252.29,15.46767,2026-08-29 19:40:00+00:00
1788032700000,78252.3,78260.0,78232.28,78250.54,28.63787,2026-08-29 19:45:00+00:00
1788033000000,78250.54,78250.54,78209.25,78214.38,11.16255,2026-08-29 19:50:00+00:00
1788033300000,78214.38,78214.38,78138.87,78182.0,12.4424,2026-08-29 19:55:00+00:00
1788033600000,78181.99,78298.0,78170.72,78246.0,21.46552,2026-08-29 20:00:00+00:00
1788033900000,78246.01,78266.0,78240.58,78241.03,14.2941,2026-08-29 20:05:00+00:00
1788034200000,78241.03,78241.04,78219.5,78227.99,7.81538,2026-08-29 20:10:00+00:00
1788034500000,78227.99,78262.0,78223.49,78260.0,10.81171,2026-08-29 20:15:00+00:00
1788034800000,78260.01,78263.51,78210.0,78210.01,11.52509,2026-08-29 20:20:00+00:00
1788035100000,78210.0,78210.01,78182.0,78182.01,6.41935,2026-08-29 20:25:00+00:00
1788035400000,78182.0,78182.0,78117.95,78122.84,12.57467,2026-08-29 20:30:00+00:00
1788035700000,78122.84,78156.71,78122.83,78142.94,17.19272,2026-08-29 20:35:00+00:00
1788036000000,78142.94,78145.38,78129.17,78137.64,10.1741,2026-08-29 20:40:00+00:00
1788036300000,78137.63,78145.05,78117.95,78145.05,7.64667,2026-08-29 20:45:00+00:00
1788036600000,78145.05,78153.22,78139.81,78142.36,4.49854,2026-08-29 20:50:00+00:00
1788036900000,78142.36,78142.36,78127.99,78129.92,7.87503,2026-08-29 20:55:00+00:00
1788037200000,78129.92,78133.94,78062.0,78062.01,44.56913,2026-08-29 21:00:00+00:00
1788037500000,78062.0,78167.35,78062.0,78129.99,12.23123,2026-08-29 21:05:00+00:00
1788037800000,78130.0,78188.65,78129.99,78154.91,7.86426,2026-08-29 21:10:00+00:00
1788038100000,78154.92,78175.01,78144.0,78175.0,7.76978,2026-08-29 21:15:00+00:00
1788038400000,78175.01,78175.01,78148.0,78148.0,5.28375,2026-08-29 21:20:00+00:00
1788038700000,78148.0,78148.0,78102.0,78107.61,11.11448,2026-08-29 21:25:00+00:00
1788039000000,78107.61,78119.53,78104.33,78104.34,4.87422,2026-08-29 21:30:00+00:00
1788039300000,78104.33,78107.59,78072.0,78089.77,8.76543,2026-08-29 21:35:00+00:00
1788039600000,78089.76,78098.97,78070.0,78098.96,7.23634,2026-08-29 21:40:00+00:00
1788039900000,78098.97,78154.8,78098.54,78154.8,9.50911,2026-08-29 21:45:00+00:00
1788040200000,78155.0,78185.93,78155.0,78185.92,4.96144,2026-08-29 21:50:00+00:00
1788040500000,78185.93,78198.0,78149.34,78161.63,7.85834,2026-08-29 21:55:00+00:00
1788040800000,78161.62,78187.77,78149.34,78187.77,8.82867,2026-08-29 22:00:00+00:00
1788041100000,78187.76,78220.0,78168.0,78205.24,39.05339,2026-08-29 22:05:00+00:00
1788041400000,78205.25,78214.09,78110.0,78137.37,95.53925,2026-08-29 22:10:00+00:00
1788041700000,78137.38,78158.0,78086.0,78086.01,11.18957,2026-08-29 22:15:00+00:00
1788042000000,78086.01,78100.61,78086.0,78100.61,2.41066,2026-08-29 22:20:00+00:00
1788042300000,78100.6,78151.91,78100.6,78146.78,44.15407,2026-08-29 22:25:00+00:00
1788042600000,78146.79,78157.85,78134.99,78135.0,31.43092,2026-08-29 22:30:00+00:00
1788042900000,78135.0,78184.92,78134.99,78180.8,28.66335,2026-08-29 22:35:00+00:00
1788043200000,78180.8,78183.38,78170.0,78180.0,18.07485,2026-08-29 22:40:00+00:00
1788043500000,78180.0,78196.22,78179.99,78193.0,6.23254,2026-08-29 22:45:00+00:00
1788043800000,78193.0,78213.32,78193.0,78213.32,5.47728,2026-08-29 22:50:00+00:00
1788044100000,78213.32,78239.4,78213.31,78228.34,7.17361,2026-08-29 22:55:00+00:00
1788044400000,78228.33,78246.8,78228.33,78228.77,4.88086,2026-08-29 23:00:00+00:00
1788044700000,78228.77,78250.0,78200.58,78218.18,12.82518,2026-08-29 23:05:00+00:00
1788045000000,78218.19,78243.53,78209.24,78241.68,9.34698,2026-08-29 23:10:00+00:00
1788045300000,78241.67,78262.66,78224.0,78247.68,9.04181,2026-08-29 23:15:00+00:00
1788045600000,78247.68,78247.68,78200.0,78200.0,9.95629,2026-08-29 23:20:00+00:00
1788045900000,78200.0,78265.27,78190.0,78261.43,49.11515,2026-08-29 23:25:00+00:00
1788046200000,78261.44,78283.7,78234.0,78234.01,36.30867,2026-08-29 23:30:00+00:00
1788046500000,78234.0,78266.91,78234.0,78258.34,6.37863,2026-08-29 23:35:00+00:00
1788046800000,78258.35,78270.24,78218.48,78218.49,95.01968,2026-08-29 23:40:00+00:00
1788047100000,78218.49,78282.53,78218.49,78282.52,39.04254,2026-08-29 23:45:00+00:00
1788047400000,78282.52,78282.52,78222.96,78248.58,20.68541,2026-08-29 23:50:00+00:00
1788047700000,78248.59,78248.59,78224.61,78230.0,33.4916,2026-08-29 23:55:00+00:00
1788048000000,78230.0,78238.22,78205.15,78205.15,12.59386,2026-08-30 00:00:00+00:00
1788048300000,78205.16,78205.16,78186.0,78186.01,6.67286,2026-08-30 00:05:00+00:00
1788048600000,78186.01,78186.01,78147.17,78177.5,34.41596,2026-08-30 00:10:00+00:00
1788048900000,78177.5,78330.0,78177.49,78284.84,27.32771,2026-08-30 00:15:00+00:00
1788049200000,78284.85,78284.85,78209.4,78213.08,26.76917,2026-08-30 00:20:00+00:00
1788049500000,78213.07,78226.61,78210.8,78216.52,4.26406,2026-08-30 00:25:00+00:00
1788049800000,78216.52,78240.0,78194.24,78214.1,10.81491,2026-08-30 00:30:00+00:00
1788050100000,78214.1,78299.79,78214.09,78238.01,19.53737,2026-08-30 00:35:00+00:00
1788050400000,78238.01,78253.43,78194.24,78209.3,12.21043,2026-08-30 00:40:00+00:00
1788050700000,78209.29,78239.99,78194.24,78239.99,7.52927,2026-08-30 00:45:00+00:00
1788051000000,78239.99,78251.93,78212.68,78221.46,15.87845,2026-08-30 00:50:00+00:00
1788051300000,78221.46,78221.46,78179.85,78179.86,7.18819,2026-08-30 00:55:00+00:00
1788051600000,78179.86,78190.0,78166.0,78190.0,10.0025,2026-08-30 01:00:00+00:00
1788051900000,78189.99,78190.0,78108.14,78113.77,25.70703,2026-08-30 01:05:00+00:00
1788052200000,78113.77,78130.51,78070.0,78072.01,20.48472,2026-08-30 01:10:00+00:00
1788052500000,78072.01,78072.01,77995.81,78043.82,62.48722,2026-08-30 01:15:00+00:00
1788052800000,78043.82,78070.37,78043.81,78048.28,26.969,2026-08-30 01:20:00+00:00
1788053100000,78048.27,78048.28,78000.0,78016.17,13.38643,2026-08-30 01:25:00+00:00
1788053400000,78016.17,78030.0,77994.02,78009.18,22.47698,2026-08-30 01:30:00+00:00
1788053700000,78009.18,78069.97,78006.32,78055.35,15.04841,2026-08-30 01:35:00+00:00
1788054000000,78055.36,78066.59,78048.27,78061.66,11.13085,2026-08-30 01:40:00+00:00
1788054300000,78061.65,78131.99,78061.65,78112.57,17.0172,2026-08-30 01:45:00+00:00
1788054600000,78112.56,78117.12,78072.45,78078.97,12.62823,2026-08-30 01:50:00+00:00
1788054900000,78078.97,78084.0,78044.9,78081.5,19.71414,2026-08-30 01:55:00+00:00
1788055200000,78081.49,78127.99,78066.64,78127.02,9.70667,2026-08-30 02:00:00+00:00
1788055500000,78127.03,78129.98,78074.08,78083.07,19.70008,2026-08-30 02:05:00+00:00
1788055800000,78083.06,78089.29,78074.82,78086.33,3.05878,2026-08-30 02:10:00+00:00
1788056100000,78086.32,78087.92,78056.0,78070.5,6.96493,2026-08-30 02:15:00+00:00
1788056400000,78070.51,78071.44,78048.37,78048.38,5.60067,2026-08-30 02:20:00+00:00
1788056700000,78048.38,78063.21,78018.06,78042.5,11.70125,2026-08-30 02:25:00+00:00
1788057000000,78042.49,78051.14,78014.74,78036.88,8.37358,2026-08-30 02:30:00+00:00
1788057300000,78036.88,78066.69,78036.88,78066.68,5.15406,2026-08-30 02:35:00+00:00
1788057600000,78066.68,78121.9,78066.68,78102.45,12.58346,2026-08-30 02:40:00+00:00
1788057900000,78102.45,78109.53,78090.57,78109.53,14.26862,2026-08-30 02:45:00+00:00
1788058200000,78109.53,78178.02,78109.52,78145.48,15.94334,2026-08-30 02:50:00+00:00
1788058500000,78145.47,78148.07,78106.0,78106.01,6.58922,2026-08-30 02:55:00+00:00
1788058800000,78106.0,78127.85,78084.36,78084.36,15.4805,2026-08-30 03:00:00+00:00
1788059100000,78084.36,78084.94,78066.46,78084.94,9.39886,2026-08-30 03:05:00+00:00
1788059400000,78084.94,78084.94,78084.92,78084.93,16.0378,2026-08-30 03:10:00+00:00
1788059700000,78084.93,78084.93,78075.0,78083.9,21.65013,2026-08-30 03:15:00+00:00
1788060000000,78083.91,78099.57,78065.99,78099.56,28.55775,2026-08-30 03:20:00+00:00
1788060300000,78099.56,78168.0,78099.56,78168.0,21.04475,2026-08-30 03:25:00+00:00
1788060600000,78168.0,78233.7,78146.22,78233.7,20.19264,2026-08-30 03:30:00+00:00
1788060900000,78233.7,78233.7,78178.0,78189.04,24.00823,2026-08-30 03:35:00+00:00
1788061200000,78189.05,78212.0,78174.55,78190.43,21.37516,2026-08-30 03:40:00+00:00
1788061500000,78190.44,78191.37,78158.0,78167.3,23.01944,2026-08-30 03:45:00+00:00
1788061800000,78167.31,78168.91,78149.99,78150.0,36.67455,2026-08-30 03:50:00+00:00
1788062100000,78150.0,78160.52,78144.68,78144.68,16.96472,2026-08-30 03:55:00+00:00
1788062400000,78144.68,78220.0,78144.68,78220.0,25.41062,2026-08-30 04:00:00+00:00
1788062700000,78220.0,78220.0,78150.01,78162.72,12.20043,2026-08-30 04:05:00+00:00
1788063000000,78162.72,78162.72,78154.85,78157.21,7.54713,2026-08-30 04:10:00+00:00
1788063300000,78157.22,78173.04,78140.0,78146.35,11.34117,2026-08-30 04:15:00+00:00
1788063600000,78146.35,78148.86,78093.01,78113.06,26.25281,2026-08-30 04:20:00+00:00
1788063900000,78113.07,78134.0,78113.06,78122.04,7.13413,2026-08-30 04:25:00+00:00
1788064200000,78122.03,78122.04,78092.99,78093.0,20.41355,2026-08-30 04:30:00+00:00
1788064500000,78093.0,78093.0,78020.06,78031.62,36.34696,2026-08-30 04:35:00+00:00
1788064800000,78031.63,78050.94,78021.62,78021.62,26.8237,2026-08-30 04:40:00+00:00
1788065100000,78021.63,78025.85,77990.0,78009.99,14.57,2026-08-30 04:45:00+00:00
1788065400000,78009.99,78073.86,78009.99,78073.85,17.26345,2026-08-30 04:50:00+00:00
1788065700000,78073.86,78109.75,78073.85,78109.75,10.23031,2026-08-30 04:55:00+00:00
1788066000000,78109.74,78205.25,78109.74,78199.99,24.52671,2026-08-30 05:00:00+00:00
1788066300000,78199.99,78214.0,78152.82,78169.49,44.85719,2026-08-30 05:05:00+00:00
1788066600000,78169.49,78169.49,78146.0,78146.01,5.50833,2026-08-30 05:10:00+00:00
1788066900000,78146.0,78146.01,78136.78,78136.89,6.97896,2026-08-30 05:15:00+00:00
1788067200000,78136.88,78140.0,78136.88,78140.0,5.96018,2026-08-30 05:20:00+00:00
1788067500000,78140.0,78140.0,78139.99,78140.0,4.73646,2026-08-30 05:25:00+00:00
1788067800000,78140.0,78140.0,78136.88,78136.89,5.92346,2026-08-30 05:30:00+00:00
1788068100000,78136.89,78136.89,78122.0,78122.01,16.77327,2026-08-30 05:35:00+00:00
1788068400000,78122.0,78134.31,78122.0,78126.23,9.98925,2026-08-30 05:40:00+00:00
1788068700000,78126.23,78126.23,78126.22,78126.23,6.91908,2026-08-30 05:45:00+00:00
1788069000000,78126.22,78135.28,78121.81,78127.71,19.62341,2026-08-30 05:50:00+00:00
1788069300000,78127.72,78127.72,78124.56,78127.71,9.49683,2026-08-30 05:55:00+00:00
1788069600000,78127.72,78146.0,78120.0,78144.73,10.7701,2026-08-30 06:00:00+00:00
1788069900000,78144.74,78144.74,78119.22,78119.23,6.02095,2026-08-30 06:05:00+00:00
1788070200000,78119.23,78123.33,78106.07,78123.32,15.79245,2026-08-30 06:10:00+00:00
1788070500000,78123.33,78141.77,78123.32,78141.76,21.94747,2026-08-30 06:15:00+00:00
1788070800000,78141.77,78194.0,78141.76,78194.0,11.08797,2026-08-30 06:20:00+00:00
1788071100000,78193.99,78194.0,78176.34,78177.41,7.66382,2026-08-30 06:25:00+00:00
1788071400000,78177.41,78199.28,78177.41,78199.28,9.3473,2026-08-30 06:30:00+00:00
1788071700000,78199.27,78263.76,78199.27,78244.35,32.7919,2026-08-30 06:35:00+00:00
1788072000000,78244.35,78298.59,78219.44,78245.91,27.08072,2026-08-30 06:40:00+00:00
1788072300000,78245.91,78310.71,78233.67,78297.1,39.17253,2026-08-30 06:45:00+00:00
1788072600000,78297.09,78297.09,78254.0,78276.0,20.70648,2026-08-30 06:50:00+00:00
1788072900000,78276.01,78280.34,78272.75,78280.34,6.29853,2026-08-30 06:55:00+00:00
1788073200000,78280.34,78291.27,78264.46,78264.47,11.16021,2026-08-30 07:00:00+00:00
1788073500000,78264.47,78264.47,78256.0,78256.01,5.38133,2026-08-30 07:05:00+00:00
1788073800000,78256.0,78256.01,78256.0,78256.01,5.51283,2026-08-30 07:10:00+00:00
1788074100000,78256.01,78256.01,78244.0,78244.01,3.89146,2026-08-30 07:15:00+00:00
1788074400000,78244.01,78244.01,78232.73,78232.74,5.3224,2026-08-30 07:20:00+00:00
1788074700000,78232.73,78232.74,78230.0,78230.0,6.49113,2026-08-30 07:25:00+00:00
1788075000000,78230.01,78230.01,78177.98,78178.05,13.90391,2026-08-30 07:30:00+00:00
1788075300000,78178.05,78199.09,78168.66,78186.91,21.29516,2026-08-30 07:35:00+00:00
1788075600000,78186.91,78186.91,78146.0,78146.01,11.42756,2026-08-30 07:40:00+00:00
1788075900000,78146.01,78162.0,78118.0,78158.84,29.3912,2026-08-30 07:45:00+00:00
1788076200000,78158.84,78158.85,78141.95,78157.94,12.98189,2026-08-30 07:50:00+00:00
1788076500000,78157.94,78157.95,78118.0,78118.0,10.74642,2026-08-30 07:55:00+00:00
1788076800000,78118.0,78138.0,78118.0,78137.99,18.47014,2026-08-30 08:00:00+00:00
1788077100000,78138.0,78195.57,78137.99,78191.52,14.8347,2026-08-30 08:05:00+00:00
1788077400000,78191.52,78191.52,78138.0,78148.07,19.88874,2026-08-30 08:10:00+00:00
1788077700000,78148.06,78196.5,78148.06,78196.5,7.91777,2026-08-30 08:15:00+00:00
1788078000000,78196.5,78207.22,78154.0,78156.52,20.72713,2026-08-30 08:20:00+00:00
1788078300000,78156.52,78176.57,78154.09,78154.09,5.22589,2026-08-30 08:25:00+00:00
1788078600000,78154.09,78154.1,78138.0,78138.01,5.60771,2026-08-30 08:30:00+00:00
1788078900000,78138.01,78138.01,78040.0,78042.19,20.58627,2026-08-30 08:35:00+00:00
1788079200000,78042.19,78062.0,78040.48,78062.0,6.08684,2026-08-30 08:40:00+00:00
1788079500000,78061.99,78063.19,78034.0,78063.19,9.71282,2026-08-30 08:45:00+00:00
1788079800000,78063.19,78064.0,78042.65,78054.29,6.00976,2026-08-30 08:50:00+00:00
1788080100000,78054.29,78086.0,78054.28,78074.01,8.60817,2026-08-30 08:55:00+00:00
1788080400000,78074.01,78084.29,78074.01,78084.28,7.08828,2026-08-30 09:00:00+00:00
1788080700000,78084.29,78084.29,78084.28,78084.28,2.69895,2026-08-30 09:05:00+00:00
1788081000000,78084.29,78100.0,78084.28,78100.0,4.87505,2026-08-30 09:10:00+00:00
1788081300000,78099.99,78100.0,78074.01,78074.02,6.23115,2026-08-30 09:15:00+00:00
1788081600000,78074.01,78118.87,78050.94,78050.94,21.94378,2026-08-30 09:20:00+00:00
1788081900000,78050.94,78058.0,77986.0,77991.65,37.21621,2026-08-30 09:25:00+00:00
1788082200000,77991.65,78029.22,77989.03,78004.13,29.81799,2026-08-30 09:30:00+00:00
1788082500000,78004.13,78015.88,78004.12,78009.49,10.44622,2026-08-30 09:35:00+00:00
1788082800000,78009.49,78052.76,78000.33,78035.03,13.0673,2026-08-30 09:40:00+00:00
1788083100000,78035.02,78060.0,78014.0,78014.01,14.53186,2026-08-30 09:45:00+00:00
1788083400000,78014.0,78014.01,78000.0,78000.01,8.6214,2026-08-30 09:50:00+00:00
1788083700000,78000.01,78020.0,78000.0,78000.01,8.72976,2026-08-30 09:55:00+00:00
1788084000000,78000.01,78002.41,77962.49,77968.96,13.26559,2026-08-30 10:00:00+00:00
1788084300000,77968.97,78043.28,77968.81,78043.27,17.68413,2026-08-30 10:05:00+00:00
1788084600000,78043.28,78072.01,78017.51,78017.51,20.55703,2026-08-30 10:10:00+00:00
1788084900000,78017.51,78020.42,77998.0,78016.0,16.86024,2026-08-30 10:15:00+00:00
1788085200000,78015.99,78062.99,78015.99,78062.99,30.2892,2026-08-30 10:20:00+00:00
1788085500000,78062.98,78122.44,78050.0,78050.0,23.95906,2026-08-30 10:25:00+00:00
1788085800000,78050.01,78092.97,78050.0,78062.01,6.40967,2026-08-30 10:30:00+00:00
1788086100000,78062.0,78080.0,78062.0,78079.99,3.69365,2026-08-30 10:35:00+00:00
1788086400000,78080.0,78122.12,78079.99,78112.5,17.96369,2026-08-30 10:40:00+00:00
1788086700000,78112.51,78145.29,78112.5,78145.29,6.60657,2026-08-30 10:45:00+00:00
1788087000000,78145.28,78145.29,78145.28,78145.29,5.76407,2026-08-30 10:50:00+00:00
1788087300000,78145.28,78145.29,78145.28,78145.29,5.25224,2026-08-30 10:55:00+00:00
1788087600000,78145.29,78153.99,78145.28,78153.98,5.09844,2026-08-30 11:00:00+00:00
1788087900000,78153.99,78198.26,78153.98,78198.26,9.87316,2026-08-30 11:05:00+00:00
1788088200000,78198.25,78198.26,78144.18,78167.75,12.49501,2026-08-30 11:10:00+00:00
1788088500000,78167.76,78174.75,78153.18,78174.74,5.60102,2026-08-30 11:15:00+00:00
1788088800000,78174.74,78187.22,78174.74,78187.22,5.95478,2026-08-30 11:20:00+00:00
1788089100000,78187.22,78220.0,78187.21,78220.0,9.87019,2026-08-30 11:25:00+00:00
1788089400000,78219.99,78242.0,78184.0,78214.7,23.47089,2026-08-30 11:30:00+00:00
1788089700000,78214.7,78214.7,78153.18,78171.23,17.87244,2026-08-30 11:35:00+00:00
1788090000000,78171.23,78220.0,78171.23,78190.9,15.28832,2026-08-30 11:40:00+00:00
1788090300000,78190.9,78190.9,78156.0,78156.01,22.1534,2026-08-30 11:45:00+00:00
1788090600000,78156.0,78156.01,78117.11,78146.84,33.93771,2026-08-30 11:50:00+00:00
1788090900000,78146.83,78166.0,78145.95,78166.0,10.42558,2026-08-30 11:55:00+00:00
1788091200000,78165.99,78313.96,78165.99,78286.15,52.2564,2026-08-30 12:00:00+00:00
1788091500000,78286.16,78608.86,78286.15,78608.85,150.29338,2026-08-30 12:05:00+00:00
1788091800000,78608.86,78725.98,78587.08,78660.0,101.40098,2026-08-30 12:10:00+00:00
1788092100000,78660.0,78660.0,78522.0,78522.01,85.22485,2026-08-30 12:15:00+00:00
1788092400000,78522.0,78569.04,78496.69,78531.42,47.40264,2026-08-30 12:20:00+00:00
1788092700000,78531.41,78628.0,78507.6,78627.99,40.41353,2026-08-30 12:25:00+00:00
1788093000000,78627.99,78850.81,78575.0,78584.68,99.37632,2026-08-30 12:30:00+00:00
1788093300000,78584.69,78626.0,78550.0,78626.0,57.0024,2026-08-30 12:35:00+00:00
1788093600000,78625.99,78737.8,78569.98,78658.01,49.61154,2026-08-30 12:40:00+00:00
1788093900000,78658.01,78676.96,78607.84,78618.9,23.05809,2026-08-30 12:45:00+00:00
1788094200000,78618.9,78661.5,78590.04,78636.1,39.80886,2026-08-30 12:50:00+00:00
1788094500000,78636.1,78785.54,78628.53,78785.06,68.26083,2026-08-30 12:55:00+00:00
1788094800000,78785.06,78826.0,78690.56,78738.02,83.65508,2026-08-30 13:00:00+00:00
1788095100000,78738.02,78743.55,78674.0,78682.04,28.42215,2026-08-30 13:05:00+00:00
1788095400000,78682.04,78686.01,78625.54,78633.85,30.99098,2026-08-30 13:10:00+00:00
1788095700000,78633.86,78678.46,78590.14,78678.46,28.39354,2026-08-30 13:15:00+00:00
1788096000000,78678.45,78717.68,78670.65,78717.67,24.11115,2026-08-30 13:20:00+00:00
1788096300000,78717.67,78729.9,78699.29,78729.9,21.70058,2026-08-30 13:25:00+00:00
1788096600000,78729.89,78757.39,78698.0,78698.01,30.78755,2026-08-30 13:30:00+00:00
1788096900000,78698.01,78724.86,78680.0,78711.7,21.57427,2026-08-30 13:35:00+00:00
1788097200000,78711.91,78821.59,78686.43,78790.92,29.89898,2026-08-30 13:40:00+00:00
1788097500000,78790.93,78950.0,78790.92,78949.99,86.20807,2026-08-30 13:45:00+00:00
1788097800000,78950.0,78966.76,78890.0,78902.59,63.04217,2026-08-30 13:50:00+00:00
1788098100000,78902.59,78902.6,78860.0,78860.0,40.03568,2026-08-30 13:55:00+00:00
1788098400000,78860.01,78945.94,78822.0,78891.13,39.16001,2026-08-30 14:00:00+00:00
1788098700000,78891.12,78894.92,78778.0,78891.99,73.4907,2026-08-30 14:05:00+00:00
1788099000000,78891.99,78935.54,78855.2,78929.01,56.5443,2026-08-30 14:10:00+00:00
1788099300000,78929.02,78939.2,78800.04,78800.05,60.55175,2026-08-30 14:15:00+00:00
1788099600000,78800.04,78834.55,78800.0,78834.55,25.49439,2026-08-30 14:20:00+00:00
1788099900000,78834.55,78876.0,78834.54,78868.74,25.26312,2026-08-30 14:25:00+00:00
1788100200000,78868.75,78935.71,78836.37,78836.37,36.00495,2026-08-30 14:30:00+00:00
1788100500000,78836.37,78836.38,78722.0,78732.65,32.44476,2026-08-30 14:35:00+00:00
1788100800000,78732.65,78778.67,78732.64,78761.96,19.71743,2026-08-30 14:40:00+00:00
1788101100000,78761.96,78789.1,78724.0,78772.16,24.70738,2026-08-30 14:45:00+00:00
1788101400000,78772.16,78808.69,78767.14,78808.68,16.70691,2026-08-30 14:50:00+00:00
1788101700000,78808.68,78825.6,78782.98,78783.71,29.24407,2026-08-30 14:55:00+00:00
1788102000000,78783.7,78792.31,78690.0,78690.01,47.27865,2026-08-30 15:00:00+00:00
1788102300000,78690.01,78876.11,78690.0,78793.16,120.49632,2026-08-30 15:05:00+00:00
1788102600000,78793.16,78804.0,78646.88,78665.63,47.9178,2026-08-30 15:10:00+00:00
1788102900000,78665.64,78761.16,78626.0,78692.69,75.6658,2026-08-30 15:15:00+00:00
1788103200000,78692.68,78770.0,78692.68,78770.0,63.38612,2026-08-30 15:20:00+00:00
1788103500000,78769.99,78841.58,78769.99,78791.68,54.32133,2026-08-30 15:25:00+00:00
1788103800000,78791.67,78831.52,78791.67,78803.97,27.09397,2026-08-30 15:30:00+00:00
1788104100000,78803.97,78825.67,78787.3,78825.67,18.47368,2026-08-30 15:35:00+00:00
1788104400000,78825.66,78860.0,78798.0,78859.99,21.75045,2026-08-30 15:40:00+00:00
1788104700000,78860.0,78912.94,78820.03,78820.03,31.58983,2026-08-30 15:45:00+00:00
1788105000000,78820.04,78850.0,78808.0,78808.0,24.76544,2026-08-30 15:50:00+00:00
1788105300000,78808.0,78823.63,78790.79,78823.63,21.08169,2026-08-30 15:55:00+00:00
1788105600000,78823.62,79000.0,78808.06,78964.2,59.5858,2026-08-30 16:00:00+00:00
1788105900000,78964.2,79004.13,78812.14,78818.01,42.29031,2026-08-30 16:05:00+00:00
1788106200000,78818.0,79187.5,78750.0,79124.0,116.31321,2026-08-30 16:10:00+00:00
1788106500000,79124.0,79250.0,79040.75,79107.87,85.77534,2026-08-30 16:15:00+00:00
1788106800000,79107.87,79120.01,79012.0,79119.35,46.4971,2026-08-30 16:20:00+00:00
1788107100000,79119.35,79136.0,79036.0,79043.77,58.38476,2026-08-30 16:25:00+00:00
1788107400000,79043.78,79188.0,79014.92,79166.0,35.24546,2026-08-30 16:30:00+00:00
1788107700000,79166.0,79210.55,79112.0,79124.51,36.67219,2026-08-30 16:35:00+00:00
1788108000000,79124.51,79266.85,79124.51,79204.0,42.6157,2026-08-30 16:40:00+00:00
1788108300000,79204.0,79230.0,79160.95,79186.0,37.28363,2026-08-30 16:45:00+00:00
1788108600000,79186.01,79236.0,79144.0,79215.71,40.24463,2026-08-30 16:50:00+00:00
1788108900000,79215.72,79400.0,79192.88,79337.93,66.65575,2026-08-30 16:55:00+00:00
1788109200000,79337.93,79337.93,79220.0,79249.75,28.33989,2026-08-30 17:00:00+00:00
1788109500000,79249.75,79265.62,79149.74,79194.84,52.18569,2026-08-30 17:05:00+00:00
1788109800000,79194.83,79195.22,79137.35,79178.49,27.94317,2026-08-30 17:10:00+00:00
1788110100000,79178.49,79178.49,78971.02,79000.3,92.54302,2026-08-30 17:15:00+00:00
1788110400000,79000.3,79003.03,78778.59,78877.96,77.2686,2026-08-30 17:20:00+00:00
1788110700000,78877.97,78942.0,78774.85,78940.62,48.14638,2026-08-30 17:25:00+00:00
1788111000000,78940.61,78997.71,78882.0,78997.7,31.55937,2026-08-30 17:30:00+00:00
1788111300000,78997.71,79027.31,78984.0,79016.13,22.55051,2026-08-30 17:35:00+00:00
1788111600000,79016.14,79060.0,78977.22,79044.82,17.27919,2026-08-30 17:40:00+00:00
1788111900000,79044.81,79080.01,79014.0,79019.33,22.58546,2026-08-30 17:45:00+00:00
1788112200000,79019.33,79051.74,78962.83,79022.0,31.5162,2026-08-30 17:50:00+00:00
1788112500000,79021.99,79021.99,78976.67,79021.02,8.80937,2026-08-30 17:55:00+00:00
1788112800000,79021.02,79074.0,78997.44,79027.67,23.03467,2026-08-30 18:00:00+00:00
1788113100000,79027.67,79027.67,78859.99,78860.0,37.74875,2026-08-30 18:05:00+00:00
1788113400000,78860.0,78860.0,78776.0,78839.29,72.89244,2026-08-30 18:10:00+00:00
1788113700000,78839.3,78900.0,78839.29,78899.99,10.82954,2026-08-30 18:15:00+00:00
1788114000000,78900.0,78900.0,78866.42,78884.34,13.52434,2026-08-30 18:20:00+00:00
1788114300000,78884.33,79009.61,78860.35,79009.61,17.85364,2026-08-30 18:25:00+00:00
1788114600000,79009.61,79170.0,79009.61,79163.47,45.85865,2026-08-30 18:30:00+00:00
1788114900000,79163.47,79181.99,79131.11,79159.0,17.84658,2026-08-30 18:35:00+00:00
1788115200000,79159.01,79160.01,79070.0,79088.56,15.38562,2026-08-30 18:40:00+00:00
1788115500000,79088.55,79088.56,79042.01,79072.4,8.27835,2026-08-30 18:45:00+00:00
1788115800000,79072.4,79072.4,79020.0,79030.36,16.82092,2026-08-30 18:50:00+00:00
1788116100000,79030.36,79056.0,79024.52,79036.69,13.7052,2026-08-30 18:55:00+00:00
1788116400000,79036.68,79037.98,78972.28,78988.28,15.97793,2026-08-30 19:00:00+00:00
1788116700000,78988.28,79041.96,78942.0,79004.34,17.2279,2026-08-30 19:05:00+00:00
1788117000000,79004.34,79035.59,78998.81,79035.59,30.03393,2026-08-30 19:10:00+00:00
1788117300000,79035.58,79038.09,78970.91,79002.63,13.91799,2026-08-30 19:15:00+00:00
1788117600000,79002.62,79002.63,78912.3,78918.81,22.91173,2026-08-30 19:20:00+00:00
1788117900000,78918.82,78924.27,78917.24,78917.24,17.13679,2026-08-30 19:25:00+00:00
1788118200000,78917.24,78944.0,78886.08,78896.12,27.80043,2026-08-30 19:30:00+00:00
1788118500000,78896.12,78896.13,78792.21,78792.35,23.3316,2026-08-30 19:35:00+00:00
1788118800000,78792.35,78839.62,78778.0,78794.0,11.86078,2026-08-30 19:40:00+00:00
1788119100000,78794.0,78820.0,78721.98,78792.86,20.0268,2026-08-30 19:45:00+00:00
1788119400000,78792.85,78841.44,78792.85,78841.12,12.80304,2026-08-30 19:50:00+00:00
1788119700000,78841.12,78871.46,78841.11,78856.39,19.16226,2026-08-30 19:55:00+00:00
1788120000000,78856.39,78914.69,78856.38,78868.0,16.27656,2026-08-30 20:00:00+00:00
1788120300000,78868.01,78884.85,78838.02,78884.84,17.38927,2026-08-30 20:05:00+00:00
1788120600000,78884.84,78918.01,78864.01,78864.01,10.54315,2026-08-30 20:10:00+00:00
1788120900000,78864.02,78883.76,78844.0,78883.76,10.49142,2026-08-30 20:15:00+00:00
1788121200000,78883.76,78916.96,78868.79,78916.96,10.46464,2026-08-30 20:20:00+00:00
1788121500000,78916.96,78931.49,78842.0,78842.0,13.81913,2026-08-30 20:25:00+00:00
1788121800000,78842.0,78842.01,78732.72,78808.0,23.56442,2026-08-30 20:30:00+00:00
1788122100000,78807.99,78887.02,78704.0,78707.78,37.02313,2026-08-30 20:35:00+00:00
1788122400000,78707.79,78724.02,78438.23,78475.99,72.26388,2026-08-30 20:40:00+00:00
1788122700000,78476.0,78673.48,78476.0,78671.32,43.92852,2026-08-30 20:45:00+00:00
1788123000000,78671.32,78742.31,78671.31,78690.38,26.93718,2026-08-30 20:50:00+00:00
1788123300000,78690.39,78690.39,78597.32,78597.33,11.5121,2026-08-30 20:55:00+00:00
1788123600000,78597.32,78597.33,78229.82,78476.0,221.83513,2026-08-30 21:00:00+00:00
1788123900000,78476.0,78520.0,78446.0,78519.99,15.73143,2026-08-30 21:05:00+00:00
1788124200000,78519.99,78539.81,78372.0,78503.59,51.13573,2026-08-30 21:10:00+00:00
1788124500000,78503.59,78627.31,78503.58,78597.02,26.76797,2026-08-30 21:15:00+00:00
1788124800000,78597.01,78625.59,78476.0,78596.71,22.5722,2026-08-30 21:20:00+00:00
1788125100000,78596.7,78667.87,78573.99,78644.0,13.60179,2026-08-30 21:25:00+00:00
1788125400000,78644.0,78722.0,78636.0,78715.45,17.49375,2026-08-30 21:30:00+00:00
1788125700000,78715.44,78733.77,78628.76,78653.32,27.80171,2026-08-30 21:35:00+00:00
1788126000000,78653.33,78658.45,78602.0,78635.87,19.23705,2026-08-30 21:40:00+00:00
1788126300000,78635.87,78637.01,78550.47,78562.15,19.15825,2026-08-30 21:45:00+00:00
1788126600000,78562.14,78632.0,78556.59,78605.73,10.00189,2026-08-30 21:50:00+00:00
1788126900000,78605.72,78690.0,78605.46,78653.0,16.07398,2026-08-30 21:55:00+00:00
1788127200000,78653.0,78804.0,78530.0,78743.48,57.3095,2026-08-30 22:00:00+00:00
1788127500000,78743.48,78779.8,78632.41,78644.73,17.99539,2026-08-30 22:05:00+00:00
1788127800000,78644.74,78644.74,78564.69,78571.28,23.12182,2026-08-30 22:10:00+00:00
1788128100000,78571.28,78571.28,78415.49,78535.99,61.03525,2026-08-30 22:15:00+00:00
1788128400000,78535.99,78536.0,78370.0,78370.01,26.1289,2026-08-30 22:20:00+00:00
1788128700000,78370.0,78382.11,78304.47,78382.11,28.84482,2026-08-30 22:25:00+00:00
1788129000000,78382.11,78440.0,78280.0,78361.98,32.88501,2026-08-30 22:30:00+00:00
1788129300000,78361.98,78470.0,78350.01,78469.99,19.70256,2026-08-30 22:35:00+00:00
1788129600000,78470.0,78540.0,78460.0,78460.01,19.74773,2026-08-30 22:40:00+00:00
1788129900000,78460.0,78485.35,78396.65,78430.56,22.05162,2026-08-30 22:45:00+00:00
1788130200000,78430.56,78450.27,78380.0,78444.4,12.17364,2026-08-30 22:50:00+00:00
1788130500000,78444.41,78508.0,78416.17,78422.01,69.42743,2026-08-30 22:55:00+00:00
1788130800000,78422.01,78422.01,78311.6,78311.6,77.96741,2026-08-30 23:00:00+00:00
1788131100000,78311.61,78412.32,78311.61,78338.02,54.35711,2026-08-30 23:05:00+00:00
1788131400000,78338.02,78454.0,78329.66,78366.16,152.88762,2026-08-30 23:10:00+00:00
1788131700000,78366.16,78388.77,78158.0,78367.49,148.33465,2026-08-30 23:15:00+00:00
1788132000000,78367.49,78404.0,77812.21,77982.51,192.67022,2026-08-30 23:20:00+00:00
1788132300000,77982.52,78075.88,77646.28,77678.09,143.46956,2026-08-30 23:25:00+00:00
1788132600000,77678.1,77882.16,77618.0,77759.37,117.23662,2026-08-30 23:30:00+00:00
1788132900000,77759.37,77759.37,77492.0,77530.0,170.2232,2026-08-30 23:35:00+00:00
1788133200000,77529.99,77582.0,77350.0,77476.77,175.5987,2026-08-30 23:40:00+00:00
1788133500000,77476.78,77532.0,77000.0,77367.99,364.52271,2026-08-30 23:45:00+00:00
1788133800000,77368.0,77606.0,77368.0,77571.54,99.92845,2026-08-30 23:50:00+00:00
1788134100000,77571.54,77734.61,77556.41,77682.0,103.23115,2026-08-30 23:55:00+00:00
1788134400000,77682.0,77827.99,77572.0,77808.05,106.56499,2026-08-31 00:00:00+00:00
1788134700000,77808.06,77808.07,77436.4,77437.58,136.77537,2026-08-31 00:05:00+00:00
1788135000000,77437.57,77763.22,77436.41,77754.7,71.76046,2026-08-31 00:10:00+00:00
1788135300000,77754.71,77896.0,77720.88,77867.51,57.94489,2026-08-31 00:15:00+00:00
1788135600000,77867.5,77970.01,77862.0,77967.75,41.90222,2026-08-31 00:20:00+00:00
1788135900000,77967.74,77971.47,77888.0,77901.33,48.7963,2026-08-31 00:25:00+00:00
1788136200000,77901.34,77958.0,77892.0,77952.26,46.69296,2026-08-31 00:30:00+00:00
1788136500000,77952.26,78185.89,77952.25,78012.48,91.30295,2026-08-31 00:35:00+00:00
1788136800000,78013.42,78070.0,78006.0,78032.01,18.07343,2026-08-31 00:40:00+00:00
1788137100000,78032.02,78032.02,77947.93,77978.0,39.67961,2026-08-31 00:45:00+00:00
1788137400000,77978.0,78034.01,77976.0,78023.99,32.10401,2026-08-31 00:50:00+00:00
1788137700000,78023.99,78026.01,77922.0,77937.04,19.8366,2026-08-31 00:55:00+00:00
1788138000000,77937.03,77993.03,77770.17,77784.01,74.77509,2026-08-31 01:00:00+00:00
1788138300000,77784.01,77798.0,77642.0,77646.57,83.5549,2026-08-31 01:05:00+00:00
1788138600000,77646.57,77706.0,77565.08,77660.16,76.67853,2026-08-31 01:10:00+00:00
1788138900000,77660.17,77780.0,77578.0,77778.45,49.31953,2026-08-31 01:15:00+00:00
1788139200000,77778.45,77846.0,77708.0,77846.0,29.89817,2026-08-31 01:20:00+00:00
1788139500000,77846.0,77851.41,77758.23,77775.26,24.26683,2026-08-31 01:25:00+00:00
1788139800000,77775.27,77808.0,77654.0,77723.99,44.7528,2026-08-31 01:30:00+00:00
1788140100000,77723.99,77953.99,77693.84,77855.49,61.79583,2026-08-31 01:35:00+00:00
1788140400000,77855.49,77890.0,77722.0,77750.0,34.41693,2026-08-31 01:40:00+00:00
1788140700000,77749.99,77854.0,77726.0,77772.0,22.95336,2026-08-31 01:45:00+00:00
1788141000000,77772.0,77806.3,77702.0,77702.0,31.80265,2026-08-31 01:50:00+00:00
1788141300000,77702.01,77750.0,77622.0,77640.94,33.04596,2026-08-31 01:55:00+00:00
1788141600000,77640.93,77652.0,77526.01,77651.99,80.83001,2026-08-31 02:00:00+00:00
1788141900000,77652.0,77770.0,77649.99,77734.0,36.1222,2026-08-31 02:05:00+00:00
1788142200000,77734.0,78000.0,77734.0,77952.8,33.11991,2026-08-31 02:10:00+00:00
1788142500000,77952.81,77954.0,77840.7,77856.0,58.95141,2026-08-31 02:15:00+00:00
1788142800000,77856.0,77886.0,77824.0,77832.0,97.04904,2026-08-31 02:20:00+00:00
1788143100000,77832.01,77881.33,77824.0,77875.05,37.19522,2026-08-31 02:25:00+00:00
1788143400000,77875.05,77931.78,77846.21,77848.71,46.89772,2026-08-31 02:30:00+00:00
1788143700000,77848.72,77848.72,77744.59,77766.03,23.25286,2026-08-31 02:35:00+00:00
1788144000000,77766.03,77766.05,77716.41,77716.42,21.30953,2026-08-31 02:40:00+00:00
1788144300000,77716.42,77764.0,77600.0,77609.79,34.45943,2026-08-31 02:45:00+00:00
1788144600000,77609.8,77622.0,77435.87,77435.88,56.3388,2026-08-31 02:50:00+00:00
1788144900000,77435.88,77502.84,77392.0,77473.99,47.87321,2026-08-31 02:55:00+00:00
1788145200000,77474.0,77600.0,77394.0,77550.19,47.64423,2026-08-31 03:00:00+00:00
1788145500000,77550.2,77616.0,77520.0,77615.99,19.70667,2026-08-31 03:05:00+00:00
1788145800000,77615.99,77691.56,77596.0,77658.01,37.38722,2026-08-31 03:10:00+00:00
1788146100000,77658.0,77700.0,77590.01,77590.02,16.76053,2026-08-31 03:15:00+00:00
1788146400000,77590.01,77756.5,77590.01,77756.5,21.30211,2026-08-31 03:20:00+00:00
1788146700000,77756.5,77756.5,77712.36,77731.11,22.04869,2026-08-31 03:25:00+00:00
1788147000000,77731.1,77731.1,77676.0,77699.1,11.51483,2026-08-31 03:30:00+00:00
1788147300000,77699.1,77792.19,77699.1,77783.78,14.70529,2026-08-31 03:35:00+00:00
1788147600000,77783.78,77838.0,77739.24,77818.31,24.10432,2026-08-31 03:40:00+00:00
1788147900000,77818.31,77872.0,77818.3,77834.01,27.80967,2026-08-31 03:45:00+00:00
1788148200000,77834.01,77834.01,77784.7,77786.28,16.35277,2026-08-31 03:50:00+00:00
1788148500000,77786.27,77798.0,77752.0,77756.71,19.58903,2026-08-31 03:55:00+00:00
1788148800000,77756.7,77769.11,77600.0,77601.14,35.71068,2026-08-31 04:00:00+00:00
1788149100000,77601.14,77706.0,77580.0,77626.01,25.94084,2026-08-31 04:05:00+00:00
1788149400000,77626.0,77638.0,77572.25,77590.42,55.2881,2026-08-31 04:10:00+00:00
1788149700000,77590.42,77604.28,77523.23,77526.28,44.44689,2026-08-31 04:15:00+00:00
1788150000000,77526.29,77562.0,77500.0,77522.58,35.84795,2026-08-31 04:20:00+00:00
1788150300000,77522.58,77561.53,77492.03,77514.01,69.32992,2026-08-31 04:25:00+00:00
1788150600000,77514.0,77524.0,77466.0,77479.99,42.88227,2026-08-31 04:30:00+00:00
1788150900000,77480.0,77583.01,77458.83,77583.01,79.38662,2026-08-31 04:35:00+00:00
1788151200000,77583.01,77583.01,77495.23,77568.0,51.89787,2026-08-31 04:40:00+00:00
1788151500000,77568.0,77583.01,77489.62,77489.62,31.65666,2026-08-31 04:45:00+00:00
1788151800000,77489.62,77629.0,77471.99,77624.56,38.04031,2026-08-31 04:50:00+00:00
1788152100000,77624.56,77651.86,77592.0,77622.28,39.59962,2026-08-31 04:55:00+00:00
1788152400000,77622.29,77656.91,77514.0,77656.91,42.93917,2026-08-31 05:00:00+00:00
1788152700000,77656.9,77703.99,77630.87,77648.78,32.63119,2026-08-31 05:05:00+00:00
1788153000000,77648.78,77800.0,77634.0,77762.0,29.92511,2026-08-31 05:10:00+00:00
1788153300000,77762.0,78038.0,77758.01,78032.99,70.17603,2026-08-31 05:15:00+00:00
1788153600000,78032.99,78100.0,77922.0,78089.81,51.04163,2026-08-31 05:20:00+00:00
1788153900000,78089.81,78156.78,77917.52,77998.84,69.24215,2026-08-31 05:25:00+00:00
1788154200000,77998.83,78060.98,77975.1,78060.98,40.41462,2026-08-31 05:30:00+00:00
1788154500000,78060.97,78061.99,77872.66,77890.0,53.27334,2026-08-31 05:35:00+00:00
1788154800000,77889.99,77993.59,77889.99,77974.02,25.23994,2026-08-31 05:40:00+00:00
1788155100000,77974.01,78018.0,77974.01,78014.91,31.49661,2026-08-31 05:45:00+00:00
1788155400000,78014.9,78041.75,77995.02,78004.12,28.37691,2026-08-31 05:50:00+00:00
1788155700000,78004.12,78062.88,77949.01,78016.0,37.16421,2026-08-31 05:55:00+00:00
1788156000000,78016.01,78079.18,77952.0,78046.85,37.61633,2026-08-31 06:00:00+00:00
1788156300000,78046.85,78046.86,77864.16,77972.0,88.83861,2026-08-31 06:05:00+00:00
1788156600000,77972.0,78039.02,77966.0,78023.13,35.12956,2026-08-31 06:10:00+00:00
1788156900000,78023.13,78122.0,78023.12,78112.03,32.76426,2026-08-31 06:15:00+00:00
1788157200000,78112.02,78112.03,77972.0,77990.0,37.17466,2026-08-31 06:20:00+00:00
1788157500000,77990.0,78104.0,77984.43,78007.99,186.80282,2026-08-31 06:25:00+00:00
1788157800000,78007.99,78008.0,77924.0,77954.2,43.04522,2026-08-31 06:30:00+00:00
1788158100000,77954.21,78088.94,77929.0,78085.18,51.99329,2026-08-31 06:35:00+00:00
1788158400000,78085.17,78156.77,78072.17,78084.0,33.78298,2026-08-31 06:40:00+00:00
1788158700000,78084.01,78118.24,78046.22,78091.3,19.70345,2026-08-31 06:45:00+00:00
1788159000000,78091.29,78118.0,78011.74,78108.34,27.49576,2026-08-31 06:50:00+00:00
1788159300000,78108.35,78123.8,78046.48,78093.87,373.67516,2026-08-31 06:55:00+00:00
1788159600000,78093.88,78154.26,78044.0,78064.19,38.36808,2026-08-31 07:00:00+00:00
1788159900000,78064.2,78100.0,78034.01,78084.85,30.33981,2026-08-31 07:05:00+00:00
1788160200000,78084.84,78170.0,78082.87,78127.9,244.99806,2026-08-31 07:10:00+00:00
1788160500000,78127.91,78240.0,78127.9,78170.01,58.29741,2026-08-31 07:15:00+00:00
1788160800000,78170.01,78286.36,78160.0,78286.35,37.1154,2026-08-31 07:20:00+00:00
1788161100000,78286.36,78322.56,78210.84,78213.01,43.71848,2026-08-31 07:25:00+00:00
1788161400000,78213.0,78213.01,78128.0,78182.11,73.7549,2026-08-31 07:30:00+00:00
1788161700000,78182.11,78245.33,78182.1,78245.32,39.29915,2026-08-31 07:35:00+00:00
1788162000000,78245.33,78290.0,78199.99,78270.72,47.75487,2026-08-31 07:40:00+00:00
1788162300000,78270.72,78289.86,78198.82,78198.82,35.4414,2026-08-31 07:45:00+00:00
1788162600000,78198.83,78244.0,78194.0,78202.01,27.41629,2026-08-31 07:50:00+00:00
1788162900000,78202.01,78227.28,78196.0,78196.01,39.52993,2026-08-31 07:55:00+00:00
1788163200000,78196.01,78234.85,78108.93,78108.93,44.89106,2026-08-31 08:00:00+00:00
1788163500000,78108.94,78171.43,78048.0,78171.43,31.0192,2026-08-31 08:05:00+00:00
1788163800000,78171.42,78348.88,78148.55,78157.6,48.67274,2026-08-31 08:10:00+00:00
1788164100000,78157.59,78157.6,78068.0,78068.01,30.74524,2026-08-31 08:15:00+00:00
1788164400000,78068.0,78068.01,77982.0,77995.9,43.93707,2026-08-31 08:20:00+00:00
1788164700000,77995.91,78094.0,77984.0,78094.0,55.82915,2026-08-31 08:25:00+00:00
1788165000000,78094.0,78160.0,78077.44,78128.0,38.35242,2026-08-31 08:30:00+00:00
1788165300000,78128.01,78166.66,78128.01,78165.38,88.5886,2026-08-31 08:35:00+00:00
1788165600000,78165.39,78464.0,78152.17,78324.0,107.76924,2026-08-31 08:40:00+00:00
1788165900000,78323.99,78435.19,78320.0,78395.93,39.65703,2026-08-31 08:45:00+00:00
1788166200000,78395.93,78460.28,78343.34,78420.01,41.23024,2026-08-31 08:50:00+00:00
1788166500000,78420.0,78521.89,78420.0,78480.8,212.05347,2026-08-31 08:55:00+00:00
1788166800000,78480.79,78494.0,78402.0,78402.0,91.75236,2026-08-31 09:00:00+00:00
1788167100000,78402.01,78802.0,78396.35,78757.01,127.09595,2026-08-31 09:05:00+00:00
1788167400000,78757.0,78757.01,78586.0,78652.0,45.12769,2026-08-31 09:10:00+00:00
1788167700000,78652.01,78718.64,78596.01,78706.0,52.87779,2026-08-31 09:15:00+00:00
1788168000000,78705.99,78799.78,78678.0,78770.01,47.93654,2026-08-31 09:20:00+00:00
1788168300000,78770.0,78793.75,78652.0,78652.06,58.15899,2026-08-31 09:25:00+00:00
1788168600000,78652.07,78715.96,78648.0,78658.0,31.91519,2026-08-31 09:30:00+00:00
1788168900000,78658.0,78658.01,78597.21,78641.99,30.57263,2026-08-31 09:35:00+00:00
1788169200000,78642.0,78699.26,78614.0,78699.26,43.24824,2026-08-31 09:40:00+00:00
1788169500000,78699.25,78800.0,78666.0,78666.0,43.99126,2026-08-31 09:45:00+00:00
1788169800000,78666.0,78666.01,78564.0,78572.0,26.99532,2026-08-31 09:50:00+00:00
1788170100000,78571.99,78572.0,78511.02,78511.03,25.0949,2026-08-31 09:55:00+00:00
1788170400000,78511.03,78525.39,78416.0,78438.0,51.74771,2026-08-31 10:00:00+00:00
1788170700000,78437.99,78449.0,78316.91,78405.06,55.81013,2026-08-31 10:05:00+00:00
1788171000000,78405.06,78520.0,78372.47,78519.99,43.7029,2026-08-31 10:10:00+00:00
1788171300000,78519.99,78520.0,78402.0,78440.22,28.81433,2026-08-31 10:15:00+00:00
1788171600000,78440.22,78452.0,78403.0,78415.95,27.50531,2026-08-31 10:20:00+00:00
1788171900000,78415.95,78446.65,78403.0,78438.16,11.52861,2026-08-31 10:25:00+00:00
1788172200000,78438.16,78438.16,78376.0,78396.05,18.94035,2026-08-31 10:30:00+00:00
1788172500000,78396.05,78547.38,78396.04,78508.01,74.69344,2026-08-31 10:35:00+00:00
1788172800000,78508.0,78545.83,78472.0,78534.1,91.81123,2026-08-31 10:40:00+00:00
1788173100000,78534.1,78570.0,78514.87,78517.99,51.01947,2026-08-31 10:45:00+00:00
1788173400000,78517.99,78662.25,78510.01,78646.26,32.75073,2026-08-31 10:50:00+00:00
1788173700000,78646.26,78732.0,78646.22,78710.01,88.39413,2026-08-31 10:55:00+00:00
1788174000000,78710.02,78710.02,78590.01,78596.07,48.06801,2026-08-31 11:00:00+00:00
1788174300000,78596.07,78699.98,78567.1,78583.88,60.83701,2026-08-31 11:05:00+00:00
1788174600000,78583.88,78648.97,78583.87,78623.71,27.60579,2026-08-31 11:10:00+00:00
1788174900000,78623.71,78640.01,78540.84,78600.59,47.59437,2026-08-31 11:15:00+00:00
1788175200000,78600.58,78606.03,78552.0,78573.79,31.58753,2026-08-31 11:20:00+00:00
1788175500000,78573.78,78573.79,78472.0,78480.08,30.61635,2026-08-31 11:25:00+00:00
1788175800000,78480.09,78482.97,78439.05,78439.05,30.02784,2026-08-31 11:30:00+00:00
1788176100000,78439.05,78461.15,78402.83,78424.0,54.28013,2026-08-31 11:35:00+00:00
1788176400000,78424.0,78440.47,78356.43,78387.85,63.26151,2026-08-31 11:40:00+00:00
1788176700000,78387.86,78419.86,78350.0,78354.35,33.62121,2026-08-31 11:45:00+00:00
1788177000000,78354.34,78369.99,78302.0,78302.1,19.47738,2026-08-31 11:50:00+00:00
1788177300000,78302.1,78344.0,78302.0,78315.43,35.37859,2026-08-31 11:55:00+00:00
1788177600000,78315.43,78522.85,78276.0,78522.84,53.64637,2026-08-31 12:00:00+00:00
1788177900000,78522.85,78543.86,78378.65,78438.2,67.1466,2026-08-31 12:05:00+00:00
1788178200000,78438.2,78484.14,78401.76,78410.01,48.56264,2026-08-31 12:10:00+00:00
1788178500000,78410.0,78482.0,78340.03,78464.95,39.98816,2026-08-31 12:15:00+00:00
1788178800000,78464.95,78464.95,78240.31,78257.99,70.975,2026-08-31 12:20:00+00:00
1788179100000,78258.0,78258.0,78060.0,78092.01,108.44084,2026-08-31 12:25:00+00:00
1788179400000,78092.0,78132.0,77900.0,78115.63,112.83312,2026-08-31 12:30:00+00:00
1788179700000,78115.64,78158.2,77940.0,77940.0,53.46682,2026-08-31 12:35:00+00:00
1788180000000,77940.0,77947.92,77675.04,77885.56,102.58356,2026-08-31 12:40:00+00:00
1788180300000,77885.55,77912.2,77776.48,77776.49,64.27455,2026-08-31 12:45:00+00:00
1788180600000,77776.49,77908.0,77776.48,77844.0,47.04351,2026-08-31 12:50:00+00:00
1788180900000,77844.0,77930.4,77782.22,77930.39,47.65141,2026-08-31 12:55:00+00:00
1788181200000,77930.4,78200.0,77930.4,78000.01,96.65002,2026-08-31 13:00:00+00:00
1788181500000,78000.01,78085.73,78000.01,78036.01,45.59457,2026-08-31 13:05:00+00:00
1788181800000,78036.01,78103.44,78020.0,78086.55,40.96951,2026-08-31 13:10:00+00:00
1788182100000,78086.55,78086.56,77928.0,77968.66,49.44822,2026-08-31 13:15:00+00:00
1788182400000,77968.67,78066.0,77954.26,78051.99,36.01906,2026-08-31 13:20:00+00:00
1788182700000,78051.99,78055.65,77892.52,78055.64,62.97104,2026-08-31 13:25:00+00:00
1788183000000,78055.65,78233.68,77874.09,78018.0,145.79569,2026-08-31 13:30:00+00:00
1788183300000,78017.99,78200.0,77838.0,78142.01,112.46676,2026-08-31 13:35:00+00:00
1788183600000,78142.01,78282.0,78000.0,78000.0,110.50301,2026-08-31 13:40:00+00:00
1788183900000,78000.01,78060.0,77785.0,77907.83,166.26052,2026-08-31 13:45:00+00:00
1788184200000,77907.83,77966.41,77716.75,77842.62,131.22699,2026-08-31 13:50:00+00:00
1788184500000,77842.62,78003.99,77812.0,77867.39,85.36621,2026-08-31 13:55:00+00:00
1788184800000,77867.39,78050.0,77828.3,77962.0,96.51001,2026-08-31 14:00:00+00:00
1788185100000,77962.0,78072.65,77806.0,77975.17,98.53789,2026-08-31 14:05:00+00:00
1788185400000,77975.18,78002.54,77839.01,77902.01,56.6541,2026-08-31 14:10:00+00:00
1788185700000,77902.01,78018.0,77816.21,78005.52,70.15107,2026-08-31 14:15:00+00:00
1788186000000,78005.52,78080.0,77794.0,77794.01,74.99684,2026-08-31 14:20:00+00:00
1788186300000,77794.0,78030.09,77746.6,78030.08,92.11403,2026-08-31 14:25:00+00:00
1788186600000,78030.08,78145.5,77970.0,77970.01,92.83148,2026-08-31 14:30:00+00:00
1788186900000,77970.0,78228.0,77970.0,78160.0,91.47377,2026-08-31 14:35:00+00:00
1788187200000,78160.0,78686.94,78156.0,78517.19,222.19056,2026-08-31 14:40:00+00:00
1788187500000,78517.18,78601.99,78396.0,78416.16,150.11027,2026-08-31 14:45:00+00:00
1788187800000,78416.16,78482.0,78378.0,78457.12,116.89585,2026-08-31 14:50:00+00:00
1788188100000,78457.11,78657.51,78423.99,78600.14,206.19687,2026-08-31 14:55:00+00:00
1788188400000,78601.93,78695.4,78454.0,78464.0,166.50033,2026-08-31 15:00:00+00:00
1788188700000,78464.01,78577.99,78424.04,78539.7,125.73015,2026-08-31 15:05:00+00:00
1788189000000,78539.7,78539.7,78317.46,78325.59,144.25302,2026-08-31 15:10:00+00:00
1788189300000,78325.59,78416.0,78212.3,78269.21,106.07421,2026-08-31 15:15:00+00:00
1788189600000,78269.22,78397.13,78238.0,78356.53,70.60485,2026-08-31 15:20:00+00:00
1788189900000,78356.53,78543.56,78301.99,78462.94,74.60539,2026-08-31 15:25:00+00:00
1788190200000,78462.94,78610.06,78408.0,78532.52,109.87021,2026-08-31 15:30:00+00:00
1788190500000,78532.52,78588.0,78480.0,78535.99,50.58478,2026-08-31 15:35:00+00:00
1788190800000,78535.99,78777.9,78520.0,78718.0,109.62516,2026-08-31 15:40:00+00:00
1788191100000,78718.01,78770.51,78614.0,78660.0,61.49451,2026-08-31 15:45:00+00:00
1788191400000,78660.0,78670.14,78542.0,78600.0,47.95318,2026-08-31 15:50:00+00:00
1788191700000,78600.01,78621.75,78558.0,78580.42,52.36072,2026-08-31 15:55:00+00:00
1788192000000,78580.43,78710.0,78530.45,78598.0,71.29039,2026-08-31 16:00:00+00:00
1788192300000,78598.0,78650.92,78542.0,78612.0,34.07173,2026-08-31 16:05:00+00:00
1788192600000,78611.99,78794.94,78591.41,78675.99,64.96039,2026-08-31 16:10:00+00:00
1788192900000,78675.98,78752.0,78524.0,78715.99,58.43087,2026-08-31 16:15:00+00:00
1788193200000,78716.0,78716.0,78588.0,78601.99,45.11331,2026-08-31 16:20:00+00:00
1788193500000,78602.0,78670.0,78576.0,78647.2,42.68435,2026-08-31 16:25:00+00:00
1788193800000,78647.2,78718.0,78600.0,78623.93,50.93951,2026-08-31 16:30:00+00:00
1788194100000,78623.93,78671.79,78581.45,78599.19,25.48141,2026-08-31 16:35:00+00:00
1788194400000,78599.19,78766.0,78599.18,78726.0,29.87339,2026-08-31 16:40:00+00:00
1788194700000,78726.0,78748.56,78638.0,78714.84,35.37767,2026-08-31 16:45:00+00:00
1788195000000,78714.84,78756.0,78668.5,78736.0,37.01033,2026-08-31 16:50:00+00:00
1788195300000,78735.99,78884.48,78639.57,78639.57,81.03117,2026-08-31 16:55:00+00:00
1788195600000,78639.57,78734.0,78616.0,78676.34,34.80449,2026-08-31 17:00:00+00:00
1788195900000,78676.34,78752.0,78674.0,78748.99,52.34756,2026-08-31 17:05:00+00:00
1788196200000,78749.0,78808.0,78702.0,78737.22,37.43894,2026-08-31 17:10:00+00:00
1788196500000,78737.23,78743.52,78526.0,78650.0,46.43642,2026-08-31 17:15:00+00:00
1788196800000,78649.99,78670.0,78544.02,78557.1,31.68953,2026-08-31 17:20:00+00:00
1788197100000,78557.1,78581.81,78494.0,78534.26,38.76416,2026-08-31 17:25:00+00:00
1788197400000,78534.25,78644.0,78534.25,78619.34,21.6505,2026-08-31 17:30:00+00:00
1788197700000,78619.35,78790.0,78592.0,78789.99,64.65674,2026-08-31 17:35:00+00:00
1788198000000,78790.0,79019.86,78789.99,78911.33,133.43632,2026-08-31 17:40:00+00:00
1788198300000,78911.34,78951.12,78840.68,78850.69,49.74017,2026-08-31 17:45:00+00:00
1788198600000,78850.69,78960.0,78850.69,78921.99,54.05644,2026-08-31 17:50:00+00:00
1788198900000,78921.99,78947.39,78881.12,78897.36,39.67725,2026-08-31 17:55:00+00:00
1788199200000,78897.35,78897.35,78804.0,78807.04,20.42396,2026-08-31 18:00:00+00:00
1788199500000,78807.04,78859.61,78779.24,78848.0,16.93474,2026-08-31 18:05:00+00:00
1788199800000,78848.0,78956.93,78829.96,78956.93,27.88676,2026-08-31 18:10:00+00:00
1788200100000,78956.92,79087.38,78936.0,79046.0,67.36703,2026-08-31 18:15:00+00:00
1788200400000,79045.99,79046.0,78890.0,78894.38,32.30583,2026-08-31 18:20:00+00:00
1788200700000,78894.38,78936.0,78844.03,78908.0,29.24798,2026-08-31 18:25:00+00:00
1788201000000,78908.0,78939.05,78885.59,78897.35,20.73925,2026-08-31 18:30:00+00:00
1788201300000,78897.35,79043.2,78897.34,78998.0,40.50986,2026-08-31 18:35:00+00:00
1788201600000,78997.99,79212.0,78982.0,79188.07,85.16642,2026-08-31 18:40:00+00:00
1788201900000,79188.08,79188.08,79018.01,79084.0,76.30156,2026-08-31 18:45:00+00:00
1788202200000,79084.01,79084.01,79006.0,79010.0,26.85476,2026-08-31 18:50:00+00:00
1788202500000,79010.0,79058.28,78992.49,79016.0,29.77776,2026-08-31 18:55:00+00:00
1788202800000,79016.01,79091.27,79016.0,79072.0,22.27959,2026-08-31 19:00:00+00:00
1788203100000,79071.99,79229.01,79058.53,79214.0,49.97687,2026-08-31 19:05:00+00:00
1788203400000,79214.01,79250.0,79152.0,79188.08,57.32585,2026-08-31 19:10:00+00:00
1788203700000,79188.08,79188.08,79058.62,79065.33,39.99254,2026-08-31 19:15:00+00:00
1788204000000,79065.32,79106.0,79040.02,79078.48,31.36891,2026-08-31 19:20:00+00:00
1788204300000,79078.48,79112.0,79025.0,79090.01,16.99409,2026-08-31 19:25:00+00:00
1788204600000,79090.01,79132.16,79029.51,79087.99,41.44983,2026-08-31 19:30:00+00:00
1788204900000,79087.99,79140.0,79056.0,79056.01,24.36325,2026-08-31 19:35:00+00:00
1788205200000,79056.0,79056.01,78930.0,78981.99,35.24469,2026-08-31 19:40:00+00:00
1788205500000,78981.99,79056.0,78958.0,79056.0,27.24369,2026-08-31 19:45:00+00:00
1788205800000,79056.0,79100.0,78888.0,78915.27,34.27125,2026-08-31 19:50:00+00:00
1788206100000,78915.28,78956.0,78851.93,78898.06,42.95279,2026-08-31 19:55:00+00:00
1788206400000,78898.06,78966.0,78864.0,78892.03,37.11516,2026-08-31 20:00:00+00:00
1788206700000,78892.04,78966.0,78872.01,78946.0,22.64604,2026-08-31 20:05:00+00:00
1788207000000,78945.99,78960.51,78924.0,78960.51,11.6618,2026-08-31 20:10:00+00:00
1788207300000,78960.51,79084.0,78954.07,79083.99,42.00484,2026-08-31 20:15:00+00:00
1788207600000,79083.99,79172.0,79016.01,79016.02,42.08825,2026-08-31 20:20:00+00:00
1788207900000,79016.01,79016.02,78923.07,78923.08,20.71361,2026-08-31 20:25:00+00:00
1788208200000,78923.07,78950.0,78824.93,78838.01,29.179,2026-08-31 20:30:00+00:00
1788208500000,78838.0,78853.29,78784.32,78808.0,30.85529,2026-08-31 20:35:00+00:00
1788208800000,78808.0,78916.0,78808.0,78883.68,25.88562,2026-08-31 20:40:00+00:00
1788209100000,78883.69,78907.98,78840.0,78840.0,29.01944,2026-08-31 20:45:00+00:00
1788209400000,78840.0,78904.01,78832.0,78899.68,32.19337,2026-08-31 20:50:00+00:00
1788209700000,78899.68,78920.21,78858.0,78864.72,43.32099,2026-08-31 20:55:00+00:00
1788210000000,78864.73,78864.73,78784.64,78826.9,44.71353,2026-08-31 21:00:00+00:00
1788210300000,78826.9,78890.87,78732.22,78890.86,54.07519,2026-08-31 21:05:00+00:00
1788210600000,78890.86,78890.87,78818.11,78838.0,28.05802,2026-08-31 21:10:00+00:00
1788210900000,78838.0,78858.0,78817.01,78819.58,32.43039,2026-08-31 21:15:00+00:00
1788211200000,78819.58,78862.0,78819.58,78860.02,25.7094,2026-08-31 21:20:00+00:00
1788211500000,78860.02,78964.0,78836.1,78960.38,41.47347,2026-08-31 21:25:00+00:00
1788211800000,78960.39,79030.09,78960.39,79030.09,29.85593,2026-08-31 21:30:00+00:00
1788212100000,79030.08,79066.32,79014.0,79014.01,37.26431,2026-08-31 21:35:00+00:00
1788212400000,79014.01,79054.0,79014.01,79054.0,23.07598,2026-08-31 21:40:00+00:00
1788212700000,79054.0,79071.12,79001.04,79001.04,27.42191,2026-08-31 21:45:00+00:00
1788213000000,79001.04,79022.0,78976.87,78993.17,33.13295,2026-08-31 21:50:00+00:00
1788213300000,78993.18,78993.18,78958.0,78964.32,27.50005,2026-08-31 21:55:00+00:00
1788213600000,78964.33,79015.83,78913.57,78917.98,31.24223,2026-08-31 22:00:00+00:00
1788213900000,78917.98,78985.28,78917.98,78973.75,20.5286,2026-08-31 22:05:00+00:00
1788214200000,78973.75,78973.75,78894.0,78894.0,37.11959,2026-08-31 22:10:00+00:00
1788214500000,78894.01,78894.01,78810.0,78811.23,27.23208,2026-08-31 22:15:00+00:00
1788214800000,78811.24,78812.51,78773.26,78786.01,27.40147,2026-08-31 22:20:00+00:00
1788215100000,78786.0,78786.01,78746.56,78761.92,22.68842,2026-08-31 22:25:00+00:00
1788215400000,78761.91,78769.0,78696.0,78732.0,29.97585,2026-08-31 22:30:00+00:00
1788215700000,78731.99,78732.0,78672.27,78700.01,33.35149,2026-08-31 22:35:00+00:00
1788216000000,78700.0,78700.41,78654.72,78665.36,27.41395,2026-08-31 22:40:00+00:00
1788216300000,78665.37,78665.37,78589.46,78589.47,34.52385,2026-08-31 22:45:00+00:00
1788216600000,78589.47,78645.99,78579.3,78629.39,31.9924,2026-08-31 22:50:00+00:00
1788216900000,78629.39,78629.39,78589.86,78593.15,22.7432,2026-08-31 22:55:00+00:00
1788217200000,78593.15,78593.16,78405.01,78444.0,67.3165,2026-08-31 23:00:00+00:00
1788217500000,78444.0,78507.26,78443.99,78507.26,30.92859,2026-08-31 23:05:00+00:00
1788217800000,78507.25,78507.26,78438.0,78457.56,24.40568,2026-08-31 23:10:00+00:00
1788218100000,78457.57,78560.0,78457.56,78560.0,25.26647,2026-08-31 23:15:00+00:00
1788218400000,78560.0,78568.79,78538.77,78548.63,20.55793,2026-08-31 23:20:00+00:00
1788218700000,78548.63,78593.61,78548.62,78580.57,28.21295,2026-08-31 23:25:00+00:00
1788219000000,78580.57,78580.58,78528.14,78542.87,23.29237,2026-08-31 23:30:00+00:00
1788219300000,78542.87,78566.0,78504.6,78559.99,37.78594,2026-08-31 23:35:00+00:00
1788219600000,78560.0,78586.0,78556.0,78559.41,39.22136,2026-08-31 23:40:00+00:00
1788219900000,78559.42,78570.0,78554.0,78555.31,18.69701,2026-08-31 23:45:00+00:00
1788220200000,78555.31,78582.0,78550.3,78556.54,30.48696,2026-08-31 23:50:00+00:00
1788220500000,78556.54,78581.3,78556.53,78581.29,30.37089,2026-08-31 23:55:00+00:00
1788220800000,78581.3,78640.18,78562.0,78640.17,37.65481,2026-09-01 00:00:00+00:00
1788221100000,78640.17,78720.0,78625.98,78720.0,34.1147,2026-09-01 00:05:00+00:00
1788221400000,78720.0,78796.51,78716.03,78754.74,68.68702,2026-09-01 00:10:00+00:00
1788221700000,78754.73,78839.03,78742.42,78811.03,35.67516,2026-09-01 00:15:00+00:00
1788222000000,78811.03,78858.88,78811.02,78847.71,34.78656,2026-09-01 00:20:00+00:00
1788222300000,78847.71,78900.01,78847.7,78872.73,34.45805,2026-09-01 00:25:00+00:00
1788222600000,78872.73,78891.93,78740.01,78809.62,58.19522,2026-09-01 00:30:00+00:00
1788222900000,78809.61,78821.99,78710.0,78710.0,44.31483,2026-09-01 00:35:00+00:00
1788223200000,78710.01,78746.0,78678.0,78707.98,45.82583,2026-09-01 00:40:00+00:00
1788223500000,78707.97,78808.0,78707.97,78807.99,27.0158,2026-09-01 00:45:00+00:00
1788223800000,78808.0,78808.0,78644.87,78653.75,53.2466,2026-09-01 00:50:00+00:00
1788224100000,78653.75,78653.75,78584.0,78652.0,48.73455,2026-09-01 00:55:00+00:00
1788224400000,78652.0,78761.93,78651.99,78706.81,34.14403,2026-09-01 01:00:00+00:00
1788224700000,78706.81,78797.99,78664.01,78699.77,57.97343,2026-09-01 01:05:00+00:00
1788225000000,78699.77,78699.77,78530.0,78545.83,40.80313,2026-09-01 01:10:00+00:00
1788225300000,78545.83,78640.18,78506.0,78624.61,48.32313,2026-09-01 01:15:00+00:00
1788225600000,78624.6,78643.46,78588.0,78588.01,27.99805,2026-09-01 01:20:00+00:00
1788225900000,78588.01,78588.01,78412.7,78421.38,55.73276,2026-09-01 01:25:00+00:00
1788226200000,78421.38,78477.68,78375.83,78477.67,55.22537,2026-09-01 01:30:00+00:00
1788226500000,78477.68,78556.0,78466.05,78539.78,28.58653,2026-09-01 01:35:00+00:00
1788226800000,78539.77,78585.01,78531.98,78575.99,11.58129,2026-09-01 01:40:00+00:00
1788227100000,78575.99,78576.0,78492.0,78518.42,23.35077,2026-09-01 01:45:00+00:00
1788227400000,78518.43,78526.29,78422.13,78441.82,24.50369,2026-09-01 01:50:00+00:00
1788227700000,78441.82,78441.82,78388.0,78410.62,32.72212,2026-09-01 01:55:00+00:00
1788228000000,78410.62,78410.62,78275.25,78324.02,42.11436,2026-09-01 02:00:00+00:00
1788228300000,78324.01,78376.0,78282.0,78315.17,38.83941,2026-09-01 02:05:00+00:00
1788228600000,78315.16,78316.43,78189.93,78293.99,70.86261,2026-09-01 02:10:00+00:00
1788228900000,78293.99,78300.0,78208.0,78281.99,41.57415,2026-09-01 02:15:00+00:00
1788229200000,78281.99,78329.62,78252.0,78329.62,42.36896,2026-09-01 02:20:00+00:00
1788229500000,78329.62,78329.62,78200.01,78215.99,63.02758,2026-09-01 02:25:00+00:00
1788229800000,78215.99,78400.0,78215.99,78375.26,61.89735,2026-09-01 02:30:00+00:00
1788230100000,78375.26,78407.28,78326.32,78339.65,28.04172,2026-09-01 02:35:00+00:00
1788230400000,78339.65,78383.35,78334.0,78362.0,34.51571,2026-09-01 02:40:00+00:00
1788230700000,78362.0,78436.36,78340.91,78416.02,18.13337,2026-09-01 02:45:00+00:00
1788231000000,78416.02,78436.36,78400.0,78417.78,45.2747,2026-09-01 02:50:00+00:00
1788231300000,78417.78,78457.55,78417.77,78449.99,38.24501,2026-09-01 02:55:00+00:00
1788231600000,78449.99,78480.0,78441.6,78479.99,19.80497,2026-09-01 03:00:00+00:00
1788231900000,78479.99,78490.0,78441.66,78449.46,11.70499,2026-09-01 03:05:00+00:00
1788232200000,78449.46,78500.0,78406.29,78430.86,40.77176,2026-09-01 03:10:00+00:00
1788232500000,78430.86,78505.97,78430.85,78505.97,14.56916,2026-09-01 03:15:00+00:00
1788232800000,78505.97,78506.01,78444.01,78445.0,11.61889,2026-09-01 03:20:00+00:00
1788233100000,78444.99,78481.84,78400.18,78477.87,21.18392,2026-09-01 03:25:00+00:00
1788233400000,78477.87,78746.05,78477.87,78730.01,47.0558,2026-09-01 03:30:00+00:00
1788233700000,78730.0,78874.0,78724.0,78847.86,66.70873,2026-09-01 03:35:00+00:00
1788234000000,78847.86,78858.0,78792.9,78792.91,125.17951,2026-09-01 03:40:00+00:00
1788234300000,78792.9,78794.0,78673.57,78716.0,143.44021,2026-09-01 03:45:00+00:00
1788234600000,78716.0,78736.2,78682.27,78690.63,25.82085,2026-09-01 03:50:00+00:00
1788234900000,78690.62,78690.63,78670.95,78679.01,14.34761,2026-09-01 03:55:00+00:00
1788235200000,78679.01,78745.57,78679.0,78690.01,16.25472,2026-09-01 04:00:00+00:00
1788235500000,78690.01,78768.0,78672.21,78768.0,19.93364,2026-09-01 04:05:00+00:00
1788235800000,78768.0,78800.0,78653.96,78672.6,115.23311,2026-09-01 04:10:00+00:00
1788236100000,78672.6,78764.44,78672.59,78728.45,15.62172,2026-09-01 04:15:00+00:00
1788236400000,78728.46,78806.52,78723.55,78806.52,16.33862,2026-09-01 04:20:00+00:00
1788236700000,78806.52,78915.09,78806.51,78829.54,56.37873,2026-09-01 04:25:00+00:00
1788237000000,78829.53,78853.45,78746.0,78755.19,17.92087,2026-09-01 04:30:00+00:00
1788237300000,78755.2,78755.2,78719.24,78730.11,27.10798,2026-09-01 04:35:00+00:00
1788237600000,78730.12,78746.38,78708.07,78720.01,11.1007,2026-09-01 04:40:00+00:00
1788237900000,78720.01,78778.0,78719.96,78778.0,11.56023,2026-09-01 04:45:00+00:00
1788238200000,78777.99,78778.0,78700.0,78740.0,21.47565,2026-09-01 04:50:00+00:00
1788238500000,78739.99,78761.69,78683.88,78727.11,115.20051,2026-09-01 04:55:00+00:00
1788238800000,78727.11,78908.0,78727.11,78907.99,38.44456,2026-09-01 05:00:00+00:00
1788239100000,78907.99,78970.82,78874.0,78931.16,52.63678,2026-09-01 05:05:00+00:00
1788239400000,78931.15,78931.16,78843.62,78858.76,22.80139,2026-09-01 05:10:00+00:00
1788239700000,78858.76,78900.0,78843.62,78843.63,34.95887,2026-09-01 05:15:00+00:00
1788240000000,78843.63,78843.63,78792.0,78812.0,30.25641,2026-09-01 05:20:00+00:00
1788240300000,78812.0,79000.0,78811.99,78993.19,54.13438,2026-09-01 05:25:00+00:00
1788240600000,78993.19,79080.89,78968.78,79072.53,76.89185,2026-09-01 05:30:00+00:00
1788240900000,79072.53,79138.45,79052.0,79098.0,40.98977,2026-09-01 05:35:00+00:00
1788241200000,79098.0,79177.18,79036.0,79167.51,61.77662,2026-09-01 05:40:00+00:00
1788241500000,79167.5,79188.08,79091.96,79184.27,42.35712,2026-09-01 05:45:00+00:00
1788241800000,79184.28,79197.03,79096.01,79197.02,37.05276,2026-09-01 05:50:00+00:00
1788242100000,79197.02,79220.61,79142.0,79179.99,54.6627,2026-09-01 05:55:00+00:00
1788242400000,79179.99,79179.99,79081.29,79102.46,44.19452,2026-09-01 06:00:00+00:00
1788242700000,79102.46,79107.19,78974.0,79002.0,42.40776,2026-09-01 06:05:00+00:00
1788243000000,79001.99,79030.64,78989.69,79030.64,38.39231,2026-09-01 06:10:00+00:00
1788243300000,79030.64,79030.64,78899.31,78899.4,44.1285,2026-09-01 06:15:00+00:00
1788243600000,78899.4,78921.99,78842.33,78842.34,31.44876,2026-09-01 06:20:00+00:00
1788243900000,78842.34,78919.99,78821.67,78897.64,52.97831,2026-09-01 06:25:00+00:00
1788244200000,78897.64,78944.57,78897.63,78934.31,24.56172,2026-09-01 06:30:00+00:00
1788244500000,78934.31,78950.34,78867.88,78924.68,43.47921,2026-09-01 06:35:00+00:00
1788244800000,78924.68,78924.68,78865.44,78878.0,39.10041,2026-09-01 06:40:00+00:00
1788245100000,78878.0,78886.45,78787.71,78838.26,56.74359,2026-09-01 06:45:00+00:00
1788245400000,78838.25,78853.0,78793.88,78802.87,25.03578,2026-09-01 06:50:00+00:00
1788245700000,78802.86,78802.87,78745.38,78745.39,22.23449,2026-09-01 06:55:00+00:00
1788246000000,78745.39,78798.0,78722.04,78795.35,33.70466,2026-09-01 07:00:00+00:00
1788246300000,78795.36,78806.0,78758.64,78775.25,22.3543,2026-09-01 07:05:00+00:00
1788246600000,78775.25,78775.26,78718.6,78724.46,18.99129,2026-09-01 07:10:00+00:00
1788246900000,78724.46,78776.0,78724.45,78776.0,23.14865,2026-09-01 07:15:00+00:00
1788247200000,78776.0,78793.99,78746.95,78764.02,13.29216,2026-09-01 07:20:00+00:00
1788247500000,78764.01,78797.53,78707.42,78781.5,27.17497,2026-09-01 07:25:00+00:00
1788247800000,78781.5,78790.01,78759.41,78787.94,25.1485,2026-09-01 07:30:00+00:00
1788248100000,78787.94,78796.0,78550.97,78568.01,105.31751,2026-09-01 07:35:00+00:00
1788248400000,78568.0,78634.0,78500.0,78622.71,67.62086,2026-09-01 07:40:00+00:00
1788248700000,78622.71,78666.03,78594.0,78653.55,24.56155,2026-09-01 07:45:00+00:00
1788249000000,78653.55,78686.0,78639.13,78650.01,21.41761,2026-09-01 07:50:00+00:00
1788249300000,78650.0,78680.79,78616.18,78632.37,22.98094,2026-09-01 07:55:00+00:00
1788249600000,78632.37,78658.01,78552.0,78578.0,34.85358,2026-09-01 08:00:00+00:00
1788249900000,78578.01,78625.59,78296.0,78304.4,97.79976,2026-09-01 08:05:00+00:00
1788250200000,78304.39,78349.05,78272.72,78309.99,38.6042,2026-09-01 08:10:00+00:00
1788250500000,78309.99,78338.5,78123.09,78225.54,80.34903,2026-09-01 08:15:00+00:00
1788250800000,78225.54,78296.0,78107.02,78107.02,61.57144,2026-09-01 08:20:00+00:00
1788251100000,78107.01,78146.01,77870.5,77888.0,182.25644,2026-09-01 08:25:00+00:00
1788251400000,77887.99,78008.0,77835.77,78004.45,130.27841,2026-09-01 08:30:00+00:00
1788251700000,78004.46,78052.64,77950.78,77956.08,69.72476,2026-09-01 08:35:00+00:00
1788252000000,77956.08,77985.0,77865.0,77979.87,69.13345,2026-09-01 08:40:00+00:00
1788252300000,77979.87,78040.0,77896.0,77932.0,72.15133,2026-09-01 08:45:00+00:00
1788252600000,77931.99,77958.0,77820.0,77907.14,67.01699,2026-09-01 08:50:00+00:00
1788252900000,77907.13,77946.0,77880.0,77883.28,35.37126,2026-09-01 08:55:00+00:00
1788253200000,77883.28,77928.22,77801.0,77886.25,62.93511,2026-09-01 09:00:00+00:00
1788253500000,77886.26,77914.89,77786.18,77883.98,76.34675,2026-09-01 09:05:00+00:00
1788253800000,77883.97,77903.24,77827.27,77827.28,43.87087,2026-09-01 09:10:00+00:00
1788254100000,77827.27,77885.99,77804.07,77853.59,91.21143,2026-09-01 09:15:00+00:00
1788254400000,77853.59,77975.82,77850.11,77975.82,104.01598,2026-09-01 09:20:00+00:00
1788254700000,77975.82,77977.61,77922.0,77931.29,122.92737,2026-09-01 09:25:00+00:00
1788255000000,77931.3,77967.87,77897.38,77957.57,109.94347,2026-09-01 09:30:00+00:00
1788255300000,77957.57,77964.23,77852.04,77919.13,65.67177,2026-09-01 09:35:00+00:00
1788255600000,77919.13,78062.24,77919.12,78062.24,104.62742,2026-09-01 09:40:00+00:00
1788255900000,78062.23,78062.24,77944.0,77944.0,99.13471,2026-09-01 09:45:00+00:00
1788256200000,77944.01,77988.43,77931.54,77931.55,41.19186,2026-09-01 09:50:00+00:00
1788256500000,77931.54,77953.72,77910.0,77915.0,29.46571,2026-09-01 09:55:00+00:00
1788256800000,77915.0,77999.16,77901.0,77925.8,21.92232,2026-09-01 10:00:00+00:00
1788257100000,77925.81,77951.33,77856.54,77860.01,30.9345,2026-09-01 10:05:00+00:00
1788257400000,77860.01,77981.44,77806.0,77881.88,59.3168,2026-09-01 10:10:00+00:00
1788257700000,77881.88,77910.0,77758.69,77876.0,58.54543,2026-09-01 10:15:00+00:00
1788258000000,77876.0,78021.99,77875.99,78021.99,37.30308,2026-09-01 10:20:00+00:00
1788258300000,78021.98,78048.0,77960.0,78005.85,27.357,2026-09-01 10:25:00+00:00
1788258600000,78005.85,78170.66,78005.84,78099.03,43.34773,2026-09-01 10:30:00+00:00
1788258900000,78099.03,78188.68,78048.0,78187.42,41.93106,2026-09-01 10:35:00+00:00
1788259200000,78187.41,78196.0,78123.43,78136.01,32.0165,2026-09-01 10:40:00+00:00
1788259500000,78136.01,78174.29,78070.0,78070.01,29.76996,2026-09-01 10:45:00+00:00
1788259800000,78070.01,78089.45,77994.01,78009.81,18.50038,2026-09-01 10:50:00+00:00
1788260100000,78009.8,78042.43,77987.49,78029.67,22.99679,2026-09-01 10:55:00+00:00
1788260400000,78029.67,78054.0,77922.79,78042.43,30.54128,2026-09-01 11:00:00+00:00
1788260700000,78042.43,78051.67,77934.0,77975.97,38.48122,2026-09-01 11:05:00+00:00
1788261000000,77975.97,77999.5,77972.27,77989.14,13.86945,2026-09-01 11:10:00+00:00
1788261300000,77989.14,78023.86,77989.13,77996.56,19.97854,2026-09-01 11:15:00+00:00
1788261600000,77996.56,77996.56,77890.0,77970.52,37.19419,2026-09-01 11:20:00+00:00
1788261900000,77970.53,78009.63,77951.09,78009.12,19.32105,2026-09-01 11:25:00+00:00
1788262200000,78009.12,78090.0,77958.0,78068.01,36.68433,2026-09-01 11:30:00+00:00
1788262500000,78068.01,78180.0,78068.01,78180.0,29.99229,2026-09-01 11:35:00+00:00
1788262800000,78179.99,78202.52,78101.52,78106.55,34.0882,2026-09-01 11:40:00+00:00
1788263100000,78106.54,78149.26,78098.98,78100.01,27.89563,2026-09-01 11:45:00+00:00
1788263400000,78100.01,78198.65,78100.0,78168.0,20.47764,2026-09-01 11:50:00+00:00
1788263700000,78168.01,78168.01,78056.72,78098.97,28.9235,2026-09-01 11:55:00+00:00
1788264000000,78098.96,78098.97,77954.0,78028.73,43.891,2026-09-01 12:00:00+00:00
1788264300000,78028.72,78156.0,78000.0,78084.7,29.75811,2026-09-01 12:05:00+00:00
1788264600000,78084.7,78144.19,78021.99,78031.99,24.73358,2026-09-01 12:10:00+00:00
1788264900000,78032.0,78100.96,77969.93,77969.94,25.21588,2026-09-01 12:15:00+00:00
1788265200000,77969.93,78020.0,77913.86,77962.89,49.17262,2026-09-01 12:20:00+00:00
1788265500000,77962.88,78043.92,77962.88,77994.01,21.46074,2026-09-01 12:25:00+00:00
1788265800000,77994.0,77994.01,77850.01,77886.35,31.45131,2026-09-01 12:30:00+00:00
1788266100000,77886.34,77913.81,77742.01,77818.01,85.73557,2026-09-01 12:35:00+00:00
1788266400000,77818.01,77970.53,77744.0,77970.53,47.19846,2026-09-01 12:40:00+00:00
1788266700000,77970.52,78074.68,77928.48,77996.98,34.85842,2026-09-01 12:45:00+00:00
1788267000000,77996.99,78062.63,77986.0,78013.75,40.86455,2026-09-01 12:50:00+00:00
1788267300000,78013.75,78045.0,78002.0,78004.0,40.11602,2026-09-01 12:55:00+00:00
1788267600000,78004.01,78016.01,77834.0,77850.43,51.35771,2026-09-01 13:00:00+00:00
1788267900000,77850.43,77910.0,77515.07,77738.0,227.42115,2026-09-01 13:05:00+00:00
1788268200000,77738.0,77918.8,77738.0,77818.91,55.61136,2026-09-01 13:10:00+00:00
1788268500000,77818.9,77893.38,77750.94,77806.0,47.86633,2026-09-01 13:15:00+00:00
1788268800000,77806.0,77838.64,77756.0,77769.09,42.25661,2026-09-01 13:20:00+00:00
1788269100000,77769.08,77897.69,77732.0,77888.39,50.85238,2026-09-01 13:25:00+00:00
1788269400000,77888.39,78038.8,77800.0,77820.61,136.83893,2026-09-01 13:30:00+00:00
1788269700000,77820.6,77854.0,77555.0,77634.32,163.87237,2026-09-01 13:35:00+00:00
1788270000000,77634.33,77957.92,77510.0,77924.0,210.77614,2026-09-01 13:40:00+00:00
1788270300000,77924.01,78138.42,77858.43,78100.74,166.98302,2026-09-01 13:45:00+00:00
1788270600000,78100.74,78202.0,78000.0,78043.13,94.29089,2026-09-01 13:50:00+00:00
1788270900000,78043.13,78072.0,77988.0,78071.99,37.08565,2026-09-01 13:55:00+00:00
1788271200000,78072.0,78296.0,78052.0,78138.0,116.56977,2026-09-01 14:00:00+00:00
1788271500000,78137.99,78420.0,78119.46,78366.01,110.61689,2026-09-01 14:05:00+00:00
1788271800000,78366.01,78381.47,78210.0,78269.11,41.62501,2026-09-01 14:10:00+00:00
1788272100000,78269.1,78364.0,78169.36,78208.0,97.83441,2026-09-01 14:15:00+00:00
1788272400000,78208.01,78289.99,78147.16,78289.99,78.47291,2026-09-01 14:20:00+00:00
1788272700000,78289.98,78411.8,78246.0,78262.15,63.32725,2026-09-01 14:25:00+00:00
1788273000000,78262.14,78361.82,78232.36,78350.89,37.18774,2026-09-01 14:30:00+00:00
1788273300000,78350.9,78405.0,78312.01,78332.55,44.03152,2026-09-01 14:35:00+00:00
1788273600000,78332.55,78400.0,78286.0,78399.99,54.16018,2026-09-01 14:40:00+00:00
1788273900000,78400.0,78424.0,78318.0,78318.0,49.75657,2026-09-01 14:45:00+00:00
1788274200000,78318.0,78346.0,78268.0,78284.74,37.51784,2026-09-01 14:50:00+00:00
1788274500000,78284.75,78284.75,78144.0,78167.99,69.45574,2026-09-01 14:55:00+00:00
1788274800000,78168.0,78169.69,77817.32,77844.59,114.92079,2026-09-01 15:00:00+00:00
1788275100000,77844.59,77894.0,77768.0,77792.01,83.88847,2026-09-01 15:05:00+00:00
1788275400000,77792.0,77840.02,77727.61,77826.25,60.51142,2026-09-01 15:10:00+00:00
1788275700000,77826.24,77870.0,77762.11,77822.0,42.59384,2026-09-01 15:15:00+00:00
1788276000000,77822.0,77886.0,77809.01,77853.02,35.34591,2026-09-01 15:20:00+00:00
1788276300000,77853.03,77874.25,77808.0,77869.21,25.6143,2026-09-01 15:25:00+00:00
1788276600000,77869.22,77944.0,77811.73,77913.6,43.43539,2026-09-01 15:30:00+00:00
1788276900000,77913.59,77958.19,77895.53,77914.58,32.84742,2026-09-01 15:35:00+00:00
1788277200000,77914.58,78023.12,77914.5,78018.45,37.93794,2026-09-01 15:40:00+00:00
1788277500000,78018.44,78062.43,77962.3,78062.43,25.79353,2026-09-01 15:45:00+00:00
1788277800000,78062.43,78104.0,78005.81,78007.79,39.18646,2026-09-01 15:50:00+00:00
1788278100000,78007.8,78033.34,77918.96,77919.06,18.03061,2026-09-01 15:55:00+00:00
1788278400000,77919.07,77946.0,77836.0,77909.64,34.11767,2026-09-01 16:00:00+00:00
1788278700000,77909.65,77976.0,77802.0,77802.01,29.03027,2026-09-01 16:05:00+00:00
1788279000000,77802.0,77844.0,77647.45,77668.9,57.71726,2026-09-01 16:10:00+00:00
1788279300000,77668.89,77746.61,77555.06,77608.87,61.42439,2026-09-01 16:15:00+00:00
1788279600000,77608.87,77608.87,77468.0,77506.78,115.70623,2026-09-01 16:20:00+00:00
1788279900000,77506.77,77681.31,77506.77,77623.13,51.81986,2026-09-01 16:25:00+00:00
1788280200000,77623.12,77623.13,77500.0,77500.0,47.78462,2026-09-01 16:30:00+00:00
1788280500000,77500.0,77583.33,77318.0,77570.71,140.36795,2026-09-01 16:35:00+00:00
1788280800000,77570.72,77600.0,77432.0,77443.01,68.70868,2026-09-01 16:40:00+00:00
1788281100000,77443.01,77597.2,77430.57,77586.0,38.05581,2026-09-01 16:45:00+00:00
1788281400000,77586.0,77631.99,77551.79,77631.98,24.17135,2026-09-01 16:50:00+00:00
1788281700000,77631.98,77652.0,77582.24,77596.01,23.33424,2026-09-01 16:55:00+00:00
1788282000000,77596.01,77652.0,77574.23,77580.01,31.18448,2026-09-01 17:00:00+00:00
1788282300000,77580.0,77593.95,77526.2,77559.24,29.11726,2026-09-01 17:05:00+00:00
1788282600000,77559.23,77559.24,77504.73,77523.04,20.3999,2026-09-01 17:10:00+00:00
1788282900000,77523.04,77550.0,77416.83,77550.0,40.42269,2026-09-01 17:15:00+00:00
1788283200000,77550.0,77620.0,77550.0,77572.94,31.45471,2026-09-01 17:20:00+00:00
1788283500000,77572.94,77572.94,77456.17,77513.92,57.32704,2026-09-01 17:25:00+00:00
1788283800000,77513.93,77721.26,77508.33,77676.0,51.19762,2026-09-01 17:30:00+00:00
1788284100000,77676.0,77683.92,77592.61,77592.62,19.46496,2026-09-01 17:35:00+00:00
1788284400000,77592.61,77624.6,77520.0,77520.0,28.97134,2026-09-01 17:40:00+00:00
1788284700000,77520.0,77520.01,77342.61,77430.52,86.06611,2026-09-01 17:45:00+00:00
1788285000000,77430.52,77458.0,77346.0,77369.29,32.45887,2026-09-01 17:50:00+00:00
1788285300000,77369.29,77376.0,77241.12,77265.79,56.69706,2026-09-01 17:55:00+00:00
1788285600000,77265.79,77319.64,77190.23,77250.14,75.53636,2026-09-01 18:00:00+00:00
1788285900000,77250.13,77269.9,77141.09,77149.56,44.6221,2026-09-01 18:05:00+00:00
1788286200000,77149.55,77228.0,77142.33,77224.15,43.0401,2026-09-01 18:10:00+00:00
1788286500000,77224.16,77248.0,77086.0,77086.57,87.69986,2026-09-01 18:15:00+00:00
1788286800000,77086.56,77153.92,77072.0,77110.7,59.01549,2026-09-01 18:20:00+00:00
1788287100000,77110.7,77125.41,76737.0,77057.21,383.56223,2026-09-01 18:25:00+00:00
1788287400000,77057.21,77122.0,76916.05,76939.55,128.31393,2026-09-01 18:30:00+00:00
1788287700000,76939.55,76949.98,76611.79,76686.48,199.05508,2026-09-01 18:35:00+00:00
1788288000000,76686.49,76793.6,76577.0,76577.01,111.32774,2026-09-01 18:40:00+00:00
1788288300000,76577.0,76785.55,76420.0,76782.91,216.2831,2026-09-01 18:45:00+00:00
1788288600000,76782.92,76974.0,76774.71,76938.83,67.70924,2026-09-01 18:50:00+00:00
1788288900000,76938.83,77157.52,76924.0,77153.9,69.73312,2026-09-01 18:55:00+00:00
1788289200000,77153.89,77298.0,77112.0,77297.99,83.1119,2026-09-01 19:00:00+00:00
1788289500000,77298.0,77306.22,77150.0,77184.46,33.28821,2026-09-01 19:05:00+00:00
1788289800000,77184.45,77245.81,77171.85,77204.16,36.0693,2026-09-01 19:10:00+00:00
1788290100000,77204.16,77296.0,77138.0,77227.01,32.34374,2026-09-01 19:15:00+00:00
1788290400000,77227.01,77425.99,77227.0,77328.94,50.79372,2026-09-01 19:20:00+00:00
1788290700000,77330.0,77466.55,77329.99,77362.45,38.21217,2026-09-01 19:25:00+00:00
1788291000000,77362.45,77385.53,77318.0,77334.78,47.62483,2026-09-01 19:30:00+00:00
1788291300000,77334.77,77369.69,77298.0,77308.01,33.85173,2026-09-01 19:35:00+00:00
1788291600000,77308.0,77361.99,77302.0,77309.79,13.53163,2026-09-01 19:40:00+00:00
1788291900000,77309.79,77332.0,77265.04,77299.99,31.70245,2026-09-01 19:45:00+00:00
1788292200000,77300.0,77312.38,77200.0,77206.8,16.73877,2026-09-01 19:50:00+00:00
1788292500000,77206.79,77312.0,77206.79,77312.0,27.77423,2026-09-01 19:55:00+00:00
1788292800000,77312.0,77346.0,77236.48,77300.0,25.49603,2026-09-01 20:00:00+00:00
1788293100000,77300.0,77395.76,77276.61,77276.61,32.60379,2026-09-01 20:05:00+00:00
1788293400000,77276.62,77425.99,77276.61,77425.99,27.56149,2026-09-01 20:10:00+00:00
1788293700000,77425.99,77469.87,77334.0,77422.9,31.63441,2026-09-01 20:15:00+00:00
1788294000000,77422.9,77445.41,77386.0,77392.87,18.61716,2026-09-01 20:20:00+00:00
1788294300000,77392.88,77400.0,77325.12,77400.0,24.58911,2026-09-01 20:25:00+00:00
1788294600000,77400.0,77418.0,77366.0,77381.65,9.62007,2026-09-01 20:30:00+00:00
1788294900000,77381.65,77471.9,77381.65,77425.99,31.78458,2026-09-01 20:35:00+00:00
1788295200000,77425.99,77426.0,77340.36,77386.72,16.45594,2026-09-01 20:40:00+00:00
1788295500000,77386.72,77399.0,77349.66,77349.66,10.93301,2026-09-01 20:45:00+00:00
1788295800000,77349.66,77427.8,77349.66,77427.79,25.31026,2026-09-01 20:50:00+00:00
1788296100000,77427.79,77469.01,77427.79,77448.45,11.77042,2026-09-01 20:55:00+00:00
1788296400000,77448.46,77516.3,77370.57,77381.65,42.90214,2026-09-01 21:00:00+00:00
1788296700000,77381.66,77381.66,77246.0,77252.01,37.63914,2026-09-01 21:05:00+00:00
1788297000000,77252.0,77252.0,77068.24,77114.44,58.86908,2026-09-01 21:10:00+00:00
1788297300000,77114.43,77152.0,76920.36,77028.41,81.59352,2026-09-01 21:15:00+00:00
1788297600000,77028.42,77217.15,77028.42,77217.14,44.58081,2026-09-01 21:20:00+00:00
1788297900000,77217.14,77268.0,77156.0,77188.68,16.60382,2026-09-01 21:25:00+00:00
1788298200000,77188.69,77188.69,77035.12,77045.56,38.57225,2026-09-01 21:30:00+00:00
1788298500000,77045.56,77166.0,77045.56,77165.99,24.45557,2026-09-01 21:35:00+00:00
1788298800000,77166.0,77225.73,77135.0,77146.1,27.09999,2026-09-01 21:40:00+00:00
1788299100000,77146.1,77183.57,77135.0,77171.51,15.0584,2026-09-01 21:45:00+00:00
1788299400000,77171.51,77272.72,77163.11,77235.13,13.61366,2026-09-01 21:50:00+00:00
1788299700000,77235.14,77271.6,77211.31,77211.32,13.99872,2026-09-01 21:55:00+00:00
1788300000000,77211.32,77312.0,77188.0,77284.14,29.90248,2026-09-01 22:00:00+00:00
1788300300000,77284.15,77303.6,77218.0,77273.08,19.12959,2026-09-01 22:05:00+00:00
1788300600000,77273.08,77311.69,77273.08,77295.35,9.2718,2026-09-01 22:10:00+00:00
1788300900000,77295.35,77295.35,77218.0,77245.18,13.34209,2026-09-01 22:15:00+00:00
1788301200000,77245.18,77245.19,77094.72,77172.0,38.79699,2026-09-01 22:20:00+00:00
1788301500000,77172.01,77188.42,77072.0,77072.0,36.17972,2026-09-01 22:25:00+00:00
1788301800000,77072.01,77104.86,77030.0,77085.01,57.52806,2026-09-01 22:30:00+00:00
1788302100000,77085.01,77189.23,77085.01,77117.86,21.27888,2026-09-01 22:35:00+00:00
1788302400000,77117.87,77164.9,77088.0,77151.43,16.7507,2026-09-01 22:40:00+00:00
1788302700000,77151.44,77324.84,77151.43,77324.83,26.87725,2026-09-01 22:45:00+00:00
1788303000000,77324.84,77364.01,77294.0,77300.0,51.68076,2026-09-01 22:50:00+00:00
1788303300000,77300.0,77316.02,77274.01,77274.02,14.56012,2026-09-01 22:55:00+00:00
1788303600000,77274.02,77296.0,77218.0,77218.01,31.18778,2026-09-01 23:00:00+00:00
1788303900000,77218.01,77320.0,77218.0,77294.0,11.04476,2026-09-01 23:05:00+00:00
1788304200000,77294.01,77299.99,77256.6,77262.01,11.23204,2026-09-01 23:10:00+00:00
1788304500000,77262.0,77318.0,77262.0,77315.99,15.31063,2026-09-01 23:15:00+00:00
1788304800000,77315.99,77317.96,77262.27,77317.95,16.99766,2026-09-01 23:20:00+00:00
1788305100000,77317.96,77396.84,77294.46,77396.84,27.66699,2026-09-01 23:25:00+00:00
1788305400000,77396.83,77470.0,77383.99,77449.3,28.75239,2026-09-01 23:30:00+00:00
1788305700000,77449.3,77580.0,77443.39,77511.45,35.9115,2026-09-01 23:35:00+00:00
1788306000000,77511.44,77591.82,77511.44,77537.5,29.82823,2026-09-01 23:40:00+00:00
1788306300000,77537.5,77638.18,77482.79,77574.01,67.29445,2026-09-01 23:45:00+00:00
1788306600000,77574.01,77581.35,77470.0,77472.48,41.5501,2026-09-01 23:50:00+00:00
1788306900000,77472.49,77472.49,77418.0,77439.0,24.82426,2026-09-01 23:55:00+00:00
1788307200000,77439.01,77512.0,77410.0,77450.16,37.91047,2026-09-02 00:00:00+00:00
1788307500000,77450.17,77470.86,77400.0,77400.0,43.18484,2026-09-02 00:05:00+00:00
1788307800000,77400.0,77405.25,77358.0,77397.03,43.57062,2026-09-02 00:10:00+00:00
1788308100000,77397.02,77460.0,77390.01,77398.85,23.64141,2026-09-02 00:15:00+00:00
1788308400000,77398.85,77462.0,77348.05,77400.0,22.03608,2026-09-02 00:20:00+00:00
1788308700000,77400.01,77400.01,77255.86,77262.9,27.08182,2026-09-02 00:25:00+00:00
1788309000000,77262.91,77338.22,77230.7,77254.01,27.26281,2026-09-02 00:30:00+00:00
1788309300000,77254.0,77276.58,77171.5,77207.09,38.54071,2026-09-02 00:35:00+00:00
1788309600000,77207.09,77256.0,77132.0,77229.31,32.7596,2026-09-02 00:40:00+00:00
1788309900000,77229.31,77261.77,77206.0,77244.09,19.50175,2026-09-02 00:45:00+00:00
1788310200000,77244.09,77244.1,77182.79,77182.8,19.09574,2026-09-02 00:50:00+00:00
1788310500000,77182.8,77273.41,77182.79,77213.25,17.93134,2026-09-02 00:55:00+00:00
1788310800000,77213.24,77235.89,77192.0,77206.81,25.48436,2026-09-02 01:00:00+00:00
1788311100000,77206.81,77229.03,77154.37,77229.03,28.87818,2026-09-02 01:05:00+00:00
1788311400000,77230.0,77372.0,77230.0,77351.46,76.23249,2026-09-02 01:10:00+00:00
1788311700000,77351.46,77351.46,77238.0,77319.41,35.76966,2026-09-02 01:15:00+00:00
1788312000000,77319.4,77348.0,77285.0,77348.0,40.63592,2026-09-02 01:20:00+00:00
1788312300000,77348.0,77348.0,77150.0,77150.0,72.35952,2026-09-02 01:25:00+00:00
1788312600000,77150.01,77188.0,77076.0,77076.0,54.27639,2026-09-02 01:30:00+00:00
1788312900000,77076.01,77076.01,76982.87,76982.88,42.41172,2026-09-02 01:35:00+00:00
1788313200000,76982.88,77021.88,76848.0,76886.93,60.21892,2026-09-02 01:40:00+00:00
1788313500000,76886.93,76974.0,76830.0,76830.01,68.40612,2026-09-02 01:45:00+00:00
1788313800000,76830.0,76841.01,76718.48,76814.39,92.44986,2026-09-02 01:50:00+00:00
1788314100000,76814.39,77044.0,76796.67,77020.68,64.47397,2026-09-02 01:55:00+00:00
1788314400000,77020.67,77052.0,76964.0,76991.64,51.54788,2026-09-02 02:00:00+00:00
1788314700000,76991.63,77210.0,76948.97,77064.1,63.00706,2026-09-02 02:05:00+00:00
1788315000000,77064.1,77162.0,77044.4,77088.4,31.40109,2026-09-02 02:10:00+00:00
1788315300000,77088.39,77195.66,77080.73,77151.88,38.2841,2026-09-02 02:15:00+00:00
1788315600000,77151.87,77266.0,77151.87,77249.86,43.76363,2026-09-02 02:20:00+00:00
1788315900000,77249.86,77343.74,77212.01,77325.48,48.03847,2026-09-02 02:25:00+00:00
1788316200000,77325.47,77325.47,77224.91,77275.99,29.55539,2026-09-02 02:30:00+00:00
1788316500000,77276.0,77288.0,77200.0,77219.75,29.33896,2026-09-02 02:35:00+00:00
1788316800000,77219.75,77230.0,77171.51,77226.0,27.92243,2026-09-02 02:40:00+00:00
1788317100000,77225.99,77260.22,77204.0,77238.75,18.12594,2026-09-02 02:45:00+00:00
1788317400000,77238.76,77281.96,77236.19,77239.01,21.8067,2026-09-02 02:50:00+00:00
1788317700000,77239.01,77329.2,77232.48,77329.2,34.3878,2026-09-02 02:55:00+00:00
1788318000000,77329.2,77474.35,77314.51,77474.35,59.08426,2026-09-02 03:00:00+00:00
1788318300000,77474.35,77503.75,77424.0,77435.6,53.53676,2026-09-02 03:05:00+00:00
1788318600000,77435.6,77600.0,77435.59,77512.0,56.95188,2026-09-02 03:10:00+00:00
1788318900000,77512.0,77654.34,77494.0,77564.01,51.37271,2026-09-02 03:15:00+00:00
1788319200000,77564.01,77605.34,77526.2,77544.72,46.10359,2026-09-02 03:20:00+00:00
1788319500000,77544.72,77792.0,77541.81,77660.56,117.76648,2026-09-02 03:25:00+00:00
1788319800000,77660.56,77660.56,77525.21,77533.44,31.4911,2026-09-02 03:30:00+00:00
1788320100000,77533.44,77652.0,77514.0,77652.0,30.82827,2026-09-02 03:35:00+00:00
1788320400000,77652.0,77656.89,77520.02,77552.0,36.82986,2026-09-02 03:40:00+00:00
1788320700000,77552.0,77640.0,77546.0,77640.0,47.60636,2026-09-02 03:45:00+00:00
1788321000000,77640.0,77640.0,77548.66,77591.82,52.15828,2026-09-02 03:50:00+00:00
1788321300000,77591.82,77601.11,77508.02,77563.5,34.64498,2026-09-02 03:55:00+00:00
1788321600000,77563.5,77563.5,77490.0,77513.58,31.81551,2026-09-02 04:00:00+00:00
1788321900000,77513.58,77513.59,77381.65,77381.65,42.76547,2026-09-02 04:05:00+00:00
1788322200000,77381.66,77407.21,77359.99,77376.39,30.77752,2026-09-02 04:10:00+00:00
1788322500000,77376.38,77404.06,77294.56,77404.05,25.44229,2026-09-02 04:15:00+00:00
1788322800000,77404.06,77434.0,77374.77,77424.83,34.79762,2026-09-02 04:20:00+00:00
1788323100000,77424.83,77446.64,77392.0,77431.27,25.70124,2026-09-02 04:25:00+00:00
1788323400000,77431.27,77506.87,77431.27,77506.87,26.48037,2026-09-02 04:30:00+00:00
1788323700000,77506.86,77540.0,77480.0,77540.0,16.71521,2026-09-02 04:35:00+00:00
1788324000000,77540.0,77591.82,77512.0,77589.32,28.72539,2026-09-02 04:40:00+00:00
1788324300000,77589.31,77612.84,77570.7,77584.62,20.45223,2026-09-02 04:45:00+00:00
1788324600000,77584.63,77584.63,77550.0,77550.0,6.2732,2026-09-02 04:50:00+00:00
1788324900000,77550.0,77568.0,77537.31,77561.82,9.98105,2026-09-02 04:55:00+00:00
1788325200000,77561.82,77564.71,77466.0,77486.01,29.27818,2026-09-02 05:00:00+00:00
1788325500000,77486.01,77495.59,77438.0,77479.98,14.00535,2026-09-02 05:05:00+00:00
1788325800000,77479.97,77600.02,77477.15,77600.02,23.99304,2026-09-02 05:10:00+00:00
1788326100000,77600.02,77733.46,77600.02,77656.0,50.9704,2026-09-02 05:15:00+00:00
1788326400000,77656.0,77758.0,77653.88,77754.49,25.54591,2026-09-02 05:20:00+00:00
1788326700000,77754.5,77761.93,77689.15,77744.78,21.38605,2026-09-02 05:25:00+00:00
1788327000000,77744.78,77749.24,77676.0,77676.01,21.09698,2026-09-02 05:30:00+00:00
1788327300000,77676.0,77708.0,77672.1,77684.76,14.45948,2026-09-02 05:35:00+00:00
1788327600000,77684.76,77728.5,77679.11,77704.68,24.52285,2026-09-02 05:40:00+00:00
1788327900000,77704.68,77756.51,77704.68,77756.51,15.04884,2026-09-02 05:45:00+00:00
1788328200000,77756.51,77756.51,77700.0,77720.0,14.2217,2026-09-02 05:50:00+00:00
1788328500000,77720.0,77725.74,77567.8,77651.07,87.29972,2026-09-02 05:55:00+00:00
1788328800000,77651.08,77724.0,77651.08,77690.01,29.37944,2026-09-02 06:00:00+00:00
1788329100000,77690.01,77708.0,77656.9,77694.51,24.45627,2026-09-02 06:05:00+00:00
1788329400000,77694.51,77710.27,77576.51,77581.73,52.40407,2026-09-02 06:10:00+00:00
1788329700000,77581.73,77646.68,77581.73,77592.04,21.67114,2026-09-02 06:15:00+00:00
1788330000000,77592.05,77615.25,77572.0,77591.85,24.09859,2026-09-02 06:20:00+00:00
1788330300000,77591.85,77666.9,77545.93,77545.93,26.88467,2026-09-02 06:25:00+00:00
1788330600000,77545.94,77545.94,77462.0,77521.46,51.62319,2026-09-02 06:30:00+00:00
1788330900000,77521.47,77551.77,77509.57,77538.94,29.0032,2026-09-02 06:35:00+00:00
1788331200000,77538.94,77683.47,77538.93,77614.0,66.0826,2026-09-02 06:40:00+00:00
1788331500000,77614.01,77620.01,77574.92,77597.06,32.82799,2026-09-02 06:45:00+00:00
1788331800000,77597.07,77597.07,77517.56,77523.41,18.65807,2026-09-02 06:50:00+00:00
1788332100000,77523.41,77611.54,77500.0,77611.54,19.96214,2026-09-02 06:55:00+00:00
1788332400000,77611.53,77655.14,77607.64,77621.18,32.80113,2026-09-02 07:00:00+00:00
1788332700000,77621.19,77646.0,77594.0,77646.0,25.27761,2026-09-02 07:05:00+00:00
1788333000000,77646.0,77765.99,77645.99,77671.0,41.04641,2026-09-02 07:10:00+00:00
1788333300000,77670.99,77671.0,77600.16,77630.88,29.34595,2026-09-02 07:15:00+00:00
1788333600000,77630.88,77696.81,77626.27,77634.0,32.31246,2026-09-02 07:20:00+00:00
1788333900000,77634.01,77634.01,77594.0,77598.0,20.72349,2026-09-02 07:25:00+00:00
1788334200000,77598.01,77629.87,77560.0,77582.4,33.02522,2026-09-02 07:30:00+00:00
1788334500000,77582.4,77601.76,77575.71,77600.93,45.15556,2026-09-02 07:35:00+00:00
1788334800000,77600.93,77631.58,77560.0,77560.01,52.6309,2026-09-02 07:40:00+00:00
1788335100000,77560.0,77599.76,77538.0,77565.87,60.30635,2026-09-02 07:45:00+00:00
1788335400000,77565.87,77588.0,77511.96,77511.97,44.41122,2026-09-02 07:50:00+00:00
1788335700000,77511.97,77528.05,77473.84,77473.85,98.8708,2026-09-02 07:55:00+00:00
1788336000000,77473.86,77501.79,77390.0,77488.0,43.78939,2026-09-02 08:00:00+00:00
1788336300000,77488.0,77546.0,77472.22,77515.99,46.79668,2026-09-02 08:05:00+00:00
1788336600000,77515.99,77526.0,77381.65,77417.57,75.95168,2026-09-02 08:10:00+00:00
1788336900000,77417.58,77475.14,77366.0,77366.0,24.95029,2026-09-02 08:15:00+00:00
1788337200000,77366.01,77366.06,77286.0,77314.96,38.88396,2026-09-02 08:20:00+00:00
1788337500000,77314.95,77334.32,77248.01,77248.01,46.87158,2026-09-02 08:25:00+00:00
1788337800000,77248.02,77248.02,77094.18,77130.68,70.41649,2026-09-02 08:30:00+00:00
1788338100000,77130.67,77158.0,77079.73,77110.36,45.11701,2026-09-02 08:35:00+00:00
1788338400000,77110.37,77110.37,76945.35,76970.87,72.61396,2026-09-02 08:40:00+00:00
1788338700000,76970.88,77046.93,76854.01,76856.27,83.22006,2026-09-02 08:45:00+00:00
1788339000000,76856.27,76861.97,76746.81,76800.51,104.84277,2026-09-02 08:50:00+00:00
1788339300000,76801.24,76882.73,76758.0,76854.11,51.66072,2026-09-02 08:55:00+00:00
1788339600000,76854.11,77049.4,76852.88,76997.21,63.62726,2026-09-02 09:00:00+00:00
1788339900000,76997.2,77045.43,76997.2,77036.1,43.78361,2026-09-02 09:05:00+00:00
1788340200000,77036.11,77036.11,76945.12,76945.13,39.73471,2026-09-02 09:10:00+00:00
1788340500000,76945.13,76968.0,76877.46,76894.39,46.7484,2026-09-02 09:15:00+00:00
1788340800000,76894.4,76916.0,76600.0,76746.0,148.68727,2026-09-02 09:20:00+00:00
1788341100000,76746.0,76892.0,76746.0,76891.96,58.83464,2026-09-02 09:25:00+00:00
1788341400000,76891.96,76897.98,76633.0,76715.05,92.15761,2026-09-02 09:30:00+00:00
1788341700000,76715.05,76715.06,76543.85,76589.54,118.43233,2026-09-02 09:35:00+00:00
1788342000000,76589.54,76654.0,76517.24,76563.51,66.33842,2026-09-02 09:40:00+00:00
1788342300000,76563.52,76715.05,76484.64,76674.16,237.8599,2026-09-02 09:45:00+00:00
1788342600000,76674.16,76757.78,76674.0,76684.0,83.07139,2026-09-02 09:50:00+00:00
1788342900000,76684.01,76760.0,76680.0,76752.26,36.77678,2026-09-02 09:55:00+00:00
1788343200000,76752.26,76753.83,76605.19,76605.2,43.79859,2026-09-02 10:00:00+00:00
1788343500000,76605.2,76655.38,76580.0,76607.47,65.39406,2026-09-02 10:05:00+00:00
1788343800000,76607.47,76645.62,76569.56,76640.01,45.89281,2026-09-02 10:10:00+00:00
1788344100000,76640.0,76693.81,76602.18,76693.8,28.06754,2026-09-02 10:15:00+00:00
1788344400000,76693.81,76703.12,76646.67,76649.85,34.50557,2026-09-02 10:20:00+00:00
1788344700000,76649.84,76663.61,76571.8,76571.8,62.41447,2026-09-02 10:25:00+00:00
1788345000000,76571.8,76610.0,76480.0,76506.01,69.87127,2026-09-02 10:30:00+00:00
1788345300000,76506.01,76589.54,76484.85,76484.85,37.21472,2026-09-02 10:35:00+00:00
1788345600000,76484.85,76605.99,76478.0,76605.99,32.82555,2026-09-02 10:40:00+00:00
1788345900000,76605.98,76605.98,76410.71,76448.0,128.55389,2026-09-02 10:45:00+00:00
1788346200000,76448.0,76515.87,76264.0,76508.54,234.01449,2026-09-02 10:50:00+00:00
1788346500000,76508.54,76695.4,76500.0,76680.88,142.34131,2026-09-02 10:55:00+00:00
1788346800000,76680.88,76709.99,76560.01,76564.01,108.5519,2026-09-02 11:00:00+00:00
1788347100000,76564.01,76715.83,76519.99,76695.57,50.92524,2026-09-02 11:05:00+00:00
1788347400000,76695.57,76727.47,76602.0,76727.46,43.30527,2026-09-02 11:10:00+00:00
1788347700000,76727.47,76758.0,76548.0,76548.01,40.02804,2026-09-02 11:15:00+00:00
1788348000000,76548.01,76548.01,76410.0,76428.22,45.74099,2026-09-02 11:20:00+00:00
1788348300000,76428.21,76502.0,76356.0,76502.0,47.29948,2026-09-02 11:25:00+00:00
1788348600000,76502.0,76658.0,76488.0,76649.91,50.19534,2026-09-02 11:30:00+00:00
1788348900000,76649.92,76738.98,76626.0,76713.33,43.30345,2026-09-02 11:35:00+00:00
1788349200000,76713.32,76718.25,76618.01,76646.1,55.1543,2026-09-02 11:40:00+00:00
1788349500000,76646.1,76650.0,76618.01,76620.01,30.8756,2026-09-02 11:45:00+00:00
1788349800000,76620.0,76720.56,76600.0,76704.61,42.377,2026-09-02 11:50:00+00:00
1788350100000,76704.61,76848.73,76704.61,76828.76,84.00254,2026-09-02 11:55:00+00:00
1788350400000,76828.75,76834.0,76716.22,76723.31,71.2837,2026-09-02 12:00:00+00:00
1788350700000,76723.31,76826.15,76677.76,76789.59,71.16366,2026-09-02 12:05:00+00:00
1788351000000,76789.59,76841.9,76758.24,76827.99,33.09919,2026-09-02 12:10:00+00:00
1788351300000,76827.99,76928.0,76772.0,76860.01,51.74859,2026-09-02 12:15:00+00:00
1788351600000,76860.0,77049.4,76843.33,76982.1,63.14856,2026-09-02 12:20:00+00:00
1788351900000,76982.11,77032.84,76982.1,76988.5,27.40858,2026-09-02 12:25:00+00:00
1788352200000,76988.49,76991.83,76885.63,76912.0,39.54366,2026-09-02 12:30:00+00:00
1788352500000,76912.0,76921.45,76800.0,76824.72,29.85503,2026-09-02 12:35:00+00:00
1788352800000,76824.72,76850.0,76802.0,76822.56,41.75544,2026-09-02 12:40:00+00:00
1788353100000,76822.55,76825.18,76748.79,76758.54,50.98413,2026-09-02 12:45:00+00:00
1788353400000,76758.55,76763.06,76721.37,76733.14,30.56768,2026-09-02 12:50:00+00:00
1788353700000,76733.13,76751.24,76611.67,76613.88,71.35627,2026-09-02 12:55:00+00:00
1788354000000,76613.87,76805.61,76613.87,76791.76,52.12812,2026-09-02 13:00:00+00:00
1788354300000,76791.76,76881.23,76744.0,76767.99,43.39256,2026-09-02 13:05:00+00:00
1788354600000,76768.0,76816.0,76744.01,76744.02,29.24315,2026-09-02 13:10:00+00:00
1788354900000,76744.01,76839.35,76744.01,76823.06,18.11752,2026-09-02 13:15:00+00:00
1788355200000,76823.06,76830.47,76712.0,76778.04,36.36043,2026-09-02 13:20:00+00:00
1788355500000,76778.04,76960.02,76748.0,76881.11,78.84694,2026-09-02 13:25:00+00:00
1788355800000,76881.12,76881.12,76694.0,76774.28,73.87982,2026-09-02 13:30:00+00:00
1788356100000,76774.28,76777.99,76625.0,76720.0,40.92631,2026-09-02 13:35:00+00:00
1788356400000,76720.0,77400.56,76709.28,77381.65,196.02673,2026-09-02 13:40:00+00:00
1788356700000,77381.66,77443.61,77102.0,77102.0,120.18733,2026-09-02 13:45:00+00:00
1788357000000,77102.01,77288.08,77100.0,77122.72,48.9182,2026-09-02 13:50:00+00:00
1788357300000,77122.71,77194.0,76996.0,77146.0,74.80516,2026-09-02 13:55:00+00:00
1788357600000,77146.0,77204.0,77010.24,77088.0,62.11353,2026-09-02 14:00:00+00:00
1788357900000,77088.0,77310.79,77068.0,77195.2,77.67673,2026-09-02 14:05:00+00:00
1788358200000,77195.21,77346.84,77182.43,77346.83,46.66593,2026-09-02 14:10:00+00:00
1788358500000,77346.83,77382.4,77239.46,77310.32,52.18776,2026-09-02 14:15:00+00:00
1788358800000,77310.32,77490.0,77246.0,77261.57,70.416,2026-09-02 14:20:00+00:00
1788359100000,77261.56,77364.0,77232.28,77336.51,27.37124,2026-09-02 14:25:00+00:00
1788359400000,77336.52,77336.52,77110.0,77210.0,57.60407,2026-09-02 14:30:00+00:00
1788359700000,77209.99,77216.16,77115.16,77189.99,21.02802,2026-09-02 14:35:00+00:00
1788360000000,77190.0,77396.97,77174.96,77324.96,42.03723,2026-09-02 14:40:00+00:00
1788360300000,77324.97,77334.2,77176.01,77223.99,27.57203,2026-09-02 14:45:00+00:00
1788360600000,77224.0,77240.0,77091.08,77120.54,37.21908,2026-09-02 14:50:00+00:00
1788360900000,77120.53,77212.0,77066.42,77066.42,33.50917,2026-09-02 14:55:00+00:00
1788361200000,77066.42,77182.0,76862.88,77070.4,218.31808,2026-09-02 15:00:00+00:00
1788361500000,77070.41,77147.7,76824.0,76852.19,50.65083,2026-09-02 15:05:00+00:00
1788361800000,76852.19,76852.19,76748.01,76819.99,58.03124,2026-09-02 15:10:00+00:00
1788362100000,76819.99,77142.0,76816.87,77130.31,57.59867,2026-09-02 15:15:00+00:00
1788362400000,77130.3,77147.7,76950.0,77004.77,39.86564,2026-09-02 15:20:00+00:00
1788362700000,77004.76,77122.0,76984.64,77039.92,48.20562,2026-09-02 15:25:00+00:00
1788363000000,77039.91,77350.0,76994.01,77294.0,82.31079,2026-09-02 15:30:00+00:00
1788363300000,77294.0,77338.0,77144.0,77144.01,52.66498,2026-09-02 15:35:00+00:00
1788363600000,77144.01,77386.0,77117.65,77369.78,62.86859,2026-09-02 15:40:00+00:00
1788363900000,77369.78,77372.0,77171.5,77185.06,64.89104,2026-09-02 15:45:00+00:00
1788364200000,77185.07,77240.0,77140.0,77224.54,51.48306,2026-09-02 15:50:00+00:00
1788364500000,77224.55,77296.0,77224.55,77288.98,38.04959,2026-09-02 15:55:00+00:00
1788364800000,77288.97,77296.0,77210.0,77296.0,28.54565,2026-09-02 16:00:00+00:00
1788365100000,77296.0,77329.17,77244.0,77303.38,31.18883,2026-09-02 16:05:00+00:00
1788365400000,77303.37,77396.0,77264.43,77356.01,156.43612,2026-09-02 16:10:00+00:00
1788365700000,77356.01,77500.0,77332.66,77482.77,191.46559,2026-09-02 16:15:00+00:00
1788366000000,77482.78,77579.84,77438.0,77549.77,157.7828,2026-09-02 16:20:00+00:00
1788366300000,77549.76,77582.0,77443.06,77464.02,256.33654,2026-09-02 16:25:00+00:00
1788366600000,77464.03,77567.42,77464.03,77530.69,146.40951,2026-09-02 16:30:00+00:00
1788366900000,77530.7,77530.7,77392.0,77409.62,65.57064,2026-09-02 16:35:00+00:00
1788367200000,77409.63,77409.63,77264.28,77264.28,50.85679,2026-09-02 16:40:00+00:00
1788367500000,77264.29,77330.0,77232.01,77292.38,40.36263,2026-09-02 16:45:00+00:00
1788367800000,77292.38,77303.09,77254.82,77265.25,20.66374,2026-09-02 16:50:00+00:00
1788368100000,77265.26,77286.27,77171.5,77171.5,34.3052,2026-09-02 16:55:00+00:00
1788368400000,77171.51,77246.0,77138.0,77191.99,65.31942,2026-09-02 17:00:00+00:00
1788368700000,77192.0,77206.0,77066.42,77108.91,46.31577,2026-09-02 17:05:00+00:00
1788369000000,77108.92,77168.0,77084.0,77128.83,39.97157,2026-09-02 17:10:00+00:00
1788369300000,77128.83,77162.12,77007.87,77035.99,33.9558,2026-09-02 17:15:00+00:00
1788369600000,77035.99,77080.32,76950.56,77066.31,53.63063,2026-09-02 17:20:00+00:00
1788369900000,77066.31,77104.0,77041.37,77100.0,20.22633,2026-09-02 17:25:00+00:00
1788370200000,77099.99,77229.18,77083.76,77203.32,35.41671,2026-09-02 17:30:00+00:00
1788370500000,77203.31,77212.0,77117.73,77144.0,39.94923,2026-09-02 17:35:00+00:00
1788370800000,77143.99,77308.91,77143.99,77308.9,34.58078,2026-09-02 17:40:00+00:00
1788371100000,77308.91,77406.0,77308.91,77384.97,49.60837,2026-09-02 17:45:00+00:00
1788371400000,77384.98,77392.26,77345.35,77345.4,30.69093,2026-09-02 17:50:00+00:00
1788371700000,77345.4,77387.66,77328.15,77381.66,15.35605,2026-09-02 17:55:00+00:00
1788372000000,77381.65,77385.0,77326.05,77356.93,18.45682,2026-09-02 18:00:00+00:00
1788372300000,77356.94,77428.94,77328.3,77428.93,17.78344,2026-09-02 18:05:00+00:00
1788372600000,77428.93,77442.85,77360.0,77411.84,41.85609,2026-09-02 18:10:00+00:00
1788372900000,77411.85,77524.0,77400.01,77454.76,63.16637,2026-09-02 18:15:00+00:00
1788373200000,77454.76,77473.62,77382.0,77452.98,30.87504,2026-09-02 18:20:00+00:00
1788373500000,77452.98,77481.15,77447.28,77447.28,39.95226,2026-09-02 18:25:00+00:00
1788373800000,77447.28,77454.78,77395.99,77396.0,74.77075,2026-09-02 18:30:00+00:00
1788374100000,77395.99,77423.76,77319.0,77319.01,26.87513,2026-09-02 18:35:00+00:00
1788374400000,77319.01,77341.63,77298.0,77314.0,18.01892,2026-09-02 18:40:00+00:00
1788374700000,77314.01,77413.8,77296.52,77400.4,16.06196,2026-09-02 18:45:00+00:00
1788375000000,77400.4,77400.4,77314.01,77360.01,13.49864,2026-09-02 18:50:00+00:00
1788375300000,77360.02,77381.66,77336.51,77377.76,13.67971,2026-09-02 18:55:00+00:00
1788375600000,77377.76,77377.76,77334.58,77366.86,14.50211,2026-09-02 19:00:00+00:00
1788375900000,77366.85,77397.92,77348.75,77388.69,8.93627,2026-09-02 19:05:00+00:00
1788376200000,77388.69,77401.88,77328.0,77391.78,58.68656,2026-09-02 19:10:00+00:00
1788376500000,77391.77,77416.0,77293.54,77308.49,15.24343,2026-09-02 19:15:00+00:00
1788376800000,77308.49,77308.49,77240.0,77240.01,21.1968,2026-09-02 19:20:00+00:00
1788377100000,77240.0,77257.73,77168.66,77168.66,25.46822,2026-09-02 19:25:00+00:00
1788377400000,77168.66,77180.0,77124.0,77139.21,34.60961,2026-09-02 19:30:00+00:00
1788377700000,77139.22,77184.0,77124.03,77184.0,16.83277,2026-09-02 19:35:00+00:00
1788378000000,77184.0,77249.55,77183.99,77230.12,20.86761,2026-09-02 19:40:00+00:00
1788378300000,77230.12,77252.0,77194.0,77219.78,14.44975,2026-09-02 19:45:00+00:00
1788378600000,77219.77,77288.0,77185.35,77189.71,20.15868,2026-09-02 19:50:00+00:00
1788378900000,77189.72,77354.08,77152.0,77341.47,38.46199,2026-09-02 19:55:00+00:00
1788379200000,77341.48,77476.59,77320.0,77475.25,29.30465,2026-09-02 20:00:00+00:00
1788379500000,77475.24,77520.0,77384.0,77387.88,39.50762,2026-09-02 20:05:00+00:00
1788379800000,77387.89,77392.0,77287.02,77364.33,23.77041,2026-09-02 20:10:00+00:00
1788380100000,77364.34,77364.34,77207.47,77267.73,30.09933,2026-09-02 20:15:00+00:00
1788380400000,77267.72,77464.18,77267.72,77442.32,47.87877,2026-09-02 20:20:00+00:00
1788380700000,77442.33,77442.33,77380.0,77382.36,18.49148,2026-09-02 20:25:00+00:00
1788381000000,77382.35,77465.26,77378.0,77459.99,33.14089,2026-09-02 20:30:00+00:00
1788381300000,77460.0,77481.41,77426.0,77435.76,34.57178,2026-09-02 20:35:00+00:00
1788381600000,77435.76,77435.77,77320.0,77369.99,29.76164,2026-09-02 20:40:00+00:00
1788381900000,77369.99,77425.02,77300.0,77372.8,33.89734,2026-09-02 20:45:00+00:00
1788382200000,77372.81,77474.62,77362.3,77426.78,39.35178,2026-09-02 20:50:00+00:00
1788382500000,77426.78,77449.27,77402.26,77406.01,22.35957,2026-09-02 20:55:00+00:00
1788382800000,77406.0,77406.01,77320.0,77336.0,32.4573,2026-09-02 21:00:00+00:00
1788383100000,77336.0,77357.99,77316.0,77316.01,31.04472,2026-09-02 21:05:00+00:00
1788383400000,77316.0,77361.94,77316.0,77328.0,21.89019,2026-09-02 21:10:00+00:00
1788383700000,77328.01,77332.76,77243.0,77262.06,17.57717,2026-09-02 21:15:00+00:00
1788384000000,77262.06,77316.47,77262.06,77316.46,8.40741,2026-09-02 21:20:00+00:00
1788384300000,77316.46,77316.47,77261.99,77283.48,7.62494,2026-09-02 21:25:00+00:00
1788384600000,77283.49,77283.49,77242.0,77242.0,10.22585,2026-09-02 21:30:00+00:00
1788384900000,77242.01,77377.27,77242.0,77377.26,19.58927,2026-09-02 21:35:00+00:00
1788385200000,77377.26,77431.78,77350.38,77426.69,30.26022,2026-09-02 21:40:00+00:00
1788385500000,77426.68,77426.69,77268.4,77276.57,89.43826,2026-09-02 21:45:00+00:00
1788385800000,77276.57,77342.0,77276.0,77325.24,16.98248,2026-09-02 21:50:00+00:00
1788386100000,77325.23,77347.12,77284.0,77284.0,5.5667,2026-09-02 21:55:00+00:00
1788386400000,77284.01,77284.01,77180.38,77180.38,19.414,2026-09-02 22:00:00+00:00
1788386700000,77180.38,77180.39,77120.19,77124.92,15.91938,2026-09-02 22:05:00+00:00
1788387000000,77124.91,77181.28,77076.0,77158.8,31.1591,2026-09-02 22:10:00+00:00
1788387300000,77158.8,77171.51,77090.0,77090.01,13.09281,2026-09-02 22:15:00+00:00
1788387600000,77090.0,77090.01,77052.2,77065.27,9.2464,2026-09-02 22:20:00+00:00
1788387900000,77065.28,77065.28,77023.11,77024.53,21.3418,2026-09-02 22:25:00+00:00
1788388200000,77024.52,77108.0,77024.52,77088.61,17.74462,2026-09-02 22:30:00+00:00
1788388500000,77088.62,77145.96,77072.21,77127.25,8.04187,2026-09-02 22:35:00+00:00
1788388800000,77127.26,77157.58,77118.0,77124.28,10.62167,2026-09-02 22:40:00+00:00
1788389100000,77124.29,77124.29,77064.0,77064.01,14.60863,2026-09-02 22:45:00+00:00
1788389400000,77064.01,77081.89,77032.76,77040.93,20.97824,2026-09-02 22:50:00+00:00
1788389700000,77040.94,77050.0,77034.02,77034.03,6.03176,2026-09-02 22:55:00+00:00
1788390000000,77034.03,77148.0,77007.36,77148.0,22.6709,2026-09-02 23:00:00+00:00
1788390300000,77148.0,77216.0,77146.57,77216.0,52.94998,2026-09-02 23:05:00+00:00
1788390600000,77215.99,77221.82,77202.58,77221.82,6.33683,2026-09-02 23:10:00+00:00
1788390900000,77221.82,77221.82,77150.0,77150.98,13.97869,2026-09-02 23:15:00+00:00
1788391200000,77150.99,77188.43,77142.0,77166.09,17.635,2026-09-02 23:20:00+00:00
1788391500000,77166.09,77202.0,77152.28,77195.08,4.48588,2026-09-02 23:25:00+00:00
1788391800000,77195.09,77258.0,77146.0,77146.29,20.89296,2026-09-02 23:30:00+00:00
1788392100000,77146.29,77146.29,77135.1,77135.1,2.92934,2026-09-02 23:35:00+00:00
1788392400000,77135.11,77145.99,77112.28,77145.99,10.57148,2026-09-02 23:40:00+00:00
1788392700000,77145.99,77222.0,77145.99,77222.0,7.35325,2026-09-02 23:45:00+00:00
1788393000000,77222.0,77324.2,77222.0,77282.01,20.96,2026-09-02 23:50:00+00:00
1788393300000,77282.01,77372.62,77282.0,77340.01,12.17092,2026-09-02 23:55:00+00:00
1788393600000,77340.01,77394.0,77317.41,77350.01,38.0617,2026-09-03 00:00:00+00:00
1788393900000,77350.01,77377.66,77180.7,77200.0,23.75672,2026-09-03 00:05:00+00:00
1788394200000,77200.0,77254.12,77171.5,77171.51,16.78998,2026-09-03 00:10:00+00:00
1788394500000,77171.5,77171.51,77108.87,77134.67,32.43223,2026-09-03 00:15:00+00:00
1788394800000,77134.67,77135.09,77075.0,77118.96,27.54558,2026-09-03 00:20:00+00:00
1788395100000,77118.95,77118.96,77035.87,77035.87,49.12795,2026-09-03 00:25:00+00:00
1788395400000,77035.88,77065.64,77014.32,77016.89,34.30169,2026-09-03 00:30:00+00:00
1788395700000,77016.9,77108.0,76980.01,77089.18,34.19589,2026-09-03 00:35:00+00:00
1788396000000,77089.18,77134.37,77080.42,77109.48,16.89309,2026-09-03 00:40:00+00:00
1788396300000,77109.48,77138.0,77083.02,77088.01,14.10453,2026-09-03 00:45:00+00:00
1788396600000,77088.0,77117.99,77054.86,77090.0,10.98202,2026-09-03 00:50:00+00:00
1788396900000,77090.0,77138.0,77032.83,77068.01,29.13389,2026-09-03 00:55:00+00:00
1788397200000,77068.0,77146.0,76968.0,77113.87,40.1076,2026-09-03 01:00:00+00:00
1788397500000,77113.87,77320.0,77113.87,77270.01,31.94124,2026-09-03 01:05:00+00:00
1788397800000,77270.01,77428.0,77233.54,77417.64,82.93153,2026-09-03 01:10:00+00:00
1788398100000,77417.63,77417.63,77302.4,77302.4,45.25802,2026-09-03 01:15:00+00:00
1788398400000,77302.4,77442.86,77288.41,77384.9,36.36455,2026-09-03 01:20:00+00:00
1788398700000,77384.9,77438.0,77352.0,77438.0,56.20487,2026-09-03 01:25:00+00:00
1788399000000,77438.0,77522.62,77408.44,77516.85,62.90826,2026-09-03 01:30:00+00:00
1788399300000,77516.86,77546.8,77324.0,77447.25,65.86159,2026-09-03 01:35:00+00:00
1788399600000,77447.25,77486.74,77350.47,77350.47,41.4878,2026-09-03 01:40:00+00:00
1788399900000,77350.47,77352.16,77322.01,77328.78,20.80747,2026-09-03 01:45:00+00:00
1788400200000,77328.77,77468.0,77295.05,77392.96,36.86743,2026-09-03 01:50:00+00:00
1788400500000,77392.96,77441.76,77356.69,77356.7,12.54609,2026-09-03 01:55:00+00:00
1788400800000,77356.69,77363.56,77281.32,77288.21,26.10842,2026-09-03 02:00:00+00:00
1788401100000,77288.22,77328.3,77238.89,77271.47,71.77571,2026-09-03 02:05:00+00:00
1788401400000,77271.46,77488.0,77271.46,77488.0,27.93877,2026-09-03 02:10:00+00:00
1788401700000,77487.99,77500.0,77442.44,77442.44,20.27169,2026-09-03 02:15:00+00:00
1788402000000,77442.44,77560.0,77432.09,77522.23,42.9885,2026-09-03 02:20:00+00:00
1788402300000,77522.01,77617.64,77484.01,77598.67,53.01247,2026-09-03 02:25:00+00:00
1788402600000,77598.66,77890.0,77558.0,77883.76,107.21801,2026-09-03 02:30:00+00:00
1788402900000,77883.76,77900.0,77700.0,77738.77,58.7973,2026-09-03 02:35:00+00:00
1788403200000,77738.77,77848.98,77738.76,77772.25,34.15648,2026-09-03 02:40:00+00:00
1788403500000,77772.25,77857.99,77734.85,77832.02,68.44107,2026-09-03 02:45:00+00:00
1788403800000,77832.01,77873.08,77796.0,77860.32,38.53927,2026-09-03 02:50:00+00:00
1788404100000,77860.32,77873.07,77802.0,77816.01,14.27235,2026-09-03 02:55:00+00:00
1788404400000,77816.02,77829.51,77714.0,77714.01,51.89511,2026-09-03 03:00:00+00:00
1788404700000,77714.0,77745.67,77708.77,77718.0,16.91126,2026-09-03 03:05:00+00:00
1788405000000,77718.0,77860.0,77704.88,77834.0,57.4863,2026-09-03 03:10:00+00:00
1788405300000,77834.01,77880.0,77718.91,77879.41,58.79461,2026-09-03 03:15:00+00:00
1788405600000,77879.42,77879.42,77764.24,77764.25,41.32338,2026-09-03 03:20:00+00:00
1788405900000,77764.25,77810.83,77750.0,77750.0,22.03248,2026-09-03 03:25:00+00:00
1788406200000,77750.01,77776.0,77700.85,77704.72,43.22542,2026-09-03 03:30:00+00:00
1788406500000,77704.73,77704.73,77648.97,77668.87,21.66524,2026-09-03 03:35:00+00:00
1788406800000,77668.88,77680.25,77647.93,77670.53,25.21371,2026-09-03 03:40:00+00:00
1788407100000,77670.54,77682.0,77642.09,77681.99,18.61879,2026-09-03 03:45:00+00:00
1788407400000,77681.99,77741.99,77681.99,77741.98,17.93292,2026-09-03 03:50:00+00:00
1788407700000,77741.99,77741.99,77708.0,77708.0,10.83413,2026-09-03 03:55:00+00:00
1788408000000,77708.01,77765.52,77708.0,77746.34,19.09413,2026-09-03 04:00:00+00:00
1788408300000,77746.33,77780.52,77734.0,77768.99,25.10498,2026-09-03 04:05:00+00:00
1788408600000,77768.99,77833.1,77618.5,77644.27,107.9845,2026-09-03 04:10:00+00:00
1788408900000,77644.26,77658.0,77558.0,77592.29,33.12988,2026-09-03 04:15:00+00:00
1788409200000,77592.29,77631.58,77550.0,77631.58,21.36231,2026-09-03 04:20:00+00:00
1788409500000,77631.58,77631.58,77560.0,77576.15,15.60005,2026-09-03 04:25:00+00:00
1788409800000,77576.15,77623.66,77576.14,77602.21,16.40572,2026-09-03 04:30:00+00:00
1788410100000,77602.22,77604.56,77591.61,77600.1,8.10868,2026-09-03 04:35:00+00:00
1788410400000,77600.11,77600.11,77547.16,77557.55,13.8175,2026-09-03 04:40:00+00:00
1788410700000,77557.56,77640.0,77557.55,77637.67,26.385,2026-09-03 04:45:00+00:00
1788411000000,77637.67,77792.24,77637.67,77787.31,25.94062,2026-09-03 04:50:00+00:00
1788411300000,77787.31,77787.31,77716.0,77776.0,23.22189,2026-09-03 04:55:00+00:00
1788411600000,77775.99,77824.0,77754.0,77754.01,51.41993,2026-09-03 05:00:00+00:00
1788411900000,77754.0,77754.42,77676.88,77693.95,34.52526,2026-09-03 05:05:00+00:00
1788412200000,77693.96,77734.0,77608.0,77636.35,40.64232,2026-09-03 05:10:00+00:00
1788412500000,77636.34,77648.0,77486.73,77495.32,54.47283,2026-09-03 05:15:00+00:00
1788412800000,77495.33,77500.75,77203.94,77276.57,74.35328,2026-09-03 05:20:00+00:00
1788413100000,77276.57,77276.58,77101.01,77200.01,73.56386,2026-09-03 05:25:00+00:00
1788413400000,77200.01,77349.63,77172.11,77343.8,43.2805,2026-09-03 05:30:00+00:00
1788413700000,77343.8,77469.55,77343.79,77440.33,31.40857,2026-09-03 05:35:00+00:00
1788414000000,77440.33,77514.0,77410.0,77486.74,35.0403,2026-09-03 05:40:00+00:00
1788414300000,77486.73,77526.0,77407.43,77509.58,35.41781,2026-09-03 05:45:00+00:00
1788414600000,77509.57,77721.5,77509.57,77681.43,78.7126,2026-09-03 05:50:00+00:00
1788414900000,77681.43,77829.8,77681.43,77809.91,64.6926,2026-09-03 05:55:00+00:00
1788415200000,77809.91,77856.16,77728.0,77736.9,47.93662,2026-09-03 06:00:00+00:00
1788415500000,77736.9,77793.2,77703.47,77727.09,46.83365,2026-09-03 06:05:00+00:00
1788415800000,77727.09,77756.0,77698.75,77709.85,27.76156,2026-09-03 06:10:00+00:00
1788416100000,77709.85,77790.0,77706.27,77774.82,40.86166,2026-09-03 06:15:00+00:00
1788416400000,77774.83,77777.7,77743.47,77748.0,15.36734,2026-09-03 06:20:00+00:00
1788416700000,77748.0,77775.56,77734.0,77748.46,56.86475,2026-09-03 06:25:00+00:00
1788417000000,77748.46,77799.99,77724.0,77799.99,45.92221,2026-09-03 06:30:00+00:00
1788417300000,77799.98,77799.98,77766.0,77774.47,25.1105,2026-09-03 06:35:00+00:00
1788417600000,77774.47,77828.67,77756.5,77828.67,22.8162,2026-09-03 06:40:00+00:00
1788417900000,77828.66,77836.4,77786.77,77833.99,33.15116,2026-09-03 06:45:00+00:00
1788418200000,77834.0,77852.0,77770.4,77782.37,24.98415,2026-09-03 06:50:00+00:00
1788418500000,77782.36,77835.2,77782.36,77835.19,20.52151,2026-09-03 06:55:00+00:00
1788418800000,77835.2,78145.0,77812.0,78140.02,178.61757,2026-09-03 07:00:00+00:00
1788419100000,78140.02,78183.91,78006.01,78006.02,86.01049,2026-09-03 07:05:00+00:00
1788419400000,78006.02,78124.0,77980.5,78061.84,43.02371,2026-09-03 07:10:00+00:00
1788419700000,78061.83,78061.84,77935.34,77968.5,46.13003,2026-09-03 07:15:00+00:00
1788420000000,77968.49,78022.12,77924.99,77959.04,39.96446,2026-09-03 07:20:00+00:00
1788420300000,77959.04,77982.0,77887.13,77954.01,26.43867,2026-09-03 07:25:00+00:00
1788420600000,77954.02,77954.02,77862.05,77921.03,40.28694,2026-09-03 07:30:00+00:00
1788420900000,77921.04,77978.0,77900.0,77978.0,27.44216,2026-09-03 07:35:00+00:00
1788421200000,77978.0,78070.0,77900.0,77900.0,74.72444,2026-09-03 07:40:00+00:00
1788421500000,77900.01,77938.9,77746.81,77746.81,40.95978,2026-09-03 07:45:00+00:00
1788421800000,77746.82,77746.82,77664.0,77680.57,34.72423,2026-09-03 07:50:00+00:00
1788422100000,77680.57,77683.63,77600.0,77663.15,57.89718,2026-09-03 07:55:00+00:00
1788422400000,77663.14,77926.0,77663.14,77854.19,46.0807,2026-09-03 08:00:00+00:00
1788422700000,77854.2,78066.0,77854.2,77930.58,48.28397,2026-09-03 08:05:00+00:00
1788423000000,77930.58,78004.0,77878.0,77928.0,55.72874,2026-09-03 08:10:00+00:00
1788423300000,77928.0,77938.34,77879.11,77935.84,15.58872,2026-09-03 08:15:00+00:00
1788423600000,77935.84,77958.0,77826.18,77873.99,17.93376,2026-09-03 08:20:00+00:00
1788423900000,77874.0,77979.14,77838.15,77979.13,27.43092,2026-09-03 08:25:00+00:00
1788424200000,77979.14,77993.46,77943.31,77947.61,31.65143,2026-09-03 08:30:00+00:00
1788424500000,77947.62,77976.5,77929.64,77929.65,17.47723,2026-09-03 08:35:00+00:00
1788424800000,77929.65,77952.48,77872.33,77882.78,22.48742,2026-09-03 08:40:00+00:00
1788425100000,77882.77,77910.93,77784.33,77806.22,38.22167,2026-09-03 08:45:00+00:00
1788425400000,77806.22,77830.25,77766.0,77828.9,26.25123,2026-09-03 08:50:00+00:00
1788425700000,77828.91,77862.0,77823.37,77843.34,16.09333,2026-09-03 08:55:00+00:00
1788426000000,77843.34,77843.34,77810.79,77829.56,7.97034,2026-09-03 09:00:00+00:00
1788426300000,77829.55,77895.48,77807.99,77890.03,38.106,2026-09-03 09:05:00+00:00
1788426600000,77890.02,77975.46,77853.29,77874.35,39.01084,2026-09-03 09:10:00+00:00
1788426900000,77874.36,77913.76,77841.47,77841.47,17.76594,2026-09-03 09:15:00+00:00
1788427200000,77841.47,77876.0,77818.0,77831.27,24.66183,2026-09-03 09:20:00+00:00
1788427500000,77831.27,77836.02,77742.66,77742.67,18.35331,2026-09-03 09:25:00+00:00
1788427800000,77742.66,77769.18,77734.0,77748.2,23.94096,2026-09-03 09:30:00+00:00
1788428100000,77748.2,77779.89,77723.41,77723.42,25.22189,2026-09-03 09:35:00+00:00
1788428400000,77723.42,77740.0,77660.63,77724.36,46.52037,2026-09-03 09:40:00+00:00
1788428700000,77724.36,77783.57,77625.41,77641.37,25.92661,2026-09-03 09:45:00+00:00
1788429000000,77637.25,77684.0,77624.11,77649.99,27.53244,2026-09-03 09:50:00+00:00
1788429300000,77650.0,77670.01,77608.0,77615.24,45.99804,2026-09-03 09:55:00+00:00
1788429600000,77615.25,77651.49,77580.88,77651.49,65.83699,2026-09-03 10:00:00+00:00
1788429900000,77651.49,77680.8,77591.81,77658.81,40.29356,2026-09-03 10:05:00+00:00
1788430200000,77658.8,77664.0,77540.0,77562.89,19.35151,2026-09-03 10:10:00+00:00
1788430500000,77562.9,77621.84,77528.73,77621.84,24.73016,2026-09-03 10:15:00+00:00
1788430800000,77621.84,77708.0,77621.83,77650.01,19.07024,2026-09-03 10:20:00+00:00
1788431100000,77650.0,77660.0,77609.53,77630.96,29.71713,2026-09-03 10:25:00+00:00
1788431400000,77630.97,77650.59,77500.0,77506.61,40.05413,2026-09-03 10:30:00+00:00
1788431700000,77506.61,77547.03,77500.0,77547.03,33.26974,2026-09-03 10:35:00+00:00
1788432000000,77547.03,77547.03,77478.0,77508.66,39.69788,2026-09-03 10:40:00+00:00
1788432300000,77508.65,77594.0,77502.33,77578.67,34.49415,2026-09-03 10:45:00+00:00
1788432600000,77578.67,77773.26,77578.67,77715.01,32.27023,2026-09-03 10:50:00+00:00
1788432900000,77715.01,77770.0,77702.0,77735.88,27.60688,2026-09-03 10:55:00+00:00
1788433200000,77735.88,77790.0,77709.52,77752.0,25.2961,2026-09-03 11:00:00+00:00
1788433500000,77752.0,77822.89,77734.18,77812.92,38.27764,2026-09-03 11:05:00+00:00
1788433800000,77812.92,77822.89,77756.0,77822.89,16.11704,2026-09-03 11:10:00+00:00
1788434100000,77822.89,77945.67,77822.88,77925.48,51.50358,2026-09-03 11:15:00+00:00
1788434400000,77925.49,77934.0,77848.0,77907.06,25.0679,2026-09-03 11:20:00+00:00
1788434700000,77907.06,77959.03,77903.35,77927.21,20.92863,2026-09-03 11:25:00+00:00
1788435000000,77927.21,77976.0,77838.01,77936.99,64.72434,2026-09-03 11:30:00+00:00
1788435300000,77936.98,77950.0,77878.01,77947.32,26.74487,2026-09-03 11:35:00+00:00
1788435600000,77947.33,77982.0,77926.0,77929.91,28.35615,2026-09-03 11:40:00+00:00
1788435900000,77929.91,78004.94,77884.0,77895.15,47.19217,2026-09-03 11:45:00+00:00
1788436200000,77895.15,77941.68,77895.14,77901.97,23.37823,2026-09-03 11:50:00+00:00
1788436500000,77901.97,77983.85,77901.7,77948.39,29.18235,2026-09-03 11:55:00+00:00
1788436800000,77948.39,77948.4,77900.0,77940.0,35.28775,2026-09-03 12:00:00+00:00
1788437100000,77939.99,77958.0,77896.07,77958.0,29.85935,2026-09-03 12:05:00+00:00
1788437400000,77957.99,78100.0,77951.53,78085.0,74.50064,2026-09-03 12:10:00+00:00
1788437700000,78085.01,78142.01,77948.96,78002.67,48.43025,2026-09-03 12:15:00+00:00
1788438000000,78002.67,78012.0,77948.96,77989.24,29.13263,2026-09-03 12:20:00+00:00
1788438300000,77989.23,77991.23,77954.0,77970.09,14.99847,2026-09-03 12:25:00+00:00
1788438600000,77970.09,78446.54,77970.09,78292.0,240.26038,2026-09-03 12:30:00+00:00
1788438900000,78292.0,78400.0,78200.0,78353.99,64.64725,2026-09-03 12:35:00+00:00
1788439200000,78354.0,78408.0,78267.82,78308.0,53.88219,2026-09-03 12:40:00+00:00
1788439500000,78307.99,78390.36,78239.77,78360.66,62.67986,2026-09-03 12:45:00+00:00
1788439800000,78360.66,78597.03,78352.13,78551.0,162.95125,2026-09-03 12:50:00+00:00
1788440100000,78551.0,78782.75,78546.0,78652.38,163.3122,2026-09-03 12:55:00+00:00
1788440400000,78652.37,78712.0,78546.3,78608.01,91.25214,2026-09-03 13:00:00+00:00
1788440700000,78608.01,78618.49,78516.0,78532.81,85.63409,2026-09-03 13:05:00+00:00
1788441000000,78532.8,78596.0,78518.81,78548.6,42.68348,2026-09-03 13:10:00+00:00
1788441300000,78548.61,78562.52,78471.25,78489.39,44.98857,2026-09-03 13:15:00+00:00
1788441600000,78489.38,78600.0,78450.25,78589.95,32.21381,2026-09-03 13:20:00+00:00
1788441900000,78589.95,78589.95,78482.82,78494.83,54.49076,2026-09-03 13:25:00+00:00
1788442200000,78494.84,78696.0,78458.36,78619.92,114.04117,2026-09-03 13:30:00+00:00
1788442500000,78619.93,78860.0,78516.0,78848.33,151.86835,2026-09-03 13:35:00+00:00
1788442800000,78848.33,78926.0,78760.01,78896.01,131.81578,2026-09-03 13:40:00+00:00
1788443100000,78896.01,79000.0,78801.24,78830.31,163.72904,2026-09-03 13:45:00+00:00
1788443400000,78830.31,78968.72,78776.64,78781.77,83.17113,2026-09-03 13:50:00+00:00
1788443700000,78781.77,78862.0,78729.78,78840.52,56.85545,2026-09-03 13:55:00+00:00
1788444000000,78840.52,78920.0,78704.0,78900.72,105.48242,2026-09-03 14:00:00+00:00
1788444300000,78901.93,78951.9,78853.98,78879.75,68.28299,2026-09-03 14:05:00+00:00
1788444600000,78879.75,79000.0,78806.0,78990.0,94.88788,2026-09-03 14:10:00+00:00
1788444900000,78990.0,79136.0,78988.66,79016.58,243.76633,2026-09-03 14:15:00+00:00
1788445200000,79016.59,79384.3,79016.58,79376.0,183.44876,2026-09-03 14:20:00+00:00
1788445500000,79376.0,79678.77,79370.94,79664.01,272.3766,2026-09-03 14:25:00+00:00
1788445800000,79664.0,79872.98,79605.73,79760.05,219.04922,2026-09-03 14:30:00+00:00
1788446100000,79760.06,79859.4,79663.21,79665.27,178.07108,2026-09-03 14:35:00+00:00
1788446400000,79665.27,79875.0,79599.99,79764.72,155.01662,2026-09-03 14:40:00+00:00
1788446700000,79764.71,80500.0,79760.45,80360.0,501.17608,2026-09-03 14:45:00+00:00
1788447000000,80360.0,80468.37,80094.32,80255.39,219.46994,2026-09-03 14:50:00+00:00
1788447300000,80255.39,80561.0,80130.97,80549.97,272.48028,2026-09-03 14:55:00+00:00
1788447600000,80549.97,80966.63,80494.0,80812.96,461.50086,2026-09-03 15:00:00+00:00
1788447900000,80812.96,80882.4,80548.78,80586.96,757.38744,2026-09-03 15:05:00+00:00
1788448200000,80586.96,80637.26,80354.65,80557.84,293.37205,2026-09-03 15:10:00+00:00
1788448500000,80557.83,80666.0,80465.54,80605.86,177.64901,2026-09-03 15:15:00+00:00
1788448800000,80605.87,80778.0,80540.0,80748.0,216.18188,2026-09-03 15:20:00+00:00
1788449100000,80748.01,80782.53,80632.48,80743.75,80.30084,2026-09-03 15:25:00+00:00
1788449400000,80743.76,80882.01,80690.0,80866.11,128.15249,2026-09-03 15:30:00+00:00
1788449700000,80866.1,80968.0,80762.0,80967.99,108.379,2026-09-03 15:35:00+00:00
1788450000000,80968.0,81000.0,80861.2,80861.2,186.70307,2026-09-03 15:40:00+00:00
1788450300000,80861.2,80895.73,80731.18,80783.55,91.79538,2026-09-03 15:45:00+00:00
1788450600000,80783.55,81286.0,80778.52,81270.64,359.94659,2026-09-03 15:50:00+00:00
1788450900000,81270.63,81370.33,81145.05,81348.0,194.81673,2026-09-03 15:55:00+00:00
1788451200000,81348.0,81360.0,80782.69,80832.88,229.61398,2026-09-03 16:00:00+00:00
1788451500000,80832.88,81066.0,80784.01,80982.19,137.08209,2026-09-03 16:05:00+00:00
1788451800000,80982.19,81050.0,80902.83,80944.5,138.53025,2026-09-03 16:10:00+00:00
1788452100000,80944.5,80952.49,80707.53,80709.4,103.07688,2026-09-03 16:15:00+00:00
1788452400000,80709.4,80866.0,80699.8,80741.38,89.64491,2026-09-03 16:20:00+00:00
1788452700000,80741.38,80766.0,80613.52,80765.96,109.28477,2026-09-03 16:25:00+00:00
1788453000000,80765.96,80940.0,80765.61,80939.99,105.96255,2026-09-03 16:30:00+00:00
1788453300000,80939.99,80942.4,80784.84,80840.66,57.20676,2026-09-03 16:35:00+00:00
1788453600000,80840.66,80879.86,80770.0,80801.01,51.53792,2026-09-03 16:40:00+00:00
1788453900000,80801.01,81027.66,80777.03,80996.06,115.34573,2026-09-03 16:45:00+00:00
1788454200000,80996.06,81035.99,80896.67,80971.1,57.34727,2026-09-03 16:50:00+00:00
1788454500000,80971.11,81009.77,80916.41,80969.37,45.15264,2026-09-03 16:55:00+00:00
1788454800000,80969.37,80980.0,80898.14,80979.99,47.67507,2026-09-03 17:00:00+00:00
1788455100000,80979.99,81024.0,80886.0,81005.84,81.62421,2026-09-03 17:05:00+00:00
1788455400000,81005.85,81112.06,80969.83,81109.5,133.42413,2026-09-03 17:10:00+00:00
1788455700000,81109.5,81145.88,81031.62,81050.01,144.05347,2026-09-03 17:15:00+00:00
1788456000000,81050.0,81082.1,80932.0,81000.0,90.27136,2026-09-03 17:20:00+00:00
1788456300000,81000.0,81068.0,80966.0,80997.23,63.00321,2026-09-03 17:25:00+00:00
1788456600000,80997.24,81123.99,80997.23,81115.83,62.20378,2026-09-03 17:30:00+00:00
1788456900000,81115.82,81158.13,81066.0,81150.0,56.79582,2026-09-03 17:35:00+00:00
1788457200000,81149.99,81165.0,81078.37,81078.58,39.2484,2026-09-03 17:40:00+00:00
1788457500000,81078.58,81188.17,81041.04,81151.1,60.29997,2026-09-03 17:45:00+00:00
1788457800000,81151.09,81151.1,81017.94,81017.95,71.81149,2026-09-03 17:50:00+00:00
1788458100000,81017.94,81063.86,81006.0,81042.0,25.08443,2026-09-03 17:55:00+00:00
1788458400000,81042.0,81234.62,81019.57,81170.26,57.56428,2026-09-03 18:00:00+00:00
1788458700000,81170.27,81333.33,81150.0,81320.84,70.55802,2026-09-03 18:05:00+00:00
1788459000000,81320.85,81320.85,81167.47,81259.55,95.7532,2026-09-03 18:10:00+00:00
1788459300000,81259.55,81281.07,81137.14,81137.19,35.55762,2026-09-03 18:15:00+00:00
1788459600000,81137.2,81162.39,81019.24,81084.1,47.20972,2026-09-03 18:20:00+00:00
1788459900000,81084.1,81084.1,80948.0,80948.0,42.97022,2026-09-03 18:25:00+00:00
1788460200000,80948.01,80987.45,80904.0,80950.0,59.25223,2026-09-03 18:30:00+00:00
1788460500000,80950.0,81024.0,80950.0,81014.81,35.84282,2026-09-03 18:35:00+00:00
1788460800000,81014.8,81046.0,80956.0,80979.49,32.10979,2026-09-03 18:40:00+00:00
1788461100000,80979.5,81042.0,80963.24,81042.0,37.42057,2026-09-03 18:45:00+00:00
1788461400000,81041.99,81190.87,81037.69,81172.64,43.4564,2026-09-03 18:50:00+00:00
1788461700000,81172.64,81263.63,81172.64,81254.32,37.92895,2026-09-03 18:55:00+00:00
1788462000000,81254.31,81432.99,81216.99,81431.4,77.26386,2026-09-03 19:00:00+00:00
1788462300000,81431.41,81640.0,81171.98,81271.99,233.81245,2026-09-03 19:05:00+00:00
1788462600000,81272.0,81300.0,81184.0,81199.99,41.44459,2026-09-03 19:10:00+00:00
1788462900000,81200.0,81370.28,81177.69,81370.28,42.66783,2026-09-03 19:15:00+00:00
1788463200000,81370.28,81606.96,81370.27,81525.95,71.65758,2026-09-03 19:20:00+00:00
1788463500000,81525.95,81561.55,81396.0,81546.71,50.4218,2026-09-03 19:25:00+00:00
1788463800000,81546.71,81558.28,81377.69,81420.57,57.54979,2026-09-03 19:30:00+00:00
1788464100000,81420.57,81516.01,81390.0,81516.01,47.54002,2026-09-03 19:35:00+00:00
1788464400000,81516.01,81613.57,81496.46,81540.0,79.95905,2026-09-03 19:40:00+00:00
1788464700000,81540.0,81628.0,81460.92,81462.25,108.18239,2026-09-03 19:45:00+00:00
1788465000000,81462.25,81750.0,81462.25,81691.86,159.15471,2026-09-03 19:50:00+00:00
1788465300000,81691.86,81790.0,81667.73,81755.41,133.31216,2026-09-03 19:55:00+00:00
1788465600000,81755.41,81780.0,81401.99,81614.52,96.62669,2026-09-03 20:00:00+00:00
1788465900000,81614.52,81711.34,81528.82,81646.55,53.01538,2026-09-03 20:05:00+00:00
1788466200000,81646.56,81646.56,81411.14,81412.3,41.89341,2026-09-03 20:10:00+00:00
1788466500000,81412.3,81540.92,81402.37,81466.78,41.45958,2026-09-03 20:15:00+00:00
1788466800000,81466.78,81486.0,81392.74,81415.37,35.92421,2026-09-03 20:20:00+00:00
1788467100000,81415.37,81595.95,81394.52,81535.58,43.93397,2026-09-03 20:25:00+00:00
1788467400000,81535.57,81578.0,81456.5,81459.05,29.77671,2026-09-03 20:30:00+00:00
1788467700000,81459.04,81632.0,81407.81,81578.01,46.94131,2026-09-03 20:35:00+00:00
1788468000000,81578.0,81578.0,81468.9,81470.01,22.9748,2026-09-03 20:40:00+00:00
1788468300000,81470.01,81564.17,81429.06,81525.36,47.61633,2026-09-03 20:45:00+00:00
1788468600000,81525.37,81576.02,81434.45,81441.75,29.41655,2026-09-03 20:50:00+00:00
1788468900000,81441.74,81496.0,81416.01,81473.0,111.95678,2026-09-03 20:55:00+00:00
1788469200000,81473.0,81487.12,81351.2,81377.39,34.30775,2026-09-03 21:00:00+00:00
1788469500000,81377.4,81399.39,81288.0,81384.63,44.27918,2026-09-03 21:05:00+00:00
1788469800000,81384.63,81620.67,81384.62,81598.01,107.64615,2026-09-03 21:10:00+00:00
1788470100000,81598.01,81668.0,81506.55,81565.48,61.77929,2026-09-03 21:15:00+00:00
1788470400000,81565.47,81636.27,81510.53,81536.08,40.0409,2026-09-03 21:20:00+00:00
1788470700000,81536.08,81777.75,81516.95,81762.0,74.31124,2026-09-03 21:25:00+00:00
1788471000000,81762.0,82300.0,81761.99,82087.18,582.51961,2026-09-03 21:30:00+00:00
1788471300000,82087.17,82087.18,81646.55,81669.88,124.8999,2026-09-03 21:35:00+00:00
1788471600000,81669.94,81684.0,81522.54,81522.54,63.1389,2026-09-03 21:40:00+00:00
1788471900000,81522.54,81673.21,81416.0,81673.2,82.65664,2026-09-03 21:45:00+00:00
1788472200000,81673.2,81748.0,81624.01,81740.63,43.99047,2026-09-03 21:50:00+00:00
1788472500000,81740.62,81740.62,81582.01,81590.0,33.00118,2026-09-03 21:55:00+00:00
1788472800000,81590.0,81604.65,81381.48,81554.09,52.70355,2026-09-03 22:00:00+00:00
1788473100000,81554.09,81589.3,81422.02,81441.7,45.90405,2026-09-03 22:05:00+00:00
1788473400000,81441.69,81441.69,81260.99,81378.35,86.34748,2026-09-03 22:10:00+00:00
1788473700000,81378.35,81399.39,81300.0,81300.0,37.7335,2026-09-03 22:15:00+00:00
1788474000000,81300.0,81363.39,81256.0,81286.0,69.00844,2026-09-03 22:20:00+00:00
1788474300000,81286.0,81286.0,81124.51,81131.82,52.04282,2026-09-03 22:25:00+00:00
1788474600000,81131.81,81187.49,80905.05,81025.19,133.52144,2026-09-03 22:30:00+00:00
1788474900000,81025.19,81198.87,81013.02,81117.17,56.18592,2026-09-03 22:35:00+00:00
1788475200000,81117.17,81239.6,81117.17,81194.93,60.06673,2026-09-03 22:40:00+00:00
1788475500000,81194.94,81272.0,81162.0,81162.0,28.37449,2026-09-03 22:45:00+00:00
1788475800000,81162.01,81206.0,81064.04,81136.19,45.69615,2026-09-03 22:50:00+00:00
1788476100000,81136.2,81198.0,81105.64,81140.0,44.98748,2026-09-03 22:55:00+00:00
1788476400000,81140.0,81184.8,81112.0,81184.8,44.35055,2026-09-03 23:00:00+00:00
1788476700000,81184.79,81213.01,81172.22,81178.93,27.11079,2026-09-03 23:05:00+00:00
1788477000000,81178.92,81210.0,81078.0,81172.02,42.99609,2026-09-03 23:10:00+00:00
1788477300000,81172.01,81266.0,81164.0,81219.48,47.75733,2026-09-03 23:15:00+00:00
1788477600000,81219.48,81231.81,81184.23,81184.23,35.63258,2026-09-03 23:20:00+00:00
1788477900000,81184.24,81282.0,81160.0,81281.99,25.74895,2026-09-03 23:25:00+00:00
1788478200000,81281.99,81292.0,81126.0,81187.22,27.93233,2026-09-03 23:30:00+00:00
1788478500000,81187.21,81320.19,81176.52,81315.37,32.96109,2026-09-03 23:35:00+00:00
1788478800000,81315.36,81338.0,81209.84,81234.0,38.8038,2026-09-03 23:40:00+00:00
1788479100000,81234.01,81253.94,81181.95,81230.17,18.19523,2026-09-03 23:45:00+00:00
1788479400000,81230.17,81328.76,81230.17,81295.64,39.66111,2026-09-03 23:50:00+00:00
1788479700000,81295.63,81295.64,81239.79,81270.37,26.84248,2026-09-03 23:55:00+00:00
1788480000000,81270.37,81270.38,81105.16,81166.0,49.85033,2026-09-04 00:00:00+00:00
1788480300000,81165.99,81221.71,81084.0,81219.51,62.73681,2026-09-04 00:05:00+00:00
1788480600000,81219.51,81252.0,81158.34,81244.0,27.90282,2026-09-04 00:10:00+00:00
1788480900000,81244.0,81349.1,81154.02,81192.0,66.78762,2026-09-04 00:15:00+00:00
1788481200000,81191.99,81307.64,81173.34,81260.14,37.13178,2026-09-04 00:20:00+00:00
1788481500000,81260.14,81260.15,81148.01,81148.01,30.6073,2026-09-04 00:25:00+00:00
1788481800000,81148.0,81300.0,81143.16,81299.99,48.49065,2026-09-04 00:30:00+00:00
1788482100000,81299.99,81390.26,81299.99,81390.26,30.61551,2026-09-04 00:35:00+00:00
1788482400000,81390.26,81427.75,81126.0,81224.0,102.38694,2026-09-04 00:40:00+00:00
1788482700000,81224.0,81240.0,81086.82,81138.06,45.36434,2026-09-04 00:45:00+00:00
1788483000000,81138.06,81143.53,81004.0,81033.85,92.71707,2026-09-04 00:50:00+00:00
1788483300000,81033.85,81050.0,80960.0,80972.12,48.61015,2026-09-04 00:55:00+00:00
1788483600000,80972.11,81072.26,80938.0,80938.0,66.42228,2026-09-04 01:00:00+00:00
1788483900000,80938.01,81097.92,80906.43,81042.37,43.63966,2026-09-04 01:05:00+00:00
1788484200000,81042.37,81075.99,80926.0,80944.19,25.68271,2026-09-04 01:10:00+00:00
1788484500000,80944.19,81022.0,80916.03,80916.03,47.10769,2026-09-04 01:15:00+00:00
1788484800000,80916.04,80992.0,80787.12,80797.6,64.16982,2026-09-04 01:20:00+00:00
1788485100000,80797.59,80900.0,80786.44,80827.07,44.46062,2026-09-04 01:25:00+00:00
1788485400000,80827.08,80931.4,80793.92,80808.62,58.32275,2026-09-04 01:30:00+00:00
1788485700000,80808.63,80912.0,80794.33,80838.29,32.47483,2026-09-04 01:35:00+00:00
1788486000000,80838.29,80844.09,80759.52,80785.0,45.59122,2026-09-04 01:40:00+00:00
1788486300000,80785.01,80900.0,80774.39,80869.44,30.57262,2026-09-04 01:45:00+00:00
1788486600000,80869.44,80990.0,80868.66,80975.7,19.61312,2026-09-04 01:50:00+00:00
1788486900000,80975.7,81031.63,80951.99,80968.01,27.50863,2026-09-04 01:55:00+00:00
1788487200000,80968.01,80968.01,80818.79,80827.79,28.18251,2026-09-04 02:00:00+00:00
1788487500000,80827.8,80875.75,80782.71,80799.04,30.66686,2026-09-04 02:05:00+00:00
1788487800000,80799.05,80829.89,80777.98,80799.5,39.0657,2026-09-04 02:10:00+00:00
1788488100000,80799.51,80871.16,80741.69,80753.8,94.87329,2026-09-04 02:15:00+00:00
1788488400000,80753.79,80758.44,80690.0,80690.0,33.85146,2026-09-04 02:20:00+00:00
1788488700000,80690.0,80725.99,80685.0,80716.65,35.66128,2026-09-04 02:25:00+00:00
1788489000000,80716.64,80809.1,80716.64,80768.14,43.9426,2026-09-04 02:30:00+00:00
1788489300000,80768.14,80846.25,80686.0,80846.25,21.35825,2026-09-04 02:35:00+00:00
1788489600000,80846.25,80846.25,80744.0,80744.01,20.71527,2026-09-04 02:40:00+00:00
1788489900000,80744.01,80744.01,80669.45,80669.8,28.18183,2026-09-04 02:45:00+00:00
1788490200000,80669.81,80764.0,80669.81,80763.99,38.77956,2026-09-04 02:50:00+00:00
1788490500000,80763.99,80831.99,80763.99,80831.99,18.49643,2026-09-04 02:55:00+00:00
1788490800000,80832.0,80948.0,80831.99,80887.45,48.22901,2026-09-04 03:00:00+00:00
1788491100000,80887.45,81021.8,80884.0,80967.77,66.96447,2026-09-04 03:05:00+00:00
1788491400000,80967.77,80967.77,80888.0,80931.78,42.60219,2026-09-04 03:10:00+00:00
1788491700000,80931.78,80947.99,80894.75,80910.58,36.77048,2026-09-04 03:15:00+00:00
1788492000000,80910.57,80943.5,80900.01,80925.49,58.85903,2026-09-04 03:20:00+00:00
1788492300000,80925.5,80925.5,80842.0,80842.01,35.9602,2026-09-04 03:25:00+00:00
1788492600000,80842.0,80873.34,80822.64,80822.65,43.99695,2026-09-04 03:30:00+00:00
1788492900000,80822.64,80887.18,80806.0,80840.0,45.3178,2026-09-04 03:35:00+00:00
1788493200000,80839.99,80875.2,80816.52,80873.69,29.83471,2026-09-04 03:40:00+00:00
1788493500000,80873.7,80969.84,80856.32,80932.58,49.03111,2026-09-04 03:45:00+00:00
1788493800000,80932.57,80945.42,80901.58,80932.89,31.86031,2026-09-04 03:50:00+00:00
1788494100000,80932.88,80932.89,80850.0,80850.0,34.39078,2026-09-04 03:55:00+00:00
1788494400000,80850.01,80855.2,80820.0,80855.19,36.48934,2026-09-04 04:00:00+00:00
1788494700000,80855.19,80882.42,80855.19,80866.09,26.05682,2026-09-04 04:05:00+00:00
1788495000000,80866.09,80973.99,80858.14,80973.99,37.67067,2026-09-04 04:10:00+00:00
1788495300000,80973.99,81090.45,80962.12,81087.72,50.48381,2026-09-04 04:15:00+00:00
1788495600000,81087.71,81207.98,81087.71,81207.98,44.09375,2026-09-04 04:20:00+00:00
1788495900000,81208.0,81288.0,81160.0,81267.64,93.29179,2026-09-04 04:25:00+00:00
1788496200000,81267.65,81275.58,81171.18,81182.02,105.02615,2026-09-04 04:30:00+00:00
1788496500000,81182.02,81186.58,81035.31,81050.94,41.1613,2026-09-04 04:35:00+00:00
1788496800000,81050.94,81106.0,81019.0,81039.29,48.25277,2026-09-04 04:40:00+00:00
1788497100000,81039.3,81121.88,81028.31,81054.01,31.28542,2026-09-04 04:45:00+00:00
1788497400000,81054.0,81106.07,81042.06,81070.61,34.80253,2026-09-04 04:50:00+00:00
1788497700000,81070.6,81142.0,81057.13,81070.54,53.85046,2026-09-04 04:55:00+00:00
1788498000000,81070.54,81070.54,80974.45,81012.72,53.39915,2026-09-04 05:00:00+00:00
1788498300000,81012.72,81079.69,80990.0,81061.51,49.95578,2026-09-04 05:05:00+00:00
1788498600000,81061.51,81070.0,80980.0,80980.01,38.54701,2026-09-04 05:10:00+00:00
1788498900000,80980.01,81143.3,80951.0,81104.8,64.54055,2026-09-04 05:15:00+00:00
1788499200000,81104.8,81126.0,81034.01,81126.0,45.90685,2026-09-04 05:20:00+00:00
1788499500000,81125.99,81142.0,81024.32,81024.32,52.15054,2026-09-04 05:25:00+00:00
1788499800000,81024.16,81024.16,80905.05,80998.0,53.28886,2026-09-04 05:30:00+00:00
1788500100000,80997.99,81018.74,80920.47,80920.47,60.2331,2026-09-04 05:35:00+00:00
1788500400000,80920.48,80986.0,80920.48,80985.99,33.85053,2026-09-04 05:40:00+00:00
1788500700000,80986.0,81060.0,80898.0,80898.01,72.26237,2026-09-04 05:45:00+00:00
1788501000000,80898.0,80903.44,80863.03,80863.14,36.00397,2026-09-04 05:50:00+00:00
1788501300000,80863.14,81034.0,80863.14,80996.15,33.59373,2026-09-04 05:55:00+00:00
1788501600000,80996.15,80996.15,80910.0,80949.82,43.28653,2026-09-04 06:00:00+00:00
1788501900000,80949.82,81022.25,80929.35,81022.25,27.6309,2026-09-04 06:05:00+00:00
1788502200000,81023.6,81090.0,81018.27,81018.28,31.23663,2026-09-04 06:10:00+00:00
1788502500000,81018.27,81036.0,80964.0,80985.99,41.37695,2026-09-04 06:15:00+00:00
1788502800000,80985.99,80986.0,80848.0,80848.01,24.13747,2026-09-04 06:20:00+00:00
1788503100000,80848.01,80848.01,80700.0,80725.38,40.84775,2026-09-04 06:25:00+00:00
1788503400000,80725.37,80771.86,80702.0,80702.01,26.21295,2026-09-04 06:30:00+00:00
1788503700000,80702.0,80758.0,80573.21,80745.86,79.90644,2026-09-04 06:35:00+00:00
1788504000000,80745.86,80856.36,80745.86,80847.84,33.22717,2026-09-04 06:40:00+00:00
1788504300000,80847.84,80859.05,80756.16,80765.19,20.67411,2026-09-04 06:45:00+00:00
1788504600000,80765.18,80778.0,80700.02,80778.0,48.2155,2026-09-04 06:50:00+00:00
1788504900000,80778.0,80800.0,80750.0,80797.39,18.86285,2026-09-04 06:55:00+00:00
1788505200000,80797.4,80893.09,80789.61,80893.09,37.7033,2026-09-04 07:00:00+00:00
1788505500000,80893.09,80928.98,80866.0,80920.95,40.82641,2026-09-04 07:05:00+00:00
1788505800000,80920.95,80966.75,80909.46,80938.02,52.29546,2026-09-04 07:10:00+00:00
1788506100000,80938.01,80938.01,80856.0,80930.11,31.21459,2026-09-04 07:15:00+00:00
1788506400000,80930.12,80964.76,80847.07,80851.25,25.56029,2026-09-04 07:20:00+00:00
1788506700000,80851.25,80903.41,80846.0,80862.05,27.75834,2026-09-04 07:25:00+00:00
1788507000000,80862.05,80905.06,80836.0,80849.44,67.84324,2026-09-04 07:30:00+00:00
1788507300000,80849.45,80849.45,80744.0,80777.99,74.77896,2026-09-04 07:35:00+00:00
1788507600000,80778.0,80800.0,80756.44,80769.91,85.49268,2026-09-04 07:40:00+00:00
1788507900000,80769.92,80785.36,80720.48,80740.0,78.12064,2026-09-04 07:45:00+00:00
1788508200000,80740.0,80751.58,80690.35,80690.35,87.22739,2026-09-04 07:50:00+00:00
1788508500000,80690.34,80711.17,80641.65,80656.87,97.01352,2026-09-04 07:55:00+00:00
1788508800000,80656.86,80701.56,80632.0,80632.02,43.08899,2026-09-04 08:00:00+00:00
1788509100000,80632.02,80728.0,80502.87,80712.89,83.36761,2026-09-04 08:05:00+00:00
1788509400000,80712.88,80773.97,80704.0,80773.96,43.15717,2026-09-04 08:10:00+00:00
1788509700000,80773.96,80872.0,80773.96,80872.0,33.87607,2026-09-04 08:15:00+00:00
1788510000000,80872.0,80920.0,80856.61,80920.0,20.73936,2026-09-04 08:20:00+00:00
1788510300000,80919.99,80997.36,80919.99,80982.57,41.10596,2026-09-04 08:25:00+00:00
1788510600000,80982.57,81150.0,80974.0,81108.01,101.20115,2026-09-04 08:30:00+00:00
1788510900000,81108.02,81154.4,81056.01,81099.88,89.66293,2026-09-04 08:35:00+00:00
1788511200000,81099.88,81152.0,81036.0,81048.29,55.89279,2026-09-04 08:40:00+00:00
1788511500000,81048.29,81217.0,81000.0,81116.4,117.61291,2026-09-04 08:45:00+00:00
1788511800000,81116.4,81237.0,81100.0,81215.31,74.10159,2026-09-04 08:50:00+00:00
1788512100000,81215.31,81215.32,81120.0,81147.16,50.23901,2026-09-04 08:55:00+00:00
1788512400000,81147.16,81230.0,81126.54,81168.74,75.2117,2026-09-04 09:00:00+00:00
1788512700000,81168.73,81194.0,81100.87,81123.99,48.19521,2026-09-04 09:05:00+00:00
1788513000000,81124.0,81169.7,81081.94,81091.16,48.18616,2026-09-04 09:10:00+00:00
1788513300000,81091.16,81310.0,81091.15,81182.05,104.06654,2026-09-04 09:15:00+00:00
1788513600000,81182.05,81196.78,80952.78,80978.01,71.84863,2026-09-04 09:20:00+00:00
1788513900000,80978.0,81051.66,80934.24,81037.65,111.70069,2026-09-04 09:25:00+00:00
1788514200000,81037.66,81144.0,80984.0,81082.01,69.23473,2026-09-04 09:30:00+00:00
1788514500000,81082.01,81216.0,81031.62,81167.84,72.38509,2026-09-04 09:35:00+00:00
1788514800000,81167.84,81224.76,81143.09,81169.09,48.57679,2026-09-04 09:40:00+00:00
1788515100000,81169.09,81223.97,81074.67,81105.9,156.85104,2026-09-04 09:45:00+00:00
1788515400000,81105.9,81128.0,81031.96,81113.47,98.43991,2026-09-04 09:50:00+00:00
1788515700000,81113.47,81187.51,81035.46,81056.63,64.17696,2026-09-04 09:55:00+00:00
1788516000000,81056.63,81124.0,80976.0,81113.99,43.59902,2026-09-04 10:00:00+00:00
1788516300000,81113.99,81114.0,80918.82,80926.46,41.87525,2026-09-04 10:05:00+00:00
1788516600000,80926.45,81010.0,80887.28,80963.99,57.38558,2026-09-04 10:10:00+00:00
1788516900000,80964.0,80976.0,80836.56,80851.78,29.97352,2026-09-04 10:15:00+00:00
1788517200000,80851.78,80897.01,80831.14,80861.4,35.62493,2026-09-04 10:20:00+00:00
1788517500000,80861.41,80968.82,80846.24,80961.18,36.20559,2026-09-04 10:25:00+00:00
1788517800000,80961.18,81064.91,80906.26,80964.01,58.85304,2026-09-04 10:30:00+00:00
1788518100000,80964.0,81093.37,80964.0,81091.75,48.10623,2026-09-04 10:35:00+00:00
1788518400000,81091.74,81116.9,81032.0,81069.83,41.86006,2026-09-04 10:40:00+00:00
1788518700000,81069.84,81110.68,81046.54,81080.7,24.14981,2026-09-04 10:45:00+00:00
1788519000000,81080.69,81108.0,81028.0,81108.0,28.26798,2026-09-04 10:50:00+00:00
1788519300000,81107.99,81194.0,81107.99,81179.63,37.49538,2026-09-04 10:55:00+00:00
1788519600000,81179.64,81187.59,81080.01,81109.39,46.41686,2026-09-04 11:00:00+00:00
1788519900000,81109.4,81185.0,81109.39,81172.83,43.0895,2026-09-04 11:05:00+00:00
1788520200000,81172.82,81229.3,81134.0,81187.15,30.84216,2026-09-04 11:10:00+00:00
1788520500000,81187.14,81227.52,81134.0,81178.0,46.64111,2026-09-04 11:15:00+00:00
1788520800000,81177.99,81292.0,81177.99,81276.25,40.58138,2026-09-04 11:20:00+00:00
1788521100000,81276.25,81423.03,81263.39,81336.21,60.36274,2026-09-04 11:25:00+00:00
1788521400000,81336.2,81336.2,81248.31,81248.31,42.90279,2026-09-04 11:30:00+00:00
1788521700000,81248.32,81324.0,81248.31,81291.58,28.13532,2026-09-04 11:35:00+00:00
1788522000000,81291.57,81291.58,81200.0,81247.99,28.98559,2026-09-04 11:40:00+00:00
1788522300000,81247.99,81283.07,81208.0,81267.35,40.14464,2026-09-04 11:45:00+00:00
1788522600000,81267.35,81351.56,81250.0,81277.99,61.27787,2026-09-04 11:50:00+00:00
1788522900000,81278.0,81321.73,81208.0,81224.86,43.0674,2026-09-04 11:55:00+00:00
1788523200000,81224.86,81262.0,81155.31,81204.0,92.67997,2026-09-04 12:00:00+00:00
1788523500000,81203.99,81273.99,81138.0,81222.17,63.54018,2026-09-04 12:05:00+00:00
1788523800000,81222.17,81259.84,81138.0,81250.38,37.96575,2026-09-04 12:10:00+00:00
1788524100000,81250.38,81250.39,81130.0,81169.99,45.35953,2026-09-04 12:15:00+00:00
1788524400000,81170.0,81223.84,81136.0,81216.99,27.92073,2026-09-04 12:20:00+00:00
1788524700000,81216.99,81350.0,81200.54,81340.0,55.59603,2026-09-04 12:25:00+00:00
1788525000000,81340.0,81340.0,79661.01,79842.31,1644.80372,2026-09-04 12:30:00+00:00
1788525300000,79842.3,79980.82,79414.0,79950.01,513.00039,2026-09-04 12:35:00+00:00
1788525600000,79950.0,80112.11,79681.81,79686.0,344.97839,2026-09-04 12:40:00+00:00
1788525900000,79686.0,79690.78,79177.77,79450.56,452.5234,2026-09-04 12:45:00+00:00
1788526200000,79450.56,79654.0,79340.0,79615.62,260.48511,2026-09-04 12:50:00+00:00
1788526500000,79615.62,79615.63,79321.0,79453.96,152.34349,2026-09-04 12:55:00+00:00
1788526800000,79453.95,79583.97,79381.28,79418.71,163.92344,2026-09-04 13:00:00+00:00
1788527100000,79418.71,79458.81,79189.0,79293.59,201.18315,2026-09-04 13:05:00+00:00
1788527400000,79293.59,79348.0,79207.0,79233.99,134.60265,2026-09-04 13:10:00+00:00
1788527700000,79233.99,79411.75,79205.9,79351.34,137.52826,2026-09-04 13:15:00+00:00
1788528000000,79351.34,79452.0,79333.48,79414.23,88.95883,2026-09-04 13:20:00+00:00
1788528300000,79414.23,79492.84,79270.49,79312.0,126.80044,2026-09-04 13:25:00+00:00
1788528600000,79312.0,79545.15,79200.0,79264.0,174.61015,2026-09-04 13:30:00+00:00
1788528900000,79264.0,79426.0,79000.0,79349.99,332.7229,2026-09-04 13:35:00+00:00
1788529200000,79349.99,79442.63,79271.34,79401.99,165.22488,2026-09-04 13:40:00+00:00
1788529500000,79401.99,79704.0,79332.01,79663.77,158.137,2026-09-04 13:45:00+00:00
1788529800000,79663.78,79667.28,79237.54,79287.36,138.98982,2026-09-04 13:50:00+00:00
1788530100000,79287.35,79515.31,79287.35,79378.67,105.16032,2026-09-04 13:55:00+00:00
1788530400000,79378.66,79572.0,79352.0,79480.42,110.19216,2026-09-04 14:00:00+00:00
1788530700000,79480.41,79536.98,79250.0,79281.35,159.28127,2026-09-04 14:05:00+00:00
1788531000000,79281.34,79474.03,79250.0,79414.01,112.80393,2026-09-04 14:10:00+00:00
1788531300000,79414.0,79508.95,79175.0,79175.0,91.78863,2026-09-04 14:15:00+00:00
1788531600000,79175.0,79355.69,79080.55,79322.0,186.82694,2026-09-04 14:20:00+00:00
1788531900000,79322.0,79418.0,79308.0,79378.58,108.53702,2026-09-04 14:25:00+00:00
1788532200000,79378.59,79420.0,79314.88,79399.99,82.90254,2026-09-04 14:30:00+00:00
1788532500000,79399.99,79470.0,79250.37,79325.65,105.38587,2026-09-04 14:35:00+00:00
1788532800000,79325.65,79325.65,78868.58,79036.05,218.42324,2026-09-04 14:40:00+00:00
1788533100000,79036.05,79144.0,78678.78,78697.67,278.28102,2026-09-04 14:45:00+00:00
1788533400000,78697.67,78925.35,78660.0,78814.2,227.95109,2026-09-04 14:50:00+00:00
1788533700000,78814.21,79000.0,78814.21,78915.71,134.35978,2026-09-04 14:55:00+00:00
1788534000000,78915.71,79020.0,78800.0,79000.28,104.83544,2026-09-04 15:00:00+00:00
1788534300000,79000.29,79199.0,78958.0,79198.84,97.64534,2026-09-04 15:05:00+00:00
1788534600000,79198.84,79198.85,79093.8,79198.84,96.03188,2026-09-04 15:10:00+00:00
1788534900000,79198.84,79291.92,79172.0,79254.22,62.2167,2026-09-04 15:15:00+00:00
1788535200000,79254.22,79304.0,79226.05,79304.0,76.55969,2026-09-04 15:20:00+00:00
1788535500000,79304.0,79436.3,79303.99,79413.03,109.82943,2026-09-04 15:25:00+00:00
1788535800000,79413.03,79444.25,79361.18,79364.0,68.30473,2026-09-04 15:30:00+00:00
1788536100000,79364.0,79538.52,79364.0,79534.69,90.70686,2026-09-04 15:35:00+00:00
1788536400000,79534.69,79543.47,79501.56,79520.97,60.0129,2026-09-04 15:40:00+00:00
1788536700000,79520.96,79555.32,79388.97,79391.13,83.14679,2026-09-04 15:45:00+00:00
1788537000000,79391.13,79501.02,79391.13,79430.81,39.09237,2026-09-04 15:50:00+00:00
1788537300000,79430.81,79492.0,79404.0,79429.33,54.39768,2026-09-04 15:55:00+00:00
1788537600000,79429.33,79472.0,79378.19,79416.0,63.48868,2026-09-04 16:00:00+00:00
1788537900000,79416.01,79530.43,79410.27,79458.01,53.66852,2026-09-04 16:05:00+00:00
1788538200000,79458.01,79516.21,79454.0,79454.0,44.0235,2026-09-04 16:10:00+00:00
1788538500000,79454.0,79510.37,79440.0,79472.0,53.84679,2026-09-04 16:15:00+00:00
1788538800000,79472.0,79522.0,79464.37,79518.7,70.59906,2026-09-04 16:20:00+00:00
1788539100000,79518.7,79586.09,79493.39,79549.34,129.69474,2026-09-04 16:25:00+00:00
1788539400000,79549.35,79814.84,79543.3,79760.49,161.80146,2026-09-04 16:30:00+00:00
1788539700000,79760.49,79819.64,79687.27,79699.84,106.29471,2026-09-04 16:35:00+00:00
1788540000000,79699.84,79862.46,79699.84,79852.96,81.396,2026-09-04 16:40:00+00:00
1788540300000,79852.96,79852.96,79748.0,79792.38,78.79443,2026-09-04 16:45:00+00:00
1788540600000,79792.39,79877.07,79730.47,79742.17,128.35484,2026-09-04 16:50:00+00:00
1788540900000,79742.16,79814.52,79740.38,79745.73,87.87231,2026-09-04 16:55:00+00:00
1788541200000,79745.72,79752.92,79652.0,79687.6,51.01208,2026-09-04 17:00:00+00:00
1788541500000,79687.6,79722.0,79673.21,79692.01,37.71157,2026-09-04 17:05:00+00:00
1788541800000,79692.0,79704.0,79616.0,79616.0,60.14073,2026-09-04 17:10:00+00:00
1788542100000,79616.01,79631.58,79512.54,79596.01,27.8641,2026-09-04 17:15:00+00:00
1788542400000,79596.01,79648.98,79570.0,79591.85,30.74574,2026-09-04 17:20:00+00:00
1788542700000,79591.86,79597.52,79511.58,79511.59,21.20298,2026-09-04 17:25:00+00:00
1788543000000,79511.59,79568.0,79503.15,79506.83,26.62864,2026-09-04 17:30:00+00:00
1788543300000,79506.82,79582.0,79461.55,79573.19,33.7408,2026-09-04 17:35:00+00:00
1788543600000,79573.19,79573.19,79439.21,79479.45,31.7854,2026-09-04 17:40:00+00:00
1788543900000,79479.46,79513.15,79440.0,79486.0,20.03727,2026-09-04 17:45:00+00:00
1788544200000,79486.01,79486.01,79383.0,79466.0,33.28021,2026-09-04 17:50:00+00:00
1788544500000,79465.99,79518.0,79454.67,79472.22,18.3654,2026-09-04 17:55:00+00:00
1788544800000,79472.22,79575.0,79472.22,79555.38,32.4046,2026-09-04 18:00:00+00:00
1788545100000,79555.38,79592.0,79528.01,79592.0,23.04521,2026-09-04 18:05:00+00:00
1788545400000,79591.99,79591.99,79513.39,79527.54,28.46186,2026-09-04 18:10:00+00:00
1788545700000,79527.55,79578.0,79527.54,79575.5,22.26225,2026-09-04 18:15:00+00:00
1788546000000,79575.51,79614.0,79562.24,79573.2,23.07769,2026-09-04 18:20:00+00:00
1788546300000,79573.2,79581.62,79533.56,79534.55,17.13133,2026-09-04 18:25:00+00:00
1788546600000,79534.56,79629.29,79534.56,79629.29,19.91226,2026-09-04 18:30:00+00:00
1788546900000,79629.28,79629.29,79538.0,79573.67,28.18589,2026-09-04 18:35:00+00:00
1788547200000,79573.67,79650.0,79573.66,79638.01,19.56678,2026-09-04 18:40:00+00:00
1788547500000,79638.0,79638.01,79604.28,79604.29,16.18394,2026-09-04 18:45:00+00:00
1788547800000,79604.28,79632.0,79594.9,79630.39,10.10277,2026-09-04 18:50:00+00:00
1788548100000,79630.4,79655.86,79597.47,79618.15,23.00658,2026-09-04 18:55:00+00:00
1788548400000,79618.15,79723.91,79618.14,79717.57,28.16222,2026-09-04 19:00:00+00:00
1788548700000,79717.58,79728.0,79704.0,79724.66,19.28937,2026-09-04 19:05:00+00:00
1788549000000,79724.67,79724.67,79672.32,79706.0,17.72265,2026-09-04 19:10:00+00:00
1788549300000,79705.99,79789.25,79691.65,79789.24,77.52751,2026-09-04 19:15:00+00:00
1788549600000,79789.25,79804.39,79776.0,79804.38,27.74649,2026-09-04 19:20:00+00:00
1788549900000,79804.38,79819.99,79790.58,79808.23,28.59655,2026-09-04 19:25:00+00:00
1788550200000,79808.23,79808.23,79704.0,79756.27,34.67653,2026-09-04 19:30:00+00:00
1788550500000,79756.27,79756.27,79640.0,79652.72,31.70778,2026-09-04 19:35:00+00:00
1788550800000,79652.72,79690.0,79636.95,79682.72,15.66796,2026-09-04 19:40:00+00:00
1788551100000,79682.73,79739.74,79660.46,79739.74,35.97383,2026-09-04 19:45:00+00:00
1788551400000,79739.74,79739.74,79642.0,79685.99,31.36737,2026-09-04 19:50:00+00:00
1788551700000,79685.99,79810.0,79685.99,79793.34,43.53413,2026-09-04 19:55:00+00:00
1788552000000,79793.35,79850.0,79768.28,79833.64,41.77495,2026-09-04 20:00:00+00:00
1788552300000,79833.63,79833.63,79770.0,79815.1,23.86164,2026-09-04 20:05:00+00:00
1788552600000,79815.09,79862.15,79794.62,79815.59,25.16614,2026-09-04 20:10:00+00:00
1788552900000,79815.59,79837.98,79802.0,79827.53,16.95526,2026-09-04 20:15:00+00:00
1788553200000,79827.52,79835.97,79747.76,79747.77,16.03043,2026-09-04 20:20:00+00:00
1788553500000,79747.77,79768.15,79747.76,79759.46,8.18569,2026-09-04 20:25:00+00:00
1788553800000,79759.46,79773.58,79728.0,79737.5,8.10197,2026-09-04 20:30:00+00:00
1788554100000,79737.5,79777.53,79724.0,79735.94,25.36413,2026-09-04 20:35:00+00:00
1788554400000,79735.94,79739.79,79700.0,79724.01,20.50472,2026-09-04 20:40:00+00:00
1788554700000,79724.02,79769.25,79706.0,79751.22,13.31068,2026-09-04 20:45:00+00:00
1788555000000,79751.22,79751.22,79667.99,79727.99,20.85937,2026-09-04 20:50:00+00:00
1788555300000,79728.0,79728.3,79686.0,79697.04,32.05696,2026-09-04 20:55:00+00:00
1788555600000,79697.03,79740.0,79697.03,79740.0,16.92948,2026-09-04 21:00:00+00:00
1788555900000,79740.0,79778.92,79739.99,79769.64,22.27056,2026-09-04 21:05:00+00:00
1788556200000,79769.64,79789.98,79769.59,79769.59,12.21836,2026-09-04 21:10:00+00:00
1788556500000,79769.6,79804.0,79769.59,79803.99,5.93759,2026-09-04 21:15:00+00:00
1788556800000,79803.99,79811.98,79774.52,79775.3,21.32188,2026-09-04 21:20:00+00:00
1788557100000,79775.29,79782.0,79736.01,79772.57,38.48959,2026-09-04 21:25:00+00:00
1788557400000,79772.56,79801.82,79771.03,79784.62,18.45521,2026-09-04 21:30:00+00:00
1788557700000,79784.62,79807.67,79784.61,79787.52,20.09616,2026-09-04 21:35:00+00:00
1788558000000,79787.52,79819.3,79746.74,79762.26,255.29383,2026-09-04 21:40:00+00:00
1788558300000,79762.27,79800.0,79713.77,79718.29,36.45051,2026-09-04 21:45:00+00:00
1788558600000,79718.3,79743.86,79512.0,79632.31,150.36445,2026-09-04 21:50:00+00:00
1788558900000,79632.32,79656.24,79558.18,79624.0,47.71416,2026-09-04 21:55:00+00:00
1788559200000,79624.0,79682.81,79624.0,79661.88,23.62972,2026-09-04 22:00:00+00:00
1788559500000,79661.89,79661.89,79635.11,79652.56,17.10607,2026-09-04 22:05:00+00:00
1788559800000,79652.57,79692.56,79624.0,79692.56,87.10555,2026-09-04 22:10:00+00:00
1788560100000,79692.56,79713.88,79657.77,79700.01,21.94483,2026-09-04 22:15:00+00:00
1788560400000,79700.01,79709.78,79671.74,79673.48,17.77717,2026-09-04 22:20:00+00:00
1788560700000,79673.48,79706.0,79604.0,79706.0,143.70033,2026-09-04 22:25:00+00:00
1788561000000,79706.0,79716.0,79677.15,79677.15,51.06387,2026-09-04 22:30:00+00:00
1788561300000,79677.16,79704.0,79677.15,79703.99,7.43626,2026-09-04 22:35:00+00:00
1788561600000,79704.0,79710.62,79662.0,79662.01,44.02046,2026-09-04 22:40:00+00:00
1788561900000,79662.0,79679.87,79624.88,79663.46,42.79233,2026-09-04 22:45:00+00:00
1788562200000,79663.45,79666.0,79644.71,79664.03,27.27476,2026-09-04 22:50:00+00:00
1788562500000,79664.04,79664.04,79622.58,79636.09,15.14603,2026-09-04 22:55:00+00:00
1788562800000,79636.09,79640.0,79600.89,79640.0,21.38845,2026-09-04 23:00:00+00:00
1788563100000,79639.99,79650.0,79634.29,79649.44,7.01827,2026-09-04 23:05:00+00:00
1788563400000,79649.45,79649.45,79602.19,79611.11,14.57465,2026-09-04 23:10:00+00:00
1788563700000,79611.12,79640.0,79611.11,79635.1,12.5033,2026-09-04 23:15:00+00:00
1788564000000,79635.11,79706.0,79635.1,79705.99,18.67923,2026-09-04 23:20:00+00:00
1788564300000,79706.0,79758.0,79701.46,79736.03,24.71847,2026-09-04 23:25:00+00:00
1788564600000,79736.02,79736.03,79684.65,79684.65,8.33635,2026-09-04 23:30:00+00:00
1788564900000,79684.66,79686.01,79675.13,79675.13,9.92747,2026-09-04 23:35:00+00:00
1788565200000,79675.13,79675.14,79668.01,79668.01,6.57091,2026-09-04 23:40:00+00:00
1788565500000,79668.02,79668.02,79647.64,79647.65,4.81234,2026-09-04 23:45:00+00:00
1788565800000,79647.65,79647.65,79617.16,79619.72,9.87403,2026-09-04 23:50:00+00:00
1788566100000,79619.73,79660.77,79619.72,79660.77,14.52617,2026-09-04 23:55:00+00:00
1788566400000,79660.77,79660.77,79636.0,79641.03,9.29951,2026-09-05 00:00:00+00:00
1788566700000,79641.02,79650.0,79616.58,79649.99,10.56526,2026-09-05 00:05:00+00:00
1788567000000,79650.0,79721.57,79649.99,79672.68,18.2277,2026-09-05 00:10:00+00:00
1788567300000,79672.68,79672.68,79600.0,79625.68,24.39247,2026-09-05 00:15:00+00:00
1788567600000,79625.68,79637.76,79625.67,79637.76,3.10919,2026-09-05 00:20:00+00:00
1788567900000,79637.76,79654.0,79637.75,79652.71,11.33411,2026-09-05 00:25:00+00:00
1788568200000,79652.72,79699.68,79645.95,79652.72,17.58232,2026-09-05 00:30:00+00:00
1788568500000,79652.72,79652.72,79630.46,79647.11,7.34126,2026-09-05 00:35:00+00:00
1788568800000,79647.11,79684.79,79624.0,79627.21,15.24783,2026-09-05 00:40:00+00:00
1788569100000,79627.21,79627.21,79574.0,79598.34,28.68123,2026-09-05 00:45:00+00:00
1788569400000,79598.35,79649.23,79598.34,79642.68,11.23384,2026-09-05 00:50:00+00:00
1788569700000,79642.68,79648.58,79562.0,79573.36,22.52506,2026-09-05 00:55:00+00:00
1788570000000,79573.37,79604.0,79550.75,79604.0,27.27597,2026-09-05 01:00:00+00:00
1788570300000,79604.0,79642.63,79594.9,79642.62,12.32578,2026-09-05 01:05:00+00:00
1788570600000,79642.62,79682.05,79625.46,79626.03,23.01641,2026-09-05 01:10:00+00:00
1788570900000,79626.02,79690.37,79626.02,79690.36,9.44513,2026-09-05 01:15:00+00:00
1788571200000,79690.37,79690.37,79646.0,79679.22,10.76689,2026-09-05 01:20:00+00:00
1788571500000,79679.22,79700.0,79604.0,79693.99,30.61314,2026-09-05 01:25:00+00:00
1788571800000,79693.99,79710.0,79668.92,79674.0,15.12643,2026-09-05 01:30:00+00:00
1788572100000,79674.01,79674.01,79610.0,79624.0,29.25883,2026-09-05 01:35:00+00:00
1788572400000,79623.99,79675.88,79614.0,79635.74,18.81393,2026-09-05 01:40:00+00:00
1788572700000,79635.74,79664.0,79585.48,79591.58,30.49387,2026-09-05 01:45:00+00:00
1788573000000,79591.58,79596.0,79562.0,79590.84,17.41742,2026-09-05 01:50:00+00:00
1788573300000,79590.84,79590.84,79533.34,79533.34,26.72271,2026-09-05 01:55:00+00:00
1788573600000,79533.34,79533.34,79472.22,79512.87,54.34947,2026-09-05 02:00:00+00:00
1788573900000,79512.86,79554.0,79506.47,79554.0,16.57522,2026-09-05 02:05:00+00:00
1788574200000,79554.0,79578.0,79553.99,79564.0,22.23216,2026-09-05 02:10:00+00:00
1788574500000,79564.01,79582.0,79564.0,79581.99,9.07577,2026-09-05 02:15:00+00:00
1788574800000,79581.99,79594.0,79560.57,79594.0,25.30605,2026-09-05 02:20:00+00:00
1788575100000,79593.99,79596.8,79512.0,79521.56,25.94932,2026-09-05 02:25:00+00:00
1788575400000,79521.55,79569.71,79521.55,79569.71,17.61848,2026-09-05 02:30:00+00:00
1788575700000,79569.71,79611.18,79559.6,79588.06,15.98461,2026-09-05 02:35:00+00:00
1788576000000,79588.05,79622.0,79588.05,79619.45,11.33506,2026-09-05 02:40:00+00:00
1788576300000,79619.44,79619.45,79568.0,79568.0,8.96674,2026-09-05 02:45:00+00:00
1788576600000,79568.01,79568.01,79538.58,79562.0,11.05249,2026-09-05 02:50:00+00:00
1788576900000,79562.0,79579.42,79561.99,79569.09,8.10401,2026-09-05 02:55:00+00:00
1788577200000,79569.09,79569.09,79546.01,79555.07,7.9118,2026-09-05 03:00:00+00:00
1788577500000,79555.07,79555.72,79518.72,79518.72,13.21836,2026-09-05 03:05:00+00:00
1788577800000,79518.72,79545.97,79510.93,79545.75,13.93084,2026-09-05 03:10:00+00:00
1788578100000,79545.76,79614.0,79545.75,79593.79,53.54724,2026-09-05 03:15:00+00:00
1788578400000,79593.8,79600.0,79564.0,79600.0,20.58293,2026-09-05 03:20:00+00:00
1788578700000,79599.99,79600.0,79584.0,79584.0,18.52565,2026-09-05 03:25:00+00:00
1788579000000,79584.01,79607.12,79584.0,79601.81,20.67628,2026-09-05 03:30:00+00:00
1788579300000,79601.8,79630.0,79601.8,79614.65,12.93332,2026-09-05 03:35:00+00:00
1788579600000,79614.65,79622.75,79614.65,79622.75,10.49963,2026-09-05 03:40:00+00:00
1788579900000,79622.75,79630.74,79622.75,79623.2,24.38337,2026-09-05 03:45:00+00:00
1788580200000,79623.19,79623.21,79596.0,79602.5,11.65497,2026-09-05 03:50:00+00:00
1788580500000,79602.5,79602.51,79581.57,79582.0,14.31463,2026-09-05 03:55:00+00:00
1788580800000,79581.99,79588.61,79538.0,79585.5,20.43024,2026-09-05 04:00:00+00:00
1788581100000,79585.51,79589.84,79546.0,79547.29,22.2813,2026-09-05 04:05:00+00:00
1788581400000,79547.28,79547.29,79513.29,79539.99,16.44569,2026-09-05 04:10:00+00:00
1788581700000,79540.0,79574.0,79539.99,79564.68,12.87866,2026-09-05 04:15:00+00:00
1788582000000,79564.69,79576.0,79564.68,79575.99,8.162,2026-09-05 04:20:00+00:00
1788582300000,79575.99,79576.0,79558.28,79558.28,19.55945,2026-09-05 04:25:00+00:00
1788582600000,79558.28,79560.12,79552.0,79560.12,9.97793,2026-09-05 04:30:00+00:00
1788582900000,79560.12,79560.12,79530.0,79530.01,22.35495,2026-09-05 04:35:00+00:00
1788583200000,79530.01,79533.29,79530.0,79533.28,8.09752,2026-09-05 04:40:00+00:00
1788583500000,79533.29,79559.88,79504.0,79559.87,92.08238,2026-09-05 04:45:00+00:00
1788583800000,79559.88,79559.88,79512.0,79548.02,26.07813,2026-09-05 04:50:00+00:00
1788584100000,79548.02,79548.02,79500.0,79500.01,25.61049,2026-09-05 04:55:00+00:00
1788584400000,79500.01,79506.37,79442.0,79467.95,21.74719,2026-09-05 05:00:00+00:00
1788584700000,79467.95,79480.66,79449.31,79460.0,122.54933,2026-09-05 05:05:00+00:00
1788585000000,79459.99,79558.73,79459.99,79558.73,13.68859,2026-09-05 05:10:00+00:00
1788585300000,79558.73,79570.0,79527.59,79558.2,149.64039,2026-09-05 05:15:00+00:00
1788585600000,79558.19,79561.61,79520.0,79534.21,13.24212,2026-09-05 05:20:00+00:00
1788585900000,79534.21,79586.04,79534.21,79586.04,7.35579,2026-09-05 05:25:00+00:00
1788586200000,79586.04,79594.0,79586.04,79593.99,9.92316,2026-09-05 05:30:00+00:00
1788586500000,79593.99,79594.0,79578.98,79578.98,4.98757,2026-09-05 05:35:00+00:00
1788586800000,79578.99,79580.0,79522.0,79522.01,18.79309,2026-09-05 05:40:00+00:00
1788587100000,79522.01,79522.01,79493.82,79500.17,18.68457,2026-09-05 05:45:00+00:00
1788587400000,79500.18,79577.06,79499.71,79570.0,87.52075,2026-09-05 05:50:00+00:00
1788587700000,79570.0,79600.01,79569.99,79577.53,18.42823,2026-09-05 05:55:00+00:00
1788588000000,79577.53,79609.09,79576.0,79609.09,15.88187,2026-09-05 06:00:00+00:00
1788588300000,79609.09,79620.81,79578.46,79578.49,22.48292,2026-09-05 06:05:00+00:00
1788588600000,79578.48,79635.97,79578.48,79626.54,24.89502,2026-09-05 06:10:00+00:00
1788588900000,79626.54,79626.55,79613.4,79625.17,9.52618,2026-09-05 06:15:00+00:00
1788589200000,79625.17,79640.0,79619.21,79623.73,25.99743,2026-09-05 06:20:00+00:00
1788589500000,79623.73,79645.45,79621.05,79643.03,19.99941,2026-09-05 06:25:00+00:00
1788589800000,79643.03,79647.05,79630.0,79630.0,17.68833,2026-09-05 06:30:00+00:00
1788590100000,79630.0,79715.72,79630.0,79715.72,23.92063,2026-09-05 06:35:00+00:00
1788590400000,79715.71,79715.72,79664.0,79664.0,21.21983,2026-09-05 06:40:00+00:00
1788590700000,79664.0,79666.11,79660.3,79666.11,15.43495,2026-09-05 06:45:00+00:00
1788591000000,79666.1,79666.11,79657.53,79657.54,19.96678,2026-09-05 06:50:00+00:00
1788591300000,79657.54,79684.78,79644.0,79644.01,38.75149,2026-09-05 06:55:00+00:00
1788591600000,79644.01,79695.96,79639.22,79686.45,40.3691,2026-09-05 07:00:00+00:00
1788591900000,79686.45,79691.27,79667.07,79667.07,13.57484,2026-09-05 07:05:00+00:00
1788592200000,79667.08,79698.0,79667.07,79692.44,25.66559,2026-09-05 07:10:00+00:00
1788592500000,79692.44,79707.6,79672.68,79672.68,25.57841,2026-09-05 07:15:00+00:00
1788592800000,79672.69,79707.59,79672.68,79707.59,11.63786,2026-09-05 07:20:00+00:00
1788593100000,79707.59,79717.59,79707.58,79717.58,14.04202,2026-09-05 07:25:00+00:00
1788593400000,79717.58,79749.7,79708.14,79746.97,40.12235,2026-09-05 07:30:00+00:00
1788593700000,79746.97,79746.98,79731.02,79731.02,14.49756,2026-09-05 07:35:00+00:00
1788594000000,79731.02,79732.48,79709.71,79730.74,29.90368,2026-09-05 07:40:00+00:00
1788594300000,79731.17,79763.41,79728.0,79728.0,20.86196,2026-09-05 07:45:00+00:00
1788594600000,79728.0,79740.05,79721.53,79731.83,16.57398,2026-09-05 07:50:00+00:00
1788594900000,79731.83,79731.84,79694.71,79709.96,20.4502,2026-09-05 07:55:00+00:00
1788595200000,79709.96,79709.96,79645.87,79645.88,25.129,2026-09-05 08:00:00+00:00
1788595500000,79645.87,79657.61,79633.38,79645.28,26.62473,2026-09-05 08:05:00+00:00
1788595800000,79645.29,79699.86,79645.28,79662.01,25.438,2026-09-05 08:10:00+00:00
1788596100000,79662.01,79727.95,79662.0,79664.22,32.48769,2026-09-05 08:15:00+00:00
1788596400000,79664.22,79682.39,79648.17,79648.57,20.65117,2026-09-05 08:20:00+00:00
1788596700000,79648.58,79648.58,79608.22,79639.43,35.58175,2026-09-05 08:25:00+00:00
1788597000000,79639.44,79639.44,79568.0,79568.01,39.54056,2026-09-05 08:30:00+00:00
1788597300000,79568.01,79636.76,79568.0,79614.0,40.43093,2026-09-05 08:35:00+00:00
1788597600000,79614.01,79615.3,79613.9,79615.3,29.79039,2026-09-05 08:40:00+00:00
1788597900000,79615.29,79615.3,79600.0,79600.01,18.63722,2026-09-05 08:45:00+00:00
1788598200000,79600.01,79622.22,79600.0,79622.21,38.44165,2026-09-05 08:50:00+00:00
1788598500000,79622.22,79667.99,79622.21,79650.0,45.17575,2026-09-05 08:55:00+00:00
1788598800000,79650.01,79720.58,79650.0,79698.14,41.82409,2026-09-05 09:00:00+00:00
1788599100000,79698.15,79709.49,79693.13,79698.41,31.67804,2026-09-05 09:05:00+00:00
1788599400000,79698.41,79735.97,79698.4,79719.41,38.06413,2026-09-05 09:10:00+00:00
1788599700000,79719.41,79719.41,79694.21,79695.01,23.55061,2026-09-05 09:15:00+00:00
1788600000000,79695.0,79714.62,79693.15,79697.73,29.33082,2026-09-05 09:20:00+00:00
1788600300000,79697.72,79697.73,79697.72,79697.72,19.75832,2026-09-05 09:25:00+00:00
1788600600000,79697.72,79697.73,79697.64,79697.64,20.25019,2026-09-05 09:30:00+00:00
1788600900000,79697.64,79708.35,79689.36,79689.37,25.11062,2026-09-05 09:35:00+00:00
1788601200000,79689.37,79689.49,79657.34,79689.48,63.51491,2026-09-05 09:40:00+00:00
1788601500000,79689.48,79689.48,79646.07,79646.07,35.65652,2026-09-05 09:45:00+00:00
1788601800000,79646.08,79658.64,79646.0,79646.01,27.39825,2026-09-05 09:50:00+00:00
1788602100000,79646.0,79646.01,79612.0,79631.28,35.08858,2026-09-05 09:55:00+00:00
1788602400000,79631.29,79636.91,79630.93,79630.93,31.74184,2026-09-05 10:00:00+00:00
1788602700000,79630.94,79630.94,79629.93,79629.94,25.13825,2026-09-05 10:05:00+00:00
1788603000000,79629.94,79629.94,79619.55,79622.0,40.34419,2026-09-05 10:10:00+00:00
1788603300000,79622.0,79622.01,79622.0,79622.0,26.77437,2026-09-05 10:15:00+00:00
1788603600000,79622.0,79655.97,79613.46,79648.01,34.86019,2026-09-05 10:20:00+00:00
1788603900000,79648.0,79660.0,79600.02,79615.99,30.91618,2026-09-05 10:25:00+00:00
1788604200000,79615.99,79664.0,79615.99,79646.68,32.83045,2026-09-05 10:30:00+00:00
1788604500000,79646.67,79650.01,79600.0,79615.99,23.58996,2026-09-05 10:35:00+00:00
1788604800000,79616.0,79632.0,79600.0,79600.01,17.89471,2026-09-05 10:40:00+00:00
1788605100000,79600.0,79600.01,79596.0,79596.01,20.13296,2026-09-05 10:45:00+00:00
1788605400000,79596.01,79622.0,79593.92,79622.0,16.11247,2026-09-05 10:50:00+00:00
1788605700000,79622.0,79656.23,79618.0,79618.01,23.75801,2026-09-05 10:55:00+00:00
1788606000000,79618.0,79663.93,79618.0,79663.93,13.04556,2026-09-05 11:00:00+00:00
1788606300000,79663.92,79673.03,79642.0,79649.83,33.11585,2026-09-05 11:05:00+00:00
1788606600000,79649.84,79673.96,79636.34,79649.5,38.39877,2026-09-05 11:10:00+00:00
1788606900000,79649.5,79649.5,79624.0,79624.0,7.51369,2026-09-05 11:15:00+00:00
1788607200000,79624.01,79624.01,79624.0,79624.01,7.89582,2026-09-05 11:20:00+00:00
1788607500000,79624.01,79624.01,79620.0,79623.95,9.5282,2026-09-05 11:25:00+00:00
1788607800000,79623.94,79636.0,79623.94,79636.0,9.48807,2026-09-05 11:30:00+00:00
1788608100000,79636.0,79636.0,79635.93,79635.93,10.73168,2026-09-05 11:35:00+00:00
1788608400000,79635.94,79640.48,79608.0,79608.0,32.75268,2026-09-05 11:40:00+00:00
1788608700000,79608.01,79645.26,79608.0,79645.25,16.33182,2026-09-05 11:45:00+00:00
1788609000000,79645.26,79674.33,79630.13,79630.14,22.05915,2026-09-05 11:50:00+00:00
1788609300000,79630.13,79635.31,79608.0,79609.28,23.14123,2026-09-05 11:55:00+00:00
1788609600000,79609.29,79654.21,79609.28,79654.21,12.61249,2026-09-05 12:00:00+00:00
1788609900000,79654.2,79673.99,79654.2,79673.98,9.14389,2026-09-05 12:05:00+00:00
1788610200000,79673.98,79673.99,79660.7,79662.46,7.06866,2026-09-05 12:10:00+00:00
1788610500000,79662.46,79662.47,79656.23,79656.24,9.65038,2026-09-05 12:15:00+00:00
1788610800000,79656.23,79676.0,79656.23,79676.0,9.24617,2026-09-05 12:20:00+00:00
1788611100000,79675.99,79679.99,79654.96,79654.97,33.09149,2026-09-05 12:25:00+00:00
1788611400000,79654.97,79694.0,79612.25,79682.26,43.21026,2026-09-05 12:30:00+00:00
1788611700000,79682.25,79711.99,79660.8,79711.99,34.90522,2026-09-05 12:35:00+00:00
1788612000000,79711.98,79774.0,79711.98,79726.91,55.13872,2026-09-05 12:40:00+00:00
1788612300000,79726.91,79765.14,79698.85,79735.99,54.34571,2026-09-05 12:45:00+00:00
1788612600000,79736.0,79743.54,79718.0,79743.54,31.22929,2026-09-05 12:50:00+00:00
1788612900000,79743.53,79764.0,79704.13,79704.14,50.61659,2026-09-05 12:55:00+00:00
1788613200000,79704.13,79711.8,79692.0,79710.68,22.01319,2026-09-05 13:00:00+00:00
1788613500000,79710.68,79711.8,79685.91,79685.91,20.22202,2026-09-05 13:05:00+00:00
1788613800000,79685.92,79721.96,79657.27,79721.96,84.17683,2026-09-05 13:10:00+00:00
1788614100000,79721.96,79736.93,79680.9,79699.91,48.63262,2026-09-05 13:15:00+00:00
1788614400000,79699.92,79762.0,79699.91,79762.0,18.96005,2026-09-05 13:20:00+00:00
1788614700000,79761.99,79762.0,79754.05,79754.06,13.25066,2026-09-05 13:25:00+00:00
1788615000000,79754.06,79755.57,79716.91,79731.35,31.85169,2026-09-05 13:30:00+00:00
1788615300000,79731.35,79731.35,79662.0,79662.0,32.82825,2026-09-05 13:35:00+00:00
1788615600000,79662.01,79720.56,79642.44,79654.31,52.00005,2026-09-05 13:40:00+00:00
1788615900000,79654.31,79695.92,79654.31,79695.03,43.0793,2026-09-05 13:45:00+00:00
1788616200000,79695.02,79695.02,79545.96,79626.21,93.2885,2026-09-05 13:50:00+00:00
1788616500000,79626.22,79626.22,79602.58,79613.67,28.59501,2026-09-05 13:55:00+00:00
1788616800000,79613.67,79673.49,79613.67,79647.63,15.43175,2026-09-05 14:00:00+00:00
1788617100000,79647.64,79686.0,79647.63,79685.99,14.77534,2026-09-05 14:05:00+00:00
1788617400000,79685.99,79686.0,79664.75,79664.76,24.72238,2026-09-05 14:10:00+00:00
1788617700000,79664.75,79676.0,79664.75,79676.0,11.15349,2026-09-05 14:15:00+00:00
1788618000000,79675.99,79679.9,79675.99,79677.34,8.52997,2026-09-05 14:20:00+00:00
1788618300000,79677.34,79734.49,79677.34,79730.03,32.36239,2026-09-05 14:25:00+00:00
1788618600000,79730.03,79756.32,79730.02,79747.97,25.42299,2026-09-05 14:30:00+00:00
1788618900000,79747.98,79747.98,79728.89,79740.25,23.49642,2026-09-05 14:35:00+00:00
1788619200000,79740.26,79740.26,79697.92,79707.3,43.8072,2026-09-05 14:40:00+00:00
1788619500000,79707.3,79740.26,79707.29,79732.0,18.80659,2026-09-05 14:45:00+00:00
1788619800000,79732.0,79747.98,79727.54,79747.97,42.03148,2026-09-05 14:50:00+00:00
1788620100000,79747.98,79755.94,79719.75,79719.76,31.74201,2026-09-05 14:55:00+00:00
1788620400000,79719.75,79744.55,79719.75,79744.54,13.09011,2026-09-05 15:00:00+00:00
1788620700000,79744.55,79762.79,79702.45,79715.88,100.22153,2026-09-05 15:05:00+00:00
1788621000000,79715.87,79752.0,79715.87,79724.01,35.31773,2026-09-05 15:10:00+00:00
1788621300000,79724.01,79724.01,79678.62,79688.0,29.7957,2026-09-05 15:15:00+00:00
1788621600000,79688.0,79770.0,79688.0,79761.8,34.74028,2026-09-05 15:20:00+00:00
1788621900000,79761.8,79774.86,79691.29,79693.36,26.80329,2026-09-05 15:25:00+00:00
1788622200000,79693.36,79715.88,79693.36,79715.87,7.32435,2026-09-05 15:30:00+00:00
1788622500000,79715.88,79734.0,79701.93,79734.0,10.47936,2026-09-05 15:35:00+00:00
1788622800000,79734.0,79785.43,79728.0,79751.23,78.68615,2026-09-05 15:40:00+00:00
1788623100000,79751.23,79766.5,79751.23,79752.0,12.82106,2026-09-05 15:45:00+00:00
1788623400000,79752.01,79762.9,79736.0,79762.9,13.45697,2026-09-05 15:50:00+00:00
1788623700000,79762.89,79816.0,79762.89,79806.01,21.03274,2026-09-05 15:55:00+00:00
1788624000000,79806.0,79847.46,79806.0,79847.45,32.19185,2026-09-05 16:00:00+00:00
1788624300000,79847.46,79847.46,79754.0,79783.99,36.71711,2026-09-05 16:05:00+00:00
1788624600000,79784.0,79810.0,79765.14,79784.11,27.72543,2026-09-05 16:10:00+00:00
1788624900000,79784.11,79805.8,79780.0,79805.72,36.6217,2026-09-05 16:15:00+00:00
1788625200000,79805.73,79864.0,79805.72,79863.99,22.39973,2026-09-05 16:20:00+00:00
1788625500000,79863.98,79901.59,79839.96,79891.99,105.45343,2026-09-05 16:25:00+00:00
1788625800000,79891.99,79989.02,79891.98,79989.01,118.98606,2026-09-05 16:30:00+00:00
1788626100000,79989.01,79989.02,79923.13,79937.07,35.77897,2026-09-05 16:35:00+00:00
1788626400000,79937.07,79959.99,79925.37,79936.74,53.82217,2026-09-05 16:40:00+00:00
1788626700000,79936.74,79990.0,79930.0,79990.0,68.15364,2026-09-05 16:45:00+00:00
1788627000000,79990.0,80098.86,79966.41,80098.85,76.13456,2026-09-05 16:50:00+00:00
1788627300000,80098.85,80200.0,80012.0,80042.0,102.54092,2026-09-05 16:55:00+00:00
1788627600000,80041.99,80130.86,80011.32,80035.47,125.63762,2026-09-05 17:00:00+00:00
1788627900000,80035.46,80162.29,80024.04,80116.06,100.85009,2026-09-05 17:05:00+00:00
1788628200000,80116.05,80132.0,80069.99,80131.99,41.92713,2026-09-05 17:10:00+00:00
1788628500000,80132.0,80152.0,80013.64,80049.57,69.7196,2026-09-05 17:15:00+00:00
1788628800000,80049.56,80077.37,80049.56,80061.54,14.17819,2026-09-05 17:20:00+00:00
1788629100000,80061.55,80084.0,79973.85,80029.29,41.74944,2026-09-05 17:25:00+00:00
1788629400000,80029.3,80134.15,80029.29,80072.01,38.75063,2026-09-05 17:30:00+00:00
1788629700000,80072.01,80074.0,79989.89,79989.9,26.6168,2026-09-05 17:35:00+00:00
1788630000000,79989.9,80074.0,79984.02,80043.33,116.38721,2026-09-05 17:40:00+00:00
1788630300000,80043.34,80080.0,80020.0,80046.0,91.06562,2026-09-05 17:45:00+00:00
1788630600000,80045.99,80087.66,80039.11,80062.25,98.94593,2026-09-05 17:50:00+00:00
1788630900000,80062.26,80078.0,80025.48,80058.6,128.87205,2026-09-05 17:55:00+00:00
1788631200000,80058.6,80078.0,80010.15,80026.0,128.41344,2026-09-05 18:00:00+00:00
1788631500000,80026.01,80078.0,80012.0,80012.01,21.54588,2026-09-05 18:05:00+00:00
1788631800000,80012.01,80012.01,79974.0,80001.99,30.83076,2026-09-05 18:10:00+00:00
1788632100000,80001.99,80024.0,79974.0,80024.0,21.64521,2026-09-05 18:15:00+00:00
1788632400000,80024.0,80024.0,79990.0,79997.99,28.52489,2026-09-05 18:20:00+00:00
1788632700000,79998.0,80000.0,79954.71,79954.71,13.93002,2026-09-05 18:25:00+00:00
1788633000000,79954.71,80045.11,79954.71,79983.98,24.75731,2026-09-05 18:30:00+00:00
1788633300000,79983.97,79992.9,79978.3,79978.31,5.44436,2026-09-05 18:35:00+00:00
1788633600000,79978.31,79992.0,79936.0,79965.99,23.25882,2026-09-05 18:40:00+00:00
1788633900000,79965.99,79966.0,79944.0,79945.32,9.37822,2026-09-05 18:45:00+00:00
1788634200000,79945.31,79966.61,79930.0,79960.19,13.60779,2026-09-05 18:50:00+00:00
1788634500000,79960.19,80000.0,79960.0,79999.98,11.47397,2026-09-05 18:55:00+00:00
1788634800000,79999.99,79999.99,79928.0,79930.57,20.27118,2026-09-05 19:00:00+00:00
1788635100000,79930.57,79966.0,79930.56,79954.0,9.29564,2026-09-05 19:05:00+00:00
1788635400000,79954.0,79972.97,79940.0,79940.01,11.00128,2026-09-05 19:10:00+00:00
1788635700000,79940.0,79966.0,79937.05,79937.06,11.11871,2026-09-05 19:15:00+00:00
1788636000000,79937.06,79956.0,79906.0,79955.99,14.63519,2026-09-05 19:20:00+00:00
1788636300000,79956.0,79985.86,79955.99,79962.93,9.09365,2026-09-05 19:25:00+00:00
1788636600000,79962.93,79970.92,79784.26,79784.27,53.1139,2026-09-05 19:30:00+00:00
1788636900000,79784.27,79855.79,79760.83,79760.83,18.19488,2026-09-05 19:35:00+00:00
1788637200000,79760.83,79858.0,79760.83,79855.36,16.38137,2026-09-05 19:40:00+00:00
1788637500000,79855.35,79856.41,79712.86,79744.65,37.76083,2026-09-05 19:45:00+00:00
1788637800000,79744.65,79776.0,79712.87,79744.71,18.66212,2026-09-05 19:50:00+00:00
1788638100000,79744.71,79784.43,79740.0,79754.0,23.70036,2026-09-05 19:55:00+00:00
1788638400000,79753.99,79804.0,79720.59,79720.6,18.10929,2026-09-05 20:00:00+00:00
1788638700000,79720.59,79792.0,79720.59,79748.01,22.16053,2026-09-05 20:05:00+00:00
1788639000000,79748.0,79840.25,79721.52,79737.99,45.00082,2026-09-05 20:10:00+00:00
1788639300000,79737.99,79744.0,79694.16,79703.29,27.42018,2026-09-05 20:15:00+00:00
1788639600000,79703.28,79800.0,79694.0,79799.99,24.19458,2026-09-05 20:20:00+00:00
1788639900000,79799.99,79830.0,79708.11,79719.99,39.20679,2026-09-05 20:25:00+00:00
1788640200000,79720.0,79744.01,79713.81,79720.6,60.92926,2026-09-05 20:30:00+00:00
1788640500000,79720.6,79772.0,79694.0,79722.01,39.5013,2026-09-05 20:35:00+00:00
1788640800000,79722.01,79778.92,79722.01,79778.91,169.34397,2026-09-05 20:40:00+00:00
1788641100000,79778.91,79778.92,79756.0,79760.15,15.77219,2026-09-05 20:45:00+00:00
1788641400000,79760.15,79793.37,79736.0,79749.98,155.17838,2026-09-05 20:50:00+00:00
1788641700000,79749.99,79788.0,79730.1,79737.83,34.82287,2026-09-05 20:55:00+00:00
1788642000000,79737.83,79758.0,79737.57,79740.0,14.9154,2026-09-05 21:00:00+00:00
1788642300000,79740.0,79776.0,79724.87,79775.99,12.15898,2026-09-05 21:05:00+00:00
1788642600000,79776.0,79792.86,79761.03,79788.0,17.66852,2026-09-05 21:10:00+00:00
1788642900000,79788.0,79834.0,79775.15,79834.0,6.44864,2026-09-05 21:15:00+00:00
1788643200000,79833.99,79878.0,79832.0,79866.01,13.99055,2026-09-05 21:20:00+00:00
1788643500000,79866.0,79866.01,79854.15,79858.13,4.5718,2026-09-05 21:25:00+00:00
1788643800000,79858.13,79872.0,79852.0,79852.01,9.16848,2026-09-05 21:30:00+00:00
1788644100000,79852.0,79866.0,79834.77,79865.99,14.38485,2026-09-05 21:35:00+00:00
1788644400000,79866.0,79930.03,79850.0,79918.01,32.18747,2026-09-05 21:40:00+00:00
1788644700000,79918.01,79927.61,79864.0,79912.0,15.43221,2026-09-05 21:45:00+00:00
1788645000000,79912.0,79938.0,79904.19,79904.19,6.64786,2026-09-05 21:50:00+00:00
1788645300000,79904.2,79924.0,79880.0,79906.02,16.70657,2026-09-05 21:55:00+00:00
1788645600000,79906.02,79939.16,79868.0,79872.16,16.70326,2026-09-05 22:00:00+00:00
1788645900000,79872.15,79904.36,79856.69,79856.69,11.38041,2026-09-05 22:05:00+00:00
1788646200000,79856.7,79930.01,79856.69,79930.0,19.06778,2026-09-05 22:10:00+00:00
1788646500000,79930.01,79947.99,79862.53,79869.08,34.26033,2026-09-05 22:15:00+00:00
1788646800000,79869.07,79869.08,79848.0,79857.99,7.11428,2026-09-05 22:20:00+00:00
1788647100000,79858.0,79858.0,79770.0,79811.99,17.08575,2026-09-05 22:25:00+00:00
1788647400000,79812.0,79857.99,79812.0,79824.01,10.58775,2026-09-05 22:30:00+00:00
1788647700000,79824.01,79824.01,79799.13,79817.99,5.40502,2026-09-05 22:35:00+00:00
1788648000000,79817.99,79818.0,79759.46,79769.99,142.12913,2026-09-05 22:40:00+00:00
1788648300000,79769.99,79786.58,79752.24,79786.57,66.54784,2026-09-05 22:45:00+00:00
1788648600000,79786.57,79804.0,79786.57,79804.0,4.94456,2026-09-05 22:50:00+00:00
1788648900000,79804.0,79814.67,79749.41,79783.99,182.34236,2026-09-05 22:55:00+00:00
1788649200000,79783.99,79784.0,79748.05,79750.62,14.73283,2026-09-05 23:00:00+00:00
1788649500000,79750.62,79754.78,79716.0,79753.61,10.31472,2026-09-05 23:05:00+00:00
1788649800000,79753.61,79755.01,79744.68,79755.0,12.88936,2026-09-05 23:10:00+00:00
1788650100000,79755.01,79790.0,79748.68,79789.99,14.17958,2026-09-05 23:15:00+00:00
1788650400000,79789.99,79825.27,79774.0,79774.01,20.4057,2026-09-05 23:20:00+00:00
1788650700000,79774.0,79803.94,79774.0,79803.94,7.99869,2026-09-05 23:25:00+00:00
1788651000000,79803.93,79839.94,79803.92,79839.94,15.78187,2026-09-05 23:30:00+00:00
1788651300000,79839.95,79843.96,79706.04,79797.94,63.59199,2026-09-05 23:35:00+00:00
1788651600000,79797.95,79830.01,79788.0,79820.68,273.01486,2026-09-05 23:40:00+00:00
1788651900000,79820.67,79912.83,79810.0,79810.0,104.58405,2026-09-05 23:45:00+00:00
1788652200000,79810.0,79856.0,79810.0,79856.0,9.67126,2026-09-05 23:50:00+00:00
1788652500000,79856.0,79856.0,79784.0,79831.75,37.75473,2026-09-05 23:55:00+00:00
1788652800000,79831.75,79878.54,79829.98,79878.54,7.80626,2026-09-06 00:00:00+00:00
1788653100000,79878.54,79909.05,79878.54,79909.04,11.33759,2026-09-06 00:05:00+00:00
1788653400000,79909.04,79915.15,79900.0,79910.0,16.91104,2026-09-06 00:10:00+00:00
1788653700000,79910.01,79911.07,79903.06,79911.06,9.48572,2026-09-06 00:15:00+00:00
1788654000000,79911.07,79911.07,79870.14,79870.15,5.53219,2026-09-06 00:20:00+00:00
1788654300000,79870.14,79936.0,79870.14,79927.37,10.49662,2026-09-06 00:25:00+00:00
1788654600000,79927.37,79940.68,79892.0,79898.96,12.50953,2026-09-06 00:30:00+00:00
1788654900000,79898.96,79905.23,79874.0,79905.22,16.62319,2026-09-06 00:35:00+00:00
1788655200000,79905.23,79907.86,79880.0,79880.01,10.44616,2026-09-06 00:40:00+00:00
1788655500000,79880.0,79888.0,79870.0,79883.23,9.2383,2026-09-06 00:45:00+00:00
1788655800000,79883.23,79922.0,79860.84,79884.01,21.12785,2026-09-06 00:50:00+00:00
1788656100000,79884.0,79932.57,79866.0,79868.0,16.29476,2026-09-06 00:55:00+00:00
1788656400000,79868.01,79984.67,79868.01,79937.55,38.37152,2026-09-06 01:00:00+00:00
1788656700000,79937.55,79996.0,79926.0,79976.0,22.74437,2026-09-06 01:05:00+00:00
1788657000000,79976.0,79999.48,79962.0,79962.01,22.58595,2026-09-06 01:10:00+00:00
1788657300000,79962.0,79991.34,79943.17,79943.17,18.72407,2026-09-06 01:15:00+00:00
1788657600000,79943.17,79948.8,79900.0,79930.0,26.73171,2026-09-06 01:20:00+00:00
1788657900000,79930.0,79930.02,79920.0,79922.0,7.91532,2026-09-06 01:25:00+00:00
1788658200000,79922.0,79948.0,79922.0,79948.0,9.99293,2026-09-06 01:30:00+00:00
1788658500000,79948.0,80054.18,79947.99,80040.03,59.18535,2026-09-06 01:35:00+00:00
1788658800000,80040.03,80067.45,79958.0,79981.37,32.73996,2026-09-06 01:40:00+00:00
1788659100000,79981.38,80004.86,79935.31,79944.83,29.65682,2026-09-06 01:45:00+00:00
1788659400000,79944.83,80013.29,79939.98,79974.0,16.94324,2026-09-06 01:50:00+00:00
1788659700000,79974.0,79984.0,79932.44,79951.39,19.41795,2026-09-06 01:55:00+00:00
1788660000000,79951.38,80009.25,79896.0,79934.23,30.2966,2026-09-06 02:00:00+00:00
1788660300000,79934.23,79983.11,79934.22,79981.82,13.01292,2026-09-06 02:05:00+00:00
1788660600000,79981.82,80019.11,79958.0,79997.86,62.75688,2026-09-06 02:10:00+00:00
1788660900000,79997.86,79997.87,79929.26,79942.0,44.41708,2026-09-06 02:15:00+00:00
1788661200000,79942.0,79950.66,79915.4,79918.71,11.54128,2026-09-06 02:20:00+00:00
1788661500000,79918.72,79924.4,79910.0,79911.46,18.52869,2026-09-06 02:25:00+00:00
1788661800000,79911.46,79952.9,79911.46,79937.99,11.16936,2026-09-06 02:30:00+00:00
1788662100000,79937.99,79938.11,79904.41,79938.11,22.76083,2026-09-06 02:35:00+00:00
1788662400000,79938.11,79938.11,79878.05,79878.05,9.55891,2026-09-06 02:40:00+00:00
1788662700000,79878.05,79885.33,79878.0,79878.83,5.77116,2026-09-06 02:45:00+00:00
1788663000000,79878.83,79888.0,79878.83,79887.99,10.886,2026-09-06 02:50:00+00:00
1788663300000,79888.0,79914.95,79876.0,79907.28,17.5453,2026-09-06 02:55:00+00:00
1788663600000,79907.28,79916.0,79904.0,79915.99,6.10041,2026-09-06 03:00:00+00:00
1788663900000,79916.0,79918.82,79915.99,79916.0,10.28174,2026-09-06 03:05:00+00:00
1788664200000,79916.0,79937.08,79898.83,79937.08,19.09796,2026-09-06 03:10:00+00:00
1788664500000,79937.07,79968.0,79937.07,79967.99,25.17579,2026-09-06 03:15:00+00:00
1788664800000,79968.0,79968.16,79944.24,79968.15,31.42749,2026-09-06 03:20:00+00:00
1788665100000,79968.15,79968.16,79893.86,79899.13,24.07887,2026-09-06 03:25:00+00:00
1788665400000,79899.13,79968.0,79899.13,79962.93,24.67044,2026-09-06 03:30:00+00:00
1788665700000,79962.92,80001.0,79962.92,80000.01,20.07685,2026-09-06 03:35:00+00:00
1788666000000,80000.01,80107.99,80000.0,80107.99,32.80544,2026-09-06 03:40:00+00:00
1788666300000,80107.99,80107.99,80010.32,80010.32,31.29987,2026-09-06 03:45:00+00:00
1788666600000,80010.33,80065.92,80010.32,80049.72,13.3403,2026-09-06 03:50:00+00:00
1788666900000,80049.72,80049.72,80028.0,80028.01,10.35753,2026-09-06 03:55:00+00:00
1788667200000,80028.01,80028.01,79991.39,79991.39,18.45016,2026-09-06 04:00:00+00:00
1788667500000,79991.39,79991.4,79957.03,79968.0,25.53122,2026-09-06 04:05:00+00:00
1788667800000,79967.99,79992.0,79964.0,79971.13,13.56738,2026-09-06 04:10:00+00:00
1788668100000,79971.14,79986.0,79953.99,79954.0,17.73469,2026-09-06 04:15:00+00:00
1788668400000,79954.0,79954.0,79877.99,79931.12,23.25074,2026-09-06 04:20:00+00:00
1788668700000,79931.13,79932.0,79916.0,79932.0,17.18178,2026-09-06 04:25:00+00:00
1788669000000,79931.99,79932.0,79913.54,79913.55,6.37253,2026-09-06 04:30:00+00:00
1788669300000,79913.55,79913.57,79901.58,79913.57,19.96199,2026-09-06 04:35:00+00:00
1788669600000,79913.57,79932.0,79910.37,79913.0,22.09086,2026-09-06 04:40:00+00:00
1788669900000,79912.99,79948.0,79912.72,79912.72,51.96919,2026-09-06 04:45:00+00:00
1788670200000,79912.73,79913.1,79854.0,79913.0,74.08696,2026-09-06 04:50:00+00:00
1788670500000,79913.01,79913.01,79866.0,79866.01,72.16984,2026-09-06 04:55:00+00:00
1788670800000,79866.01,79900.0,79856.16,79856.16,65.80779,2026-09-06 05:00:00+00:00
1788671100000,79856.15,79867.57,79854.97,79854.97,13.38721,2026-09-06 05:05:00+00:00
1788671400000,79854.97,79854.98,79794.04,79804.0,17.28765,2026-09-06 05:10:00+00:00
1788671700000,79804.0,79816.0,79796.0,79796.0,74.24586,2026-09-06 05:15:00+00:00
1788672000000,79796.01,79850.0,79796.0,79844.49,126.75218,2026-09-06 05:20:00+00:00
1788672300000,79844.49,79875.99,79829.26,79845.0,126.2995,2026-09-06 05:25:00+00:00
1788672600000,79845.0,79926.0,79845.0,79916.63,65.6023,2026-09-06 05:30:00+00:00
1788672900000,79916.63,80086.0,79916.63,80086.0,52.12624,2026-09-06 05:35:00+00:00
1788673200000,80085.99,80107.99,80010.0,80020.0,40.03474,2026-09-06 05:40:00+00:00
1788673500000,80020.0,80030.0,79953.17,79994.0,32.99209,2026-09-06 05:45:00+00:00
1788673800000,79994.0,80000.0,79986.35,79986.36,9.81927,2026-09-06 05:50:00+00:00
1788674100000,79986.35,79989.13,79948.0,79989.13,17.86569,2026-09-06 05:55:00+00:00
1788674400000,79989.12,79989.13,79948.01,79957.87,8.28998,2026-09-06 06:00:00+00:00
1788674700000,79957.87,79957.87,79937.66,79937.66,8.44168,2026-09-06 06:05:00+00:00
1788675000000,79937.67,79976.0,79925.12,79925.12,40.16757,2026-09-06 06:10:00+00:00
1788675300000,79925.12,79925.13,79884.0,79906.12,21.29358,2026-09-06 06:15:00+00:00
1788675600000,79906.12,79906.12,79834.0,79843.23,28.30146,2026-09-06 06:20:00+00:00
1788675900000,79843.23,79846.88,79829.57,79834.46,16.57643,2026-09-06 06:25:00+00:00
1788676200000,79834.46,79847.38,79808.0,79827.61,13.16033,2026-09-06 06:30:00+00:00
1788676500000,79827.62,79837.13,79808.01,79824.0,14.38446,2026-09-06 06:35:00+00:00
1788676800000,79824.0,79824.26,79764.63,79824.25,44.32503,2026-09-06 06:40:00+00:00
1788677100000,79824.25,79824.26,79676.66,79751.57,48.38717,2026-09-06 06:45:00+00:00
1788677400000,79751.57,79784.62,79751.56,79784.61,25.54178,2026-09-06 06:50:00+00:00
1788677700000,79784.61,79784.65,79760.63,79784.65,21.54665,2026-09-06 06:55:00+00:00
1788678000000,79784.65,79799.05,79778.4,79784.17,25.70447,2026-09-06 07:00:00+00:00
1788678300000,79784.17,79794.39,79748.13,79757.14,22.75904,2026-09-06 07:05:00+00:00
1788678600000,79757.14,79766.42,79577.0,79678.51,70.99602,2026-09-06 07:10:00+00:00
1788678900000,79678.51,79811.95,79677.66,79808.0,25.51129,2026-09-06 07:15:00+00:00
1788679200000,79807.99,79848.96,79774.01,79777.84,36.01019,2026-09-06 07:20:00+00:00
1788679500000,79777.85,79850.0,79777.84,79823.23,22.44285,2026-09-06 07:25:00+00:00
1788679800000,79823.23,79831.75,79807.36,79823.26,32.3275,2026-09-06 07:30:00+00:00
1788680100000,79823.27,79825.03,79782.61,79825.02,20.73509,2026-09-06 07:35:00+00:00
1788680400000,79825.03,79865.89,79825.03,79846.0,28.18873,2026-09-06 07:40:00+00:00
1788680700000,79846.0,79846.01,79818.0,79838.91,18.05107,2026-09-06 07:45:00+00:00
1788681000000,79838.91,79838.92,79812.0,79813.54,13.18549,2026-09-06 07:50:00+00:00
1788681300000,79813.54,79854.44,79805.0,79805.0,23.31932,2026-09-06 07:55:00+00:00
1788681600000,79804.68,79848.0,79804.68,79847.99,42.37956,2026-09-06 08:00:00+00:00
1788681900000,79847.99,79880.0,79817.14,79875.0,150.06256,2026-09-06 08:05:00+00:00
1788682200000,79874.99,79889.99,79852.85,79873.5,35.96315,2026-09-06 08:10:00+00:00
1788682500000,79873.51,79873.51,79828.0,79830.4,13.06619,2026-09-06 08:15:00+00:00
1788682800000,79830.41,79830.41,79814.0,79814.0,15.8344,2026-09-06 08:20:00+00:00
1788683100000,79814.0,79814.01,79798.09,79804.0,13.37945,2026-09-06 08:25:00+00:00
1788683400000,79804.0,79814.02,79790.99,79792.91,84.29249,2026-09-06 08:30:00+00:00
1788683700000,79792.91,79795.93,79783.89,79787.95,107.72386,2026-09-06 08:35:00+00:00
1788684000000,79787.95,79787.95,79752.7,79779.74,64.25759,2026-09-06 08:40:00+00:00
1788684300000,79779.74,79779.75,79762.0,79771.38,13.25061,2026-09-06 08:45:00+00:00
1788684600000,79771.38,79850.0,79769.97,79849.99,19.18083,2026-09-06 08:50:00+00:00
1788684900000,79849.99,79876.0,79827.28,79837.17,18.883,2026-09-06 08:55:00+00:00
1788685200000,79837.17,79872.0,79806.01,79871.99,24.67733,2026-09-06 09:00:00+00:00
1788685500000,79871.98,79871.99,79860.01,79869.98,11.8348,2026-09-06 09:05:00+00:00
1788685800000,79869.99,79927.75,79869.98,79927.74,42.43958,2026-09-06 09:10:00+00:00
1788686100000,79927.75,79959.99,79917.11,79930.0,18.67563,2026-09-06 09:15:00+00:00
1788686400000,79930.01,79972.97,79930.0,79968.0,29.8294,2026-09-06 09:20:00+00:00
1788686700000,79967.99,79989.57,79960.0,79967.93,38.94015,2026-09-06 09:25:00+00:00
1788687000000,79967.94,79990.0,79964.0,79972.1,67.23588,2026-09-06 09:30:00+00:00
1788687300000,79972.1,79972.11,79907.34,79907.34,71.87529,2026-09-06 09:35:00+00:00
1788687600000,79907.34,79907.35,79840.25,79856.05,144.60877,2026-09-06 09:40:00+00:00
1788687900000,79856.05,79856.06,79848.5,79854.6,48.64233,2026-09-06 09:45:00+00:00
1788688200000,79854.61,79860.0,79854.19,79854.19,50.89289,2026-09-06 09:50:00+00:00
1788688500000,79854.2,79905.1,79854.19,79885.77,134.51402,2026-09-06 09:55:00+00:00
1788688800000,79885.78,79917.6,79885.77,79917.6,29.14038,2026-09-06 10:00:00+00:00
1788689100000,79917.59,79938.01,79912.0,79921.87,11.50503,2026-09-06 10:05:00+00:00
1788689400000,79921.88,79921.88,79921.86,79921.87,7.74176,2026-09-06 10:10:00+00:00
1788689700000,79921.86,79975.43,79921.86,79975.42,22.69799,2026-09-06 10:15:00+00:00
1788690000000,79975.43,79979.99,79964.0,79973.71,15.22438,2026-09-06 10:20:00+00:00
1788690300000,79973.71,79984.12,79960.0,79973.57,19.02726,2026-09-06 10:25:00+00:00
1788690600000,79973.56,79980.68,79973.56,79979.22,14.39076,2026-09-06 10:30:00+00:00
1788690900000,79979.22,79979.69,79968.94,79979.69,31.64646,2026-09-06 10:35:00+00:00
1788691200000,79979.69,80014.65,79979.68,80013.02,14.6667,2026-09-06 10:40:00+00:00
1788691500000,80013.02,80013.03,79989.17,79989.17,14.81321,2026-09-06 10:45:00+00:00
1788691800000,79989.18,80004.01,79978.41,80004.01,22.12155,2026-09-06 10:50:00+00:00
1788692100000,80004.0,80020.0,80003.92,80003.93,20.4055,2026-09-06 10:55:00+00:00
1788692400000,80003.92,80003.93,79950.0,79973.56,27.68798,2026-09-06 11:00:00+00:00
1788692700000,79973.55,79990.0,79946.0,79946.01,12.84454,2026-09-06 11:05:00+00:00
1788693000000,79946.01,79979.99,79922.14,79979.33,19.35687,2026-09-06 11:10:00+00:00
1788693300000,79979.34,79990.0,79960.0,79968.0,14.72983,2026-09-06 11:15:00+00:00
1788693600000,79968.0,79972.0,79932.0,79939.39,12.97919,2026-09-06 11:20:00+00:00
1788693900000,79939.4,79990.0,79896.0,79902.77,34.32835,2026-09-06 11:25:00+00:00
1788694200000,79902.77,79971.98,79890.0,79971.97,30.55637,2026-09-06 11:30:00+00:00
1788694500000,79971.97,79971.99,79914.0,79914.01,17.02177,2026-09-06 11:35:00+00:00
1788694800000,79914.01,79953.92,79914.0,79953.92,15.72037,2026-09-06 11:40:00+00:00
1788695100000,79953.91,79963.62,79934.52,79952.91,22.13594,2026-09-06 11:45:00+00:00
1788695400000,79952.91,79952.92,79918.0,79918.01,9.19874,2026-09-06 11:50:00+00:00
1788695700000,79918.01,79919.18,79908.0,79919.17,7.52057,2026-09-06 11:55:00+00:00
1788696000000,79919.17,79919.18,79919.17,79919.17,4.28555,2026-09-06 12:00:00+00:00
1788696300000,79919.18,79919.18,79896.0,79896.01,20.57607,2026-09-06 12:05:00+00:00
1788696600000,79896.01,79942.0,79858.1,79930.0,38.7625,2026-09-06 12:10:00+00:00
1788696900000,79930.0,79984.25,79929.99,79966.0,18.157,2026-09-06 12:15:00+00:00
1788697200000,79966.01,80004.01,79956.45,79996.77,21.57803,2026-09-06 12:20:00+00:00
1788697500000,79996.76,80004.0,79971.85,79972.04,45.88135,2026-09-06 12:25:00+00:00
1788697800000,79972.04,80010.0,79972.03,79999.5,20.82525,2026-09-06 12:30:00+00:00
1788698100000,79999.5,79999.53,79959.99,79999.52,25.02472,2026-09-06 12:35:00+00:00
1788698400000,79999.52,79999.53,79938.01,79938.01,17.02592,2026-09-06 12:40:00+00:00
1788698700000,79938.02,79960.0,79920.06,79948.88,22.68974,2026-09-06 12:45:00+00:00
1788699000000,79948.88,79978.0,79940.38,79978.0,8.42,2026-09-06 12:50:00+00:00
1788699300000,79977.99,80000.0,79922.04,79922.04,26.5683,2026-09-06 12:55:00+00:00
1788699600000,79922.04,79952.0,79874.0,79914.01,48.30573,2026-09-06 13:00:00+00:00
1788699900000,79914.02,79968.0,79914.01,79936.69,28.97484,2026-09-06 13:05:00+00:00
1788700200000,79936.68,79936.69,79886.0,79886.0,17.21684,2026-09-06 13:10:00+00:00
1788700500000,79886.01,79886.01,79824.01,79839.62,27.86152,2026-09-06 13:15:00+00:00
1788700800000,79839.62,79839.62,79812.51,79819.38,13.86262,2026-09-06 13:20:00+00:00
1788701100000,79819.39,79830.0,79790.03,79794.07,18.83519,2026-09-06 13:25:00+00:00
1788701400000,79794.07,79806.91,79760.39,79795.03,37.37098,2026-09-06 13:30:00+00:00
1788701700000,79795.03,79857.99,79790.2,79794.94,76.17881,2026-09-06 13:35:00+00:00
1788702000000,79794.94,79824.0,79794.23,79794.23,13.54429,2026-09-06 13:40:00+00:00
1788702300000,79794.23,79842.0,79794.09,79794.09,35.49756,2026-09-06 13:45:00+00:00
1788702600000,79794.1,79822.0,79794.09,79818.02,18.41842,2026-09-06 13:50:00+00:00
1788702900000,79818.02,79845.17,79772.59,79829.98,44.22236,2026-09-06 13:55:00+00:00
1788703200000,79829.99,79840.25,79803.0,79831.99,33.32637,2026-09-06 14:00:00+00:00
1788703500000,79832.0,79832.0,79768.5,79768.51,35.54464,2026-09-06 14:05:00+00:00
1788703800000,79768.5,79786.0,79744.0,79750.0,29.52527,2026-09-06 14:10:00+00:00
1788704100000,79749.99,79796.0,79614.85,79744.02,69.26183,2026-09-06 14:15:00+00:00
1788704400000,79744.01,79744.01,79591.39,79647.01,74.13264,2026-09-06 14:20:00+00:00
1788704700000,79647.02,79718.0,79647.01,79671.82,32.24952,2026-09-06 14:25:00+00:00
1788705000000,79671.82,79671.82,79233.0,79559.75,259.7761,2026-09-06 14:30:00+00:00
1788705300000,79559.76,79676.94,79559.75,79670.63,37.37458,2026-09-06 14:35:00+00:00
1788705600000,79670.63,79756.76,79654.64,79718.18,42.67562,2026-09-06 14:40:00+00:00
1788705900000,79718.18,79718.18,79554.58,79663.99,33.40199,2026-09-06 14:45:00+00:00
1788706200000,79664.0,79706.0,79663.99,79686.43,19.08549,2026-09-06 14:50:00+00:00
1788706500000,79686.42,79686.43,79528.0,79543.06,33.34099,2026-09-06 14:55:00+00:00
1788706800000,79543.07,79543.15,79383.32,79543.15,72.16177,2026-09-06 15:00:00+00:00
1788707100000,79543.14,79585.95,79512.18,79527.06,72.01323,2026-09-06 15:05:00+00:00
1788707400000,79527.07,79580.0,79516.0,79538.51,20.21527,2026-09-06 15:10:00+00:00
1788707700000,79538.51,79624.0,79538.51,79603.96,21.70383,2026-09-06 15:15:00+00:00
1788708000000,79603.97,79662.0,79603.96,79646.01,21.64867,2026-09-06 15:20:00+00:00
1788708300000,79646.0,79646.01,79623.2,79635.92,7.94823,2026-09-06 15:25:00+00:00
1788708600000,79635.92,79652.85,79596.36,79638.01,12.29958,2026-09-06 15:30:00+00:00
1788708900000,79638.01,79716.0,79606.0,79688.86,19.60532,2026-09-06 15:35:00+00:00
1788709200000,79688.86,79716.0,79688.86,79692.01,8.29512,2026-09-06 15:40:00+00:00
1788709500000,79692.0,79716.0,79692.0,79702.0,5.13241,2026-09-06 15:45:00+00:00
1788709800000,79702.01,79726.0,79656.22,79656.23,19.68454,2026-09-06 15:50:00+00:00
1788710100000,79656.22,79734.59,79656.22,79716.5,61.39305,2026-09-06 15:55:00+00:00
1788710400000,79716.51,79716.51,79606.04,79606.04,19.05559,2026-09-06 16:00:00+00:00
1788710700000,79606.05,79654.32,79606.04,79625.75,22.97786,2026-09-06 16:05:00+00:00
1788711000000,79625.75,79734.58,79625.74,79698.0,26.44584,2026-09-06 16:10:00+00:00
1788711300000,79698.01,79712.0,79674.0,79712.0,11.78013,2026-09-06 16:15:00+00:00
1788711600000,79712.0,79712.0,79656.85,79656.85,14.20603,2026-09-06 16:20:00+00:00
1788711900000,79656.85,79725.0,79641.62,79712.85,21.80617,2026-09-06 16:25:00+00:00
1788712200000,79712.85,79786.0,79691.28,79770.91,25.89356,2026-09-06 16:30:00+00:00
1788712500000,79770.9,79784.16,79712.0,79722.72,15.86963,2026-09-06 16:35:00+00:00
1788712800000,79722.72,79740.0,79700.0,79720.24,13.64072,2026-09-06 16:40:00+00:00
1788713100000,79720.24,79720.25,79692.22,79692.23,10.80072,2026-09-06 16:45:00+00:00
1788713400000,79692.23,79722.95,79689.02,79689.03,31.47382,2026-09-06 16:50:00+00:00
1788713700000,79689.03,79689.03,79645.02,79682.0,8.34125,2026-09-06 16:55:00+00:00
1788714000000,79682.0,79682.0,79640.98,79648.55,13.15006,2026-09-06 17:00:00+00:00
1788714300000,79648.55,79670.0,79584.73,79586.02,19.17192,2026-09-06 17:05:00+00:00
1788714600000,79586.02,79629.99,79586.01,79626.0,18.23731,2026-09-06 17:10:00+00:00
1788714900000,79626.0,79730.0,79625.99,79730.0,11.06841,2026-09-06 17:15:00+00:00
1788715200000,79730.0,79769.42,79690.0,79726.91,32.06728,2026-09-06 17:20:00+00:00
1788715500000,79726.91,79773.88,79696.42,79696.42,26.50266,2026-09-06 17:25:00+00:00
1788715800000,79696.42,79759.41,79676.59,79714.58,20.34018,2026-09-06 17:30:00+00:00
1788716100000,79714.59,79766.0,79714.58,79749.27,12.67693,2026-09-06 17:35:00+00:00
1788716400000,79749.28,79755.34,79747.6,79748.22,16.11838,2026-09-06 17:40:00+00:00
1788716700000,79748.22,79750.84,79732.0,79750.84,13.29937,2026-09-06 17:45:00+00:00
1788717000000,79750.83,79756.0,79737.29,79745.19,8.6267,2026-09-06 17:50:00+00:00
1788717300000,79745.19,79766.0,79735.78,79745.34,13.81651,2026-09-06 17:55:00+00:00
1788717600000,79745.34,79783.9,79745.34,79783.89,8.00185,2026-09-06 18:00:00+00:00
1788717900000,79783.9,79836.0,79782.75,79836.0,25.22783,2026-09-06 18:05:00+00:00
1788718200000,79835.99,79871.0,79828.45,79835.97,29.16024,2026-09-06 18:10:00+00:00
1788718500000,79835.97,79865.45,79826.71,79859.26,8.05664,2026-09-06 18:15:00+00:00
1788718800000,79859.27,79900.0,79857.15,79893.59,24.39698,2026-09-06 18:20:00+00:00
1788719100000,79893.58,79919.63,79880.22,79916.45,16.04165,2026-09-06 18:25:00+00:00
1788719400000,79916.46,79956.0,79916.45,79930.01,20.31912,2026-09-06 18:30:00+00:00
1788719700000,79930.01,79958.73,79930.0,79952.71,14.66897,2026-09-06 18:35:00+00:00
1788720000000,79952.71,79970.0,79932.01,79953.06,32.09641,2026-09-06 18:40:00+00:00
1788720300000,79953.07,79953.07,79902.62,79921.99,13.32544,2026-09-06 18:45:00+00:00
1788720600000,79922.0,79944.0,79915.18,79920.45,16.08749,2026-09-06 18:50:00+00:00
1788720900000,79920.45,79959.1,79920.44,79955.34,10.96137,2026-09-06 18:55:00+00:00
1788721200000,79955.34,79955.34,79902.77,79902.78,13.09065,2026-09-06 19:00:00+00:00
1788721500000,79902.77,79902.78,79876.03,79876.04,20.63507,2026-09-06 19:05:00+00:00
1788721800000,79876.04,79876.05,79866.34,79867.66,15.44208,2026-09-06 19:10:00+00:00
1788722100000,79867.66,79867.66,79860.52,79860.52,14.82396,2026-09-06 19:15:00+00:00
1788722400000,79860.53,79861.62,79822.41,79861.62,18.30939,2026-09-06 19:20:00+00:00
1788722700000,79861.62,79868.0,79850.62,79850.63,20.08243,2026-09-06 19:25:00+00:00
1788723000000,79850.62,79850.63,79827.76,79827.76,12.70719,2026-09-06 19:30:00+00:00
1788723300000,79827.77,79827.77,79806.62,79812.32,20.53962,2026-09-06 19:35:00+00:00
1788723600000,79812.31,79812.32,79807.92,79807.92,18.19569,2026-09-06 19:40:00+00:00
1788723900000,79807.92,79812.0,79802.96,79811.99,19.47612,2026-09-06 19:45:00+00:00
1788724200000,79811.99,79812.02,79811.99,79812.0,14.58484,2026-09-06 19:50:00+00:00
1788724500000,79812.01,79830.0,79799.52,79829.99,25.6145,2026-09-06 19:55:00+00:00
1788724800000,79830.0,79830.0,79797.61,79797.62,15.93302,2026-09-06 20:00:00+00:00
1788725100000,79797.62,79797.62,79776.59,79776.6,11.46253,2026-09-06 20:05:00+00:00
1788725400000,79776.6,79809.57,79776.59,79809.56,9.50002,2026-09-06 20:10:00+00:00
1788725700000,79809.56,79837.07,79809.56,79837.06,11.8546,2026-09-06 20:15:00+00:00
1788726000000,79837.07,79951.69,79837.06,79926.51,26.34127,2026-09-06 20:20:00+00:00
1788726300000,79926.52,79944.0,79926.51,79934.01,21.71806,2026-09-06 20:25:00+00:00
1788726600000,79934.0,79956.0,79934.0,79952.48,19.80632,2026-09-06 20:30:00+00:00
1788726900000,79952.48,79969.83,79940.0,79940.01,29.46743,2026-09-06 20:35:00+00:00
1788727200000,79940.01,79954.0,79916.0,79953.99,30.93761,2026-09-06 20:40:00+00:00
1788727500000,79954.0,79973.56,79910.0,79932.0,20.92027,2026-09-06 20:45:00+00:00
1788727800000,79932.0,79948.0,79906.0,79906.0,17.93115,2026-09-06 20:50:00+00:00
1788728100000,79906.01,79912.0,79899.35,79912.0,19.96621,2026-09-06 20:55:00+00:00
1788728400000,79912.0,79972.98,79912.0,79972.98,25.15214,2026-09-06 21:00:00+00:00
1788728700000,79972.98,79995.15,79928.0,79971.99,41.89959,2026-09-06 21:05:00+00:00
1788729000000,79972.0,80016.0,79958.0,80003.7,37.10015,2026-09-06 21:10:00+00:00
1788729300000,80003.7,80034.0,79996.0,80013.91,38.86211,2026-09-06 21:15:00+00:00
1788729600000,80013.91,80013.91,79938.0,79965.99,22.14943,2026-09-06 21:20:00+00:00
1788729900000,79965.99,79991.39,79900.0,79907.72,45.9801,2026-09-06 21:25:00+00:00
1788730200000,79907.72,79910.01,79894.0,79910.01,25.21847,2026-09-06 21:30:00+00:00
1788730500000,79910.0,79915.71,79902.61,79902.62,18.35871,2026-09-06 21:35:00+00:00
1788730800000,79902.62,79986.02,79875.24,79910.6,50.96714,2026-09-06 21:40:00+00:00
1788731100000,79910.6,80000.0,79910.6,79951.99,29.0796,2026-09-06 21:45:00+00:00
1788731400000,79951.99,79954.64,79893.68,79941.4,20.74896,2026-09-06 21:50:00+00:00
1788731700000,79941.39,79960.0,79920.0,79944.38,25.62391,2026-09-06 21:55:00+00:00
1788732000000,79944.39,79944.8,79806.5,79833.44,40.39494,2026-09-06 22:00:00+00:00
1788732300000,79833.43,79893.33,79680.23,79687.4,46.03902,2026-09-06 22:05:00+00:00
1788732600000,79687.41,79759.47,79676.03,79753.25,34.33429,2026-09-06 22:10:00+00:00
1788732900000,79753.25,79773.44,79647.04,79648.35,50.26832,2026-09-06 22:15:00+00:00
1788733200000,79648.35,79740.79,79648.35,79732.0,28.96127,2026-09-06 22:20:00+00:00
1788733500000,79732.01,79837.47,79732.01,79824.0,32.203,2026-09-06 22:25:00+00:00
1788733800000,79823.99,79945.09,79816.01,79945.09,30.95979,2026-09-06 22:30:00+00:00
1788734100000,79945.08,80015.84,79934.0,79958.08,47.49786,2026-09-06 22:35:00+00:00
1788734400000,79958.08,79991.52,79932.0,79972.98,42.00835,2026-09-06 22:40:00+00:00
1788734700000,79972.97,80000.0,79947.51,80000.0,29.86313,2026-09-06 22:45:00+00:00
1788735000000,80000.0,80054.28,79996.95,80032.0,48.69305,2026-09-06 22:50:00+00:00
1788735300000,80031.99,80093.79,80019.76,80055.17,55.51276,2026-09-06 22:55:00+00:00
1788735600000,80055.18,80352.18,80010.0,80220.0,107.09154,2026-09-06 23:00:00+00:00
1788735900000,80220.0,80266.45,80146.0,80245.82,56.52629,2026-09-06 23:05:00+00:00
1788736200000,80245.82,80245.83,80188.0,80191.67,77.04374,2026-09-06 23:10:00+00:00
1788736500000,80191.66,80280.0,80149.22,80260.01,53.55861,2026-09-06 23:15:00+00:00
1788736800000,80260.01,80260.01,80128.0,80139.11,50.71119,2026-09-06 23:20:00+00:00
1788737100000,80139.1,80172.0,80100.0,80122.0,53.68035,2026-09-06 23:25:00+00:00
1788737400000,80121.99,80215.99,80121.99,80215.99,38.35168,2026-09-06 23:30:00+00:00
1788737700000,80216.0,80452.0,80216.0,80441.99,98.01618,2026-09-06 23:35:00+00:00
1788738000000,80441.99,80487.49,80362.0,80383.25,101.76162,2026-09-06 23:40:00+00:00
1788738300000,80383.25,80559.99,80383.25,80514.97,93.69407,2026-09-06 23:45:00+00:00
1788738600000,80514.96,80534.0,80396.0,80413.14,109.94581,2026-09-06 23:50:00+00:00
1788738900000,80413.13,80413.14,80298.58,80341.83,55.718,2026-09-06 23:55:00+00:00
1788739200000,80341.83,80367.8,80230.29,80326.01,84.13869,2026-09-07 00:00:00+00:00
1788739500000,80326.0,80443.99,80313.01,80384.0,56.61539,2026-09-07 00:05:00+00:00
1788739800000,80384.0,80384.01,80322.01,80328.0,30.30143,2026-09-07 00:10:00+00:00
1788740100000,80328.01,80336.0,80079.72,80099.25,58.77187,2026-09-07 00:15:00+00:00
1788740400000,80099.25,80206.98,80061.9,80181.67,41.35806,2026-09-07 00:20:00+00:00
1788740700000,80181.66,80222.0,80153.43,80199.89,13.26517,2026-09-07 00:25:00+00:00
1788741000000,80199.89,80272.0,80127.62,80149.26,37.39,2026-09-07 00:30:00+00:00
1788741300000,80149.26,80192.22,80114.81,80164.84,23.69374,2026-09-07 00:35:00+00:00
1788741600000,80164.83,80168.77,80103.9,80150.01,29.80896,2026-09-07 00:40:00+00:00
1788741900000,80150.0,80181.61,80091.87,80163.15,26.95551,2026-09-07 00:45:00+00:00
1788742200000,80163.14,80198.21,80121.65,80152.88,26.58627,2026-09-07 00:50:00+00:00
1788742500000,80152.87,80184.88,80059.11,80160.01,44.35211,2026-09-07 00:55:00+00:00
1788742800000,80160.01,80240.8,80100.0,80224.88,41.89022,2026-09-07 01:00:00+00:00
1788743100000,80224.89,80243.81,79989.42,79989.42,50.37589,2026-09-07 01:05:00+00:00
1788743400000,79989.43,80061.2,79947.27,79958.55,56.78746,2026-09-07 01:10:00+00:00
1788743700000,79958.55,80014.07,79866.21,79922.33,66.6751,2026-09-07 01:15:00+00:00
1788744000000,79922.33,79957.4,79869.71,79922.39,28.53264,2026-09-07 01:20:00+00:00
1788744300000,79922.39,79938.52,79856.15,79918.56,44.88668,2026-09-07 01:25:00+00:00
1788744600000,79918.57,79992.0,79881.58,79967.99,25.71601,2026-09-07 01:30:00+00:00
1788744900000,79967.99,79967.99,79890.75,79900.0,20.0821,2026-09-07 01:35:00+00:00
1788745200000,79900.01,79900.01,79829.68,79854.46,29.14842,2026-09-07 01:40:00+00:00
1788745500000,79854.46,79900.01,79826.28,79858.59,26.66459,2026-09-07 01:45:00+00:00
1788745800000,79858.59,79935.34,79858.59,79927.34,13.1236,2026-09-07 01:50:00+00:00
1788746100000,79927.34,79986.47,79926.13,79926.14,25.33919,2026-09-07 01:55:00+00:00
1788746400000,79926.14,79939.17,79895.11,79895.11,12.07783,2026-09-07 02:00:00+00:00
1788746700000,79895.12,79895.12,79801.77,79806.28,30.64823,2026-09-07 02:05:00+00:00
1788747000000,79806.29,79847.37,79800.0,79837.03,17.76201,2026-09-07 02:10:00+00:00
1788747300000,79837.04,79960.16,79837.03,79954.99,36.48361,2026-09-07 02:15:00+00:00
1788747600000,79955.0,79981.56,79924.43,79969.13,23.8406,2026-09-07 02:20:00+00:00
1788747900000,79969.14,80041.61,79966.78,80032.01,27.8111,2026-09-07 02:25:00+00:00
1788748200000,80032.01,80056.06,80003.74,80010.49,24.00338,2026-09-07 02:30:00+00:00
1788748500000,80010.5,80402.0,80010.49,80386.02,75.14159,2026-09-07 02:35:00+00:00
1788748800000,80386.02,80426.0,80247.55,80264.0,58.13421,2026-09-07 02:40:00+00:00
1788749100000,80264.0,80280.0,80217.48,80274.99,25.66073,2026-09-07 02:45:00+00:00
1788749400000,80274.99,80275.0,80101.12,80101.12,23.82059,2026-09-07 02:50:00+00:00
1788749700000,80101.13,80129.39,79827.89,79874.24,55.84974,2026-09-07 02:55:00+00:00
1788750000000,79874.25,79986.02,79800.29,79976.73,43.31128,2026-09-07 03:00:00+00:00
1788750300000,79976.73,79978.88,79806.01,79836.78,24.84062,2026-09-07 03:05:00+00:00
1788750600000,79836.79,79838.53,79768.18,79792.78,37.56069,2026-09-07 03:10:00+00:00
1788750900000,79792.79,79820.51,79740.0,79803.07,34.29432,2026-09-07 03:15:00+00:00
1788751200000,79803.06,79836.63,79786.94,79786.94,15.17081,2026-09-07 03:20:00+00:00
1788751500000,79786.95,79790.98,79727.77,79729.42,22.08751,2026-09-07 03:25:00+00:00
1788751800000,79729.42,79769.99,79703.81,79741.36,31.95146,2026-09-07 03:30:00+00:00
1788752100000,79741.35,79741.36,79674.64,79674.64,28.40523,2026-09-07 03:35:00+00:00
1788752400000,79674.65,79680.0,79587.08,79631.88,35.13087,2026-09-07 03:40:00+00:00
1788752700000,79631.88,79666.39,79631.88,79642.0,28.07149,2026-09-07 03:45:00+00:00
1788753000000,79642.0,79655.15,79568.6,79655.15,34.33956,2026-09-07 03:50:00+00:00
1788753300000,79655.14,79687.04,79596.38,79596.39,89.0676,2026-09-07 03:55:00+00:00
1788753600000,79596.38,79655.99,79564.44,79636.38,97.34686,2026-09-07 04:00:00+00:00
1788753900000,79636.39,79649.16,79613.02,79642.88,20.99669,2026-09-07 04:05:00+00:00
1788754200000,79642.89,79683.96,79554.85,79683.95,37.90248,2026-09-07 04:10:00+00:00
1788754500000,79683.95,79688.91,79653.27,79688.91,18.75672,2026-09-07 04:15:00+00:00
1788754800000,79688.9,79693.88,79664.54,79688.93,41.60161,2026-09-07 04:20:00+00:00
1788755100000,79688.94,79691.87,79605.15,79605.15,212.28739,2026-09-07 04:25:00+00:00
1788755400000,79605.16,79634.59,79573.87,79613.0,32.1837,2026-09-07 04:30:00+00:00
1788755700000,79613.01,79641.18,79540.38,79620.14,40.63491,2026-09-07 04:35:00+00:00
1788756000000,79620.15,79682.49,79587.4,79680.85,45.71465,2026-09-07 04:40:00+00:00
1788756300000,79680.85,79722.29,79672.83,79680.78,55.53643,2026-09-07 04:45:00+00:00
1788756600000,79680.78,79706.74,79648.0,79648.0,28.15898,2026-09-07 04:50:00+00:00
1788756900000,79648.01,79732.15,79648.0,79724.0,49.23982,2026-09-07 04:55:00+00:00
1788757200000,79724.01,79759.47,79707.8,79759.47,28.93988,2026-09-07 05:00:00+00:00
1788757500000,79759.47,79778.91,79716.01,79737.98,34.0275,2026-09-07 05:05:00+00:00
1788757800000,79737.99,79778.92,79666.79,79778.91,237.82435,2026-09-07 05:10:00+00:00
1788758100000,79778.91,79872.01,79768.0,79839.65,44.27918,2026-09-07 05:15:00+00:00
1788758400000,79839.65,79888.88,79811.12,79882.37,28.64332,2026-09-07 05:20:00+00:00
1788758700000,79882.38,79926.04,79834.0,79855.99,47.31327,2026-09-07 05:25:00+00:00
1788759000000,79856.0,79862.63,79836.01,79846.42,26.50624,2026-09-07 05:30:00+00:00
1788759300000,79846.43,79869.63,79808.89,79865.93,38.32563,2026-09-07 05:35:00+00:00
1788759600000,79865.93,79865.93,79842.26,79865.1,28.41773,2026-09-07 05:40:00+00:00
1788759900000,79865.11,79865.48,79836.46,79865.39,40.89605,2026-09-07 05:45:00+00:00
1788760200000,79865.39,79865.39,79779.98,79782.01,39.81627,2026-09-07 05:50:00+00:00
1788760500000,79782.02,79782.02,79759.46,79759.47,30.3006,2026-09-07 05:55:00+00:00
1788760800000,79759.47,79816.0,79748.84,79816.0,31.49093,2026-09-07 06:00:00+00:00
1788761100000,79816.0,79825.7,79772.0,79799.99,38.34681,2026-09-07 06:05:00+00:00
1788761400000,79800.0,79814.0,79772.58,79812.77,31.25156,2026-09-07 06:10:00+00:00
1788761700000,79812.77,79813.06,79712.0,79723.99,30.58372,2026-09-07 06:15:00+00:00
1788762000000,79724.0,79757.08,79702.0,79757.08,35.27572,2026-09-07 06:20:00+00:00
1788762300000,79757.08,79778.91,79717.44,79717.44,33.44012,2026-09-07 06:25:00+00:00
1788762600000,79717.44,79738.56,79700.0,79724.0,56.46547,2026-09-07 06:30:00+00:00
1788762900000,79724.0,79739.98,79700.0,79700.0,55.88442,2026-09-07 06:35:00+00:00
1788763200000,79700.0,79720.0,79644.55,79680.0,164.12015,2026-09-07 06:40:00+00:00
1788763500000,79680.0,79682.0,79666.3,79674.0,29.44597,2026-09-07 06:45:00+00:00
1788763800000,79673.99,79679.1,79672.07,79673.36,24.69332,2026-09-07 06:50:00+00:00
1788764100000,79673.35,79679.99,79659.27,79659.27,33.03727,2026-09-07 06:55:00+00:00
1788764400000,79659.28,79660.0,79592.0,79592.01,33.41751,2026-09-07 07:00:00+00:00
1788764700000,79592.0,79691.06,79588.0,79684.3,21.42233,2026-09-07 07:05:00+00:00
1788765000000,79684.3,79684.3,79618.81,79618.82,31.85538,2026-09-07 07:10:00+00:00
1788765300000,79618.82,79629.99,79575.53,79576.32,17.88021,2026-09-07 07:15:00+00:00
1788765600000,79576.32,79590.5,79454.0,79471.3,81.05018,2026-09-07 07:20:00+00:00
1788765900000,79471.29,79570.01,79404.71,79424.32,68.00737,2026-09-07 07:25:00+00:00
1788766200000,79424.33,79522.89,79200.1,79321.8,189.03138,2026-09-07 07:30:00+00:00
1788766500000,79321.8,79338.25,79214.09,79214.1,63.76125,2026-09-07 07:35:00+00:00
1788766800000,79214.1,79284.0,79001.1,79284.0,179.61259,2026-09-07 07:40:00+00:00
1788767100000,79284.0,79366.44,79284.0,79363.99,63.23403,2026-09-07 07:45:00+00:00
1788767400000,79363.99,79400.28,79320.01,79339.53,68.67228,2026-09-07 07:50:00+00:00
1788767700000,79339.52,79410.89,79339.52,79397.83,49.94077,2026-09-07 07:55:00+00:00
1788768000000,79397.83,79455.7,79397.83,79422.34,44.50015,2026-09-07 08:00:00+00:00
1788768300000,79422.34,79509.9,79422.34,79509.9,36.76607,2026-09-07 08:05:00+00:00
1788768600000,79509.9,79509.9,79461.44,79466.34,29.98007,2026-09-07 08:10:00+00:00
1788768900000,79466.34,79522.87,79458.81,79519.15,27.5436,2026-09-07 08:15:00+00:00
1788769200000,79519.15,79519.16,79462.64,79466.01,35.75247,2026-09-07 08:20:00+00:00
1788769500000,79466.01,79511.18,79453.92,79466.13,40.28461,2026-09-07 08:25:00+00:00
1788769800000,79466.13,79530.47,79466.13,79501.99,33.41069,2026-09-07 08:30:00+00:00
1788770100000,79501.99,79506.65,79433.93,79434.0,27.26063,2026-09-07 08:35:00+00:00
1788770400000,79434.01,79480.63,79434.0,79480.62,28.02821,2026-09-07 08:40:00+00:00
1788770700000,79480.62,79500.0,79433.0,79435.1,31.44197,2026-09-07 08:45:00+00:00
1788771000000,79435.1,79461.43,79423.56,79429.95,15.43222,2026-09-07 08:50:00+00:00
1788771300000,79429.94,79457.86,79429.94,79437.38,16.99595,2026-09-07 08:55:00+00:00
1788771600000,79437.39,79468.0,79435.35,79445.44,12.96037,2026-09-07 09:00:00+00:00
1788771900000,79445.44,79533.57,79420.0,79529.95,31.97213,2026-09-07 09:05:00+00:00
1788772200000,79529.96,79550.0,79502.0,79528.39,54.02809,2026-09-07 09:10:00+00:00
1788772500000,79528.39,79537.25,79516.15,79527.79,59.40201,2026-09-07 09:15:00+00:00
1788772800000,79527.78,79527.78,79454.28,79455.58,28.92482,2026-09-07 09:20:00+00:00
1788773100000,79455.58,79496.61,79430.0,79480.0,60.01305,2026-09-07 09:25:00+00:00
1788773400000,79479.99,79480.0,79412.0,79412.0,15.85462,2026-09-07 09:30:00+00:00
1788773700000,79412.0,79414.56,79326.0,79376.0,37.63483,2026-09-07 09:35:00+00:00
1788774000000,79376.0,79392.27,79375.99,79392.27,13.36163,2026-09-07 09:40:00+00:00
1788774300000,79392.26,79423.6,79392.26,79417.23,17.89881,2026-09-07 09:45:00+00:00
1788774600000,79417.24,79453.99,79308.0,79326.87,31.62588,2026-09-07 09:50:00+00:00
1788774900000,79326.86,79354.0,79291.15,79313.85,20.69375,2026-09-07 09:55:00+00:00
1788775200000,79313.85,79399.83,79313.85,79399.83,30.93025,2026-09-07 10:00:00+00:00
1788775500000,79399.83,79408.71,79324.0,79377.99,40.35485,2026-09-07 10:05:00+00:00
1788775800000,79377.99,79398.86,79346.0,79377.32,26.1754,2026-09-07 10:10:00+00:00
1788776100000,79377.31,79421.06,79370.0,79421.05,17.62593,2026-09-07 10:15:00+00:00
1788776400000,79421.06,79429.35,79394.62,79394.63,20.63566,2026-09-07 10:20:00+00:00
1788776700000,79394.63,79421.76,79386.32,79421.75,24.65008,2026-09-07 10:25:00+00:00
1788777000000,79421.76,79421.76,79409.76,79414.38,20.83719,2026-09-07 10:30:00+00:00
1788777300000,79414.38,79425.62,79388.58,79404.07,30.49161,2026-09-07 10:35:00+00:00
1788777600000,79404.07,79447.99,79404.06,79447.98,11.49626,2026-09-07 10:40:00+00:00
1788777900000,79447.98,79459.5,79398.88,79400.17,53.86219,2026-09-07 10:45:00+00:00
1788778200000,79400.18,79447.8,79400.17,79416.01,36.94374,2026-09-07 10:50:00+00:00
1788778500000,79416.01,79416.01,79350.0,79360.0,26.14247,2026-09-07 10:55:00+00:00
1788778800000,79360.0,79379.94,79304.22,79311.99,32.00083,2026-09-07 11:00:00+00:00
1788779100000,79311.99,79334.82,79282.0,79312.03,42.60828,2026-09-07 11:05:00+00:00
1788779400000,79312.03,79411.99,79312.02,79411.99,19.43928,2026-09-07 11:10:00+00:00
1788779700000,79411.98,79434.0,79402.03,79434.0,20.74473,2026-09-07 11:15:00+00:00
1788780000000,79434.0,79468.73,79433.99,79448.02,16.6056,2026-09-07 11:20:00+00:00
1788780300000,79448.02,79466.87,79445.0,79445.71,17.78629,2026-09-07 11:25:00+00:00
1788780600000,79445.72,79487.01,79418.47,79456.52,21.54464,2026-09-07 11:30:00+00:00
1788780900000,79456.52,79461.61,79414.01,79414.03,20.48047,2026-09-07 11:35:00+00:00
1788781200000,79414.02,79428.0,79414.02,79414.02,21.00111,2026-09-07 11:40:00+00:00
1788781500000,79414.02,79428.77,79400.0,79412.01,35.94515,2026-09-07 11:45:00+00:00
1788781800000,79412.01,79437.44,79374.0,79426.95,41.86432,2026-09-07 11:50:00+00:00
1788782100000,79426.96,79438.55,79386.0,79420.16,32.14829,2026-09-07 11:55:00+00:00
1788782400000,79420.16,79428.28,79400.48,79413.9,13.37281,2026-09-07 12:00:00+00:00
1788782700000,79413.91,79500.0,79413.9,79476.55,30.14467,2026-09-07 12:05:00+00:00
1788783000000,79476.55,79476.56,79425.61,79425.61,14.08257,2026-09-07 12:10:00+00:00
1788783300000,79425.61,79480.6,79413.91,79480.6,22.4429,2026-09-07 12:15:00+00:00
1788783600000,79480.59,79509.51,79468.0,79484.18,20.58549,2026-09-07 12:20:00+00:00
1788783900000,79484.18,79530.92,79484.18,79530.0,28.02678,2026-09-07 12:25:00+00:00
1788784200000,79529.99,79530.0,79504.05,79504.05,19.19519,2026-09-07 12:30:00+00:00
1788784500000,79504.06,79508.73,79460.0,79460.01,13.70905,2026-09-07 12:35:00+00:00
1788784800000,79460.01,79472.82,79459.98,79472.82,17.84281,2026-09-07 12:40:00+00:00
1788785100000,79472.82,79535.73,79472.81,79524.0,24.30372,2026-09-07 12:45:00+00:00
1788785400000,79524.01,79623.95,79524.0,79601.01,38.06604,2026-09-07 12:50:00+00:00
1788785700000,79601.0,79627.43,79590.31,79606.84,36.83809,2026-09-07 12:55:00+00:00
1788786000000,79606.84,79616.0,79534.0,79596.01,49.63479,2026-09-07 13:00:00+00:00
1788786300000,79596.01,79596.01,79530.0,79569.79,32.51083,2026-09-07 13:05:00+00:00
1788786600000,79569.8,79643.5,79564.0,79623.99,41.54421,2026-09-07 13:10:00+00:00
1788786900000,79624.0,79638.0,79578.18,79617.97,27.6868,2026-09-07 13:15:00+00:00
1788787200000,79617.96,79639.99,79617.96,79631.99,21.66452,2026-09-07 13:20:00+00:00
1788787500000,79631.99,79643.22,79612.52,79643.21,23.15972,2026-09-07 13:25:00+00:00
1788787800000,79643.21,79643.22,79385.12,79404.0,80.12389,2026-09-07 13:30:00+00:00
1788788100000,79404.0,79433.93,79318.92,79414.86,93.43399,2026-09-07 13:35:00+00:00
1788788400000,79414.86,79414.87,79356.0,79374.99,66.0372,2026-09-07 13:40:00+00:00
1788788700000,79375.0,79375.0,79325.0,79325.01,34.37099,2026-09-07 13:45:00+00:00
1788789000000,79325.0,79417.7,79324.0,79409.66,43.79098,2026-09-07 13:50:00+00:00
1788789300000,79409.65,79409.66,79352.0,79352.01,23.91682,2026-09-07 13:55:00+00:00
1788789600000,79352.0,79396.36,79332.0,79333.49,22.56682,2026-09-07 14:00:00+00:00
1788789900000,79333.49,79339.21,79119.13,79140.93,98.76517,2026-09-07 14:05:00+00:00
1788790200000,79140.94,79227.4,79119.13,79176.33,59.86275,2026-09-07 14:10:00+00:00
1788790500000,79176.33,79222.0,79100.0,79134.8,34.894,2026-09-07 14:15:00+00:00
1788790800000,79134.8,79134.81,79046.39,79079.28,63.25334,2026-09-07 14:20:00+00:00
1788791100000,79079.28,79131.05,79046.0,79053.8,59.4334,2026-09-07 14:25:00+00:00
1788791400000,79053.79,79104.0,79007.73,79046.01,107.78255,2026-09-07 14:30:00+00:00
1788791700000,79046.01,79103.9,79040.01,79040.01,40.94945,2026-09-07 14:35:00+00:00
1788792000000,79040.02,79064.7,78956.94,79030.17,97.48984,2026-09-07 14:40:00+00:00
1788792300000,79030.17,79098.0,79028.0,79095.0,53.12481,2026-09-07 14:45:00+00:00
1788792600000,79095.01,79276.94,79088.88,79260.02,38.88345,2026-09-07 14:50:00+00:00
1788792900000,79260.02,79260.02,79189.17,79191.95,52.95703,2026-09-07 14:55:00+00:00
1788793200000,79191.96,79191.96,79120.04,79120.04,40.18073,2026-09-07 15:00:00+00:00
1788793500000,79120.05,79122.0,79036.01,79093.75,34.17509,2026-09-07 15:05:00+00:00
1788793800000,79093.76,79108.75,79048.0,79048.0,26.29551,2026-09-07 15:10:00+00:00
1788794100000,79048.01,79134.0,78832.0,79131.72,142.01595,2026-09-07 15:15:00+00:00
1788794400000,79132.0,79138.0,79066.28,79103.99,26.0529,2026-09-07 15:20:00+00:00
1788794700000,79103.99,79124.0,79024.81,79027.84,46.55434,2026-09-07 15:25:00+00:00
1788795000000,79027.84,79034.0,78800.0,78841.54,109.21396,2026-09-07 15:30:00+00:00
1788795300000,78841.55,78900.0,78753.78,78772.0,73.80943,2026-09-07 15:35:00+00:00
1788795600000,78772.0,78806.0,78680.0,78776.42,115.52635,2026-09-07 15:40:00+00:00
1788795900000,78776.43,78852.55,78700.0,78844.9,69.9587,2026-09-07 15:45:00+00:00
1788796200000,78844.91,78860.63,78830.0,78835.24,44.44792,2026-09-07 15:50:00+00:00
1788796500000,78835.24,78861.44,78737.52,78821.99,61.92723,2026-09-07 15:55:00+00:00
1788796800000,78822.0,78919.94,78817.01,78870.0,45.45673,2026-09-07 16:00:00+00:00
1788797100000,78870.01,78902.43,78828.0,78878.02,51.81714,2026-09-07 16:05:00+00:00
1788797400000,78878.02,78920.0,78878.02,78911.99,26.73613,2026-09-07 16:10:00+00:00
1788797700000,78911.99,78911.99,78834.0,78893.67,33.4917,2026-09-07 16:15:00+00:00
1788798000000,78893.67,78893.67,78828.01,78828.02,29.52276,2026-09-07 16:20:00+00:00
1788798300000,78828.02,78848.99,78807.69,78832.0,30.41455,2026-09-07 16:25:00+00:00
1788798600000,78832.0,78949.69,78831.99,78938.0,47.8479,2026-09-07 16:30:00+00:00
1788798900000,78938.01,79032.0,78934.04,79022.43,38.12791,2026-09-07 16:35:00+00:00
1788799200000,79022.44,79035.23,78997.21,78999.01,30.52302,2026-09-07 16:40:00+00:00
1788799500000,78999.02,79020.01,78978.22,78985.56,36.24941,2026-09-07 16:45:00+00:00
1788799800000,78985.55,79018.0,78970.32,79001.41,17.93025,2026-09-07 16:50:00+00:00
1788800100000,79001.41,79028.88,78970.86,79028.87,40.88152,2026-09-07 16:55:00+00:00
1788800400000,79028.88,79028.88,79018.0,79027.04,26.78401,2026-09-07 17:00:00+00:00
1788800700000,79027.04,79093.45,79027.04,79091.1,25.34163,2026-09-07 17:05:00+00:00
1788801000000,79091.09,79152.0,79091.09,79152.0,24.27014,2026-09-07 17:10:00+00:00
1788801300000,79152.0,79152.0,79112.85,79147.15,17.28458,2026-09-07 17:15:00+00:00
1788801600000,79147.15,79157.54,79106.0,79117.28,31.26313,2026-09-07 17:20:00+00:00
1788801900000,79117.27,79152.0,79094.77,79121.43,22.5932,2026-09-07 17:25:00+00:00
1788802200000,79121.44,79122.49,79089.58,79092.58,12.24457,2026-09-07 17:30:00+00:00
1788802500000,79092.58,79146.0,79076.1,79139.06,20.05367,2026-09-07 17:35:00+00:00
1788802800000,79139.06,79172.63,79139.05,79153.02,15.04609,2026-09-07 17:40:00+00:00
1788803100000,79153.01,79180.0,79144.0,79166.0,13.19975,2026-09-07 17:45:00+00:00
1788803400000,79166.0,79223.53,79165.99,79175.33,28.49635,2026-09-07 17:50:00+00:00
1788803700000,79175.34,79185.74,79174.78,79185.73,14.79825,2026-09-07 17:55:00+00:00
1788804000000,79185.74,79215.33,79174.0,79174.0,23.4401,2026-09-07 18:00:00+00:00
1788804300000,79174.0,79208.0,79148.78,79175.57,48.21277,2026-09-07 18:05:00+00:00
1788804600000,79175.57,79211.99,79164.0,79174.96,32.09145,2026-09-07 18:10:00+00:00
1788804900000,79174.95,79207.64,79174.6,79200.87,22.19165,2026-09-07 18:15:00+00:00
1788805200000,79200.88,79200.88,79133.44,79151.39,26.41667,2026-09-07 18:20:00+00:00
1788805500000,79151.4,79177.4,79134.0,79141.91,26.32486,2026-09-07 18:25:00+00:00
1788805800000,79141.91,79141.92,79096.0,79111.88,22.31638,2026-09-07 18:30:00+00:00
1788806100000,79111.88,79135.58,79100.31,79108.01,33.1563,2026-09-07 18:35:00+00:00
1788806400000,79108.01,79163.41,79108.0,79158.9,30.14702,2026-09-07 18:40:00+00:00
1788806700000,79158.9,79199.99,79144.0,79199.99,10.71185,2026-09-07 18:45:00+00:00
1788807000000,79200.0,79244.0,79194.51,79223.24,20.46977,2026-09-07 18:50:00+00:00
1788807300000,79223.24,79226.0,79172.0,79196.16,12.76661,2026-09-07 18:55:00+00:00
1788807600000,79196.15,79196.16,79150.0,79182.1,15.39909,2026-09-07 19:00:00+00:00
1788807900000,79182.1,79189.0,79158.08,79158.08,10.8067,2026-09-07 19:05:00+00:00
1788808200000,79158.08,79175.5,79158.01,79165.98,11.84004,2026-09-07 19:10:00+00:00
1788808500000,79165.99,79182.0,79165.98,79182.0,5.98646,2026-09-07 19:15:00+00:00
1788808800000,79182.0,79243.39,79181.99,79243.39,8.76442,2026-09-07 19:20:00+00:00
1788809100000,79243.39,79243.43,79220.46,79243.43,21.4752,2026-09-07 19:25:00+00:00
1788809400000,79243.43,79394.45,79240.44,79378.0,55.85033,2026-09-07 19:30:00+00:00
1788809700000,79377.99,79419.17,79346.46,79368.0,28.64548,2026-09-07 19:35:00+00:00
1788810000000,79368.0,79368.95,79336.0,79342.39,7.88095,2026-09-07 19:40:00+00:00
1788810300000,79342.38,79376.4,79342.38,79374.95,22.29371,2026-09-07 19:45:00+00:00
1788810600000,79374.95,79382.98,79358.37,79366.0,18.09097,2026-09-07 19:50:00+00:00
1788810900000,79366.01,79368.0,79346.88,79365.82,23.45836,2026-09-07 19:55:00+00:00
1788811200000,79365.81,79394.92,79324.0,79324.0,25.96011,2026-09-07 20:00:00+00:00
1788811500000,79324.0,79324.01,79216.0,79248.01,41.31701,2026-09-07 20:05:00+00:00
1788811800000,79248.01,79251.98,79212.0,79236.76,15.4698,2026-09-07 20:10:00+00:00
1788812100000,79236.75,79259.51,79230.0,79259.5,7.42321,2026-09-07 20:15:00+00:00
1788812400000,79259.51,79259.51,79184.2,79214.05,18.22082,2026-09-07 20:20:00+00:00
1788812700000,79214.05,79214.05,79199.59,79213.97,9.19514,2026-09-07 20:25:00+00:00
1788813000000,79213.96,79241.28,79213.96,79233.99,8.33488,2026-09-07 20:30:00+00:00
1788813300000,79234.0,79234.0,79218.66,79218.66,7.68166,2026-09-07 20:35:00+00:00
1788813600000,79218.66,79226.0,79188.41,79188.42,10.36852,2026-09-07 20:40:00+00:00
1788813900000,79188.41,79234.62,79168.01,79234.61,49.21001,2026-09-07 20:45:00+00:00
1788814200000,79234.62,79261.33,79200.0,79209.99,12.97129,2026-09-07 20:50:00+00:00
1788814500000,79210.0,79247.97,79209.99,79238.0,6.472,2026-09-07 20:55:00+00:00
1788814800000,79238.0,79264.0,79236.12,79240.01,14.46988,2026-09-07 21:00:00+00:00
1788815100000,79240.0,79240.01,79212.0,79212.01,11.18979,2026-09-07 21:05:00+00:00
1788815400000,79212.01,79266.0,79207.99,79266.0,10.52609,2026-09-07 21:10:00+00:00
1788815700000,79266.0,79278.0,79215.64,79256.0,25.78292,2026-09-07 21:15:00+00:00
1788816000000,79256.0,79256.0,79254.44,79254.44,4.25974,2026-09-07 21:20:00+00:00
1788816300000,79254.45,79260.0,79230.45,79232.01,12.39565,2026-09-07 21:25:00+00:00
1788816600000,79232.0,79235.0,79206.0,79213.99,6.53414,2026-09-07 21:30:00+00:00
1788816900000,79214.0,79214.0,79190.0,79212.0,18.32825,2026-09-07 21:35:00+00:00
1788817200000,79212.0,79227.95,79168.02,79192.72,24.61637,2026-09-07 21:40:00+00:00
1788817500000,79192.72,79216.0,79186.73,79188.01,9.8783,2026-09-07 21:45:00+00:00
1788817800000,79188.01,79214.0,79168.01,79190.39,9.59708,2026-09-07 21:50:00+00:00
1788818100000,79190.39,79213.27,79164.0,79164.0,16.11382,2026-09-07 21:55:00+00:00
1788818400000,79164.01,79196.0,79077.93,79191.17,41.34363,2026-09-07 22:00:00+00:00
1788818700000,79191.17,79218.18,79148.0,79200.0,24.12503,2026-09-07 22:05:00+00:00
1788819000000,79199.99,79218.0,79144.0,79154.47,23.52248,2026-09-07 22:10:00+00:00
1788819300000,79154.47,79154.48,79041.53,79067.29,45.6198,2026-09-07 22:15:00+00:00
1788819600000,79067.28,79180.87,79028.05,79180.87,39.85176,2026-09-07 22:20:00+00:00
1788819900000,79180.86,79200.0,79104.0,79104.0,58.92126,2026-09-07 22:25:00+00:00
1788820200000,79104.01,79104.01,79046.46,79055.39,23.79555,2026-09-07 22:30:00+00:00
1788820500000,79055.39,79074.47,78854.05,78870.87,61.67953,2026-09-07 22:35:00+00:00
1788820800000,78870.87,78877.83,78781.07,78812.96,69.59687,2026-09-07 22:40:00+00:00
1788821100000,78812.96,78961.31,78812.96,78961.31,37.1555,2026-09-07 22:45:00+00:00
1788821400000,78961.3,78965.93,78937.24,78942.01,16.30785,2026-09-07 22:50:00+00:00
1788821700000,78942.01,78964.49,78887.93,78952.19,16.08578,2026-09-07 22:55:00+00:00
1788822000000,78952.18,79020.0,78938.38,78982.66,21.55749,2026-09-07 23:00:00+00:00
1788822300000,78982.66,79166.0,78964.0,79124.01,56.05731,2026-09-07 23:05:00+00:00
1788822600000,79124.01,79151.73,79104.0,79132.01,27.13163,2026-09-07 23:10:00+00:00
1788822900000,79132.0,79140.33,79066.02,79117.88,33.64697,2026-09-07 23:15:00+00:00
1788823200000,79117.88,79117.89,78969.99,78996.01,16.29824,2026-09-07 23:20:00+00:00
1788823500000,78996.01,79034.0,78996.0,79013.0,26.12486,2026-09-07 23:25:00+00:00
1788823800000,79012.99,79023.99,78988.52,79002.0,9.32814,2026-09-07 23:30:00+00:00
1788824100000,79002.01,79050.0,79002.0,79041.93,20.77355,2026-09-07 23:35:00+00:00
1788824400000,79041.93,79120.0,79041.92,79119.99,15.55259,2026-09-07 23:40:00+00:00
1788824700000,79119.99,79210.0,79107.95,79189.84,15.83763,2026-09-07 23:45:00+00:00
1788825000000,79189.84,79198.0,79148.2,79150.0,21.83881,2026-09-07 23:50:00+00:00
1788825300000,79150.01,79160.0,79112.0,79112.01,28.69269,2026-09-07 23:55:00+00:00
1788825600000,79112.0,79114.0,79014.79,79054.0,38.24926,2026-09-08 00:00:00+00:00
1788825900000,79054.0,79106.0,79016.0,79050.56,38.01303,2026-09-08 00:05:00+00:00
1788826200000,79050.56,79070.37,78986.14,79053.78,46.64586,2026-09-08 00:10:00+00:00
1788826500000,79053.79,79146.0,79022.9,79054.0,37.44779,2026-09-08 00:15:00+00:00
1788826800000,79054.01,79069.46,78972.51,79038.0,28.47813,2026-09-08 00:20:00+00:00
1788827100000,79038.0,79076.69,79004.0,79004.0,56.12411,2026-09-08 00:25:00+00:00
1788827400000,79004.01,79169.55,78983.57,79169.54,70.59365,2026-09-08 00:30:00+00:00
1788827700000,79169.55,79240.0,79169.54,79226.0,32.73339,2026-09-08 00:35:00+00:00
1788828000000,79226.0,79280.0,79196.28,79218.0,28.15672,2026-09-08 00:40:00+00:00
1788828300000,79218.0,79279.98,79202.0,79279.97,16.95516,2026-09-08 00:45:00+00:00
1788828600000,79279.97,79305.98,79258.24,79262.0,23.65335,2026-09-08 00:50:00+00:00
1788828900000,79262.0,79313.09,79262.0,79313.08,28.02869,2026-09-08 00:55:00+00:00
1788829200000,79313.09,79323.72,79288.06,79306.53,27.12488,2026-09-08 01:00:00+00:00
1788829500000,79306.54,79355.18,79266.48,79350.0,35.21207,2026-09-08 01:05:00+00:00
1788829800000,79350.0,79370.0,79298.0,79298.0,31.05295,2026-09-08 01:10:00+00:00
1788830100000,79298.01,79352.0,79268.0,79330.0,33.38693,2026-09-08 01:15:00+00:00
1788830400000,79330.0,79463.06,79317.29,79380.0,44.98212,2026-09-08 01:20:00+00:00
1788830700000,79380.01,79438.02,79378.0,79397.99,21.8121,2026-09-08 01:25:00+00:00
1788831000000,79398.0,79398.0,79317.53,79319.31,35.81496,2026-09-08 01:30:00+00:00
1788831300000,79319.31,79368.0,79317.53,79324.79,38.79897,2026-09-08 01:35:00+00:00
1788831600000,79324.78,79330.0,79307.07,79319.66,32.78439,2026-09-08 01:40:00+00:00
1788831900000,79319.66,79365.34,79302.07,79365.33,42.92137,2026-09-08 01:45:00+00:00
1788832200000,79365.33,79389.26,79326.51,79389.25,48.20114,2026-09-08 01:50:00+00:00
1788832500000,79389.26,79456.82,79372.28,79441.99,62.72515,2026-09-08 01:55:00+00:00
1788832800000,79441.98,79441.99,79384.0,79384.01,21.31443,2026-09-08 02:00:00+00:00
1788833100000,79384.0,79384.01,79330.0,79330.01,28.77138,2026-09-08 02:05:00+00:00
1788833400000,79330.01,79344.36,79254.37,79339.24,65.42776,2026-09-08 02:10:00+00:00
1788833700000,79339.24,79348.87,79285.43,79308.0,60.05706,2026-09-08 02:15:00+00:00
1788834000000,79307.99,79485.0,79294.0,79472.01,77.99742,2026-09-08 02:20:00+00:00
1788834300000,79472.0,79485.0,79254.0,79265.61,61.01511,2026-09-08 02:25:00+00:00
1788834600000,79265.61,79268.75,79194.0,79216.0,42.63084,2026-09-08 02:30:00+00:00
1788834900000,79215.99,79220.0,79162.71,79172.0,31.61699,2026-09-08 02:35:00+00:00
1788835200000,79172.01,79172.01,79100.0,79134.01,32.45332,2026-09-08 02:40:00+00:00
1788835500000,79134.01,79149.57,79098.0,79117.36,66.02638,2026-09-08 02:45:00+00:00
1788835800000,79117.37,79117.37,78984.0,78984.01,70.92121,2026-09-08 02:50:00+00:00
1788836100000,78984.01,79014.0,78930.0,78930.01,43.28081,2026-09-08 02:55:00+00:00
1788836400000,78930.01,79002.0,78876.62,78911.98,57.81758,2026-09-08 03:00:00+00:00
1788836700000,78911.97,78989.26,78911.97,78989.26,37.80398,2026-09-08 03:05:00+00:00
1788837000000,78989.25,78991.45,78900.3,78921.17,30.20332,2026-09-08 03:10:00+00:00
1788837300000,78921.16,78945.7,78868.34,78868.35,30.45252,2026-09-08 03:15:00+00:00
1788837600000,78868.34,78877.7,78725.1,78797.69,59.8252,2026-09-08 03:20:00+00:00
1788837900000,78797.69,78839.23,78736.64,78773.36,77.61784,2026-09-08 03:25:00+00:00
1788838200000,78773.36,78970.0,78763.2,78918.01,68.39152,2026-09-08 03:30:00+00:00
1788838500000,78918.0,78990.0,78895.47,78925.37,167.3785,2026-09-08 03:35:00+00:00
1788838800000,78925.36,78985.21,78905.96,78949.23,141.35214,2026-09-08 03:40:00+00:00
1788839100000,78949.24,78951.98,78868.34,78911.13,60.81697,2026-09-08 03:45:00+00:00
1788839400000,78911.14,78949.74,78907.44,78907.44,36.34109,2026-09-08 03:50:00+00:00
1788839700000,78907.44,78924.0,78906.27,78906.28,45.22294,2026-09-08 03:55:00+00:00
1788840000000,78906.27,78929.24,78896.49,78896.72,39.98277,2026-09-08 04:00:00+00:00
1788840300000,78896.73,78909.17,78846.57,78863.61,68.76187,2026-09-08 04:05:00+00:00
1788840600000,78863.6,78867.98,78787.1,78812.11,49.96156,2026-09-08 04:10:00+00:00
1788840900000,78812.1,78855.01,78777.02,78853.83,51.4526,2026-09-08 04:15:00+00:00
1788841200000,78853.83,78860.35,78780.26,78780.26,37.49927,2026-09-08 04:20:00+00:00
1788841500000,78780.26,78843.97,78762.0,78815.02,45.63894,2026-09-08 04:25:00+00:00
1788841800000,78815.01,78870.87,78810.36,78829.82,37.33024,2026-09-08 04:30:00+00:00
1788842100000,78829.81,78838.0,78788.0,78828.88,41.16287,2026-09-08 04:35:00+00:00
1788842400000,78828.88,78840.0,78738.98,78781.98,58.1929,2026-09-08 04:40:00+00:00
1788842700000,78781.98,78814.0,78770.58,78800.01,24.87891,2026-09-08 04:45:00+00:00
1788843000000,78800.0,78814.0,78715.95,78731.7,40.18354,2026-09-08 04:50:00+00:00
1788843300000,78731.69,78731.7,78678.7,78678.71,63.05636,2026-09-08 04:55:00+00:00
1788843600000,78678.7,78819.97,78555.0,78679.59,179.89372,2026-09-08 05:00:00+00:00
1788843900000,78679.59,78756.0,78618.0,78679.82,77.15784,2026-09-08 05:05:00+00:00
1788844200000,78679.82,78775.24,78672.88,78708.0,60.96523,2026-09-08 05:10:00+00:00
1788844500000,78708.01,78851.44,78660.0,78851.43,69.68515,2026-09-08 05:15:00+00:00
1788844800000,78851.43,78878.0,78805.15,78843.14,37.71893,2026-09-08 05:20:00+00:00
1788845100000,78843.13,78882.0,78805.23,78825.88,45.48473,2026-09-08 05:25:00+00:00
1788845400000,78825.87,78825.88,78669.7,78688.01,55.44194,2026-09-08 05:30:00+00:00
1788845700000,78688.01,78759.69,78642.0,78727.99,59.48498,2026-09-08 05:35:00+00:00
1788846000000,78728.0,78740.0,78626.0,78626.01,62.87195,2026-09-08 05:40:00+00:00
1788846300000,78626.01,78689.89,78626.0,78689.89,53.24746,2026-09-08 05:45:00+00:00
1788846600000,78689.89,78714.0,78612.01,78616.92,83.19277,2026-09-08 05:50:00+00:00
1788846900000,78616.92,78644.0,78568.7,78578.0,62.14574,2026-09-08 05:55:00+00:00
1788847200000,78577.99,78603.99,78470.49,78530.0,239.44746,2026-09-08 06:00:00+00:00
1788847500000,78530.0,78630.99,78453.73,78598.98,169.48644,2026-09-08 06:05:00+00:00
1788847800000,78598.99,78598.99,78496.1,78589.99,108.85628,2026-09-08 06:10:00+00:00
1788848100000,78589.99,78632.0,78461.0,78461.01,121.91675,2026-09-08 06:15:00+00:00
1788848400000,78461.01,78501.82,78370.01,78446.01,171.94051,2026-09-08 06:20:00+00:00
1788848700000,78446.0,78470.0,78366.0,78387.63,162.44051,2026-09-08 06:25:00+00:00
1788849000000,78387.63,78446.96,78380.0,78384.09,139.57196,2026-09-08 06:30:00+00:00
1788849300000,78384.09,78442.01,78357.1,78418.01,142.0242,2026-09-08 06:35:00+00:00
1788849600000,78418.01,78448.0,78369.95,78426.37,135.31436,2026-09-08 06:40:00+00:00
1788849900000,78426.37,78494.65,78326.23,78350.16,159.78033,2026-09-08 06:45:00+00:00
1788850200000,78350.15,78414.0,78277.53,78281.18,159.65855,2026-09-08 06:50:00+00:00
1788850500000,78281.18,78372.0,78261.61,78323.59,203.47734,2026-09-08 06:55:00+00:00
1788850800000,78323.59,78380.41,78287.55,78318.54,280.91244,2026-09-08 07:00:00+00:00
1788851100000,78318.55,78434.0,78309.5,78408.0,198.5062,2026-09-08 07:05:00+00:00
1788851400000,78408.0,78447.99,78408.0,78410.0,222.16093,2026-09-08 07:10:00+00:00
1788851700000,78410.01,78459.83,78374.41,78448.72,213.46204,2026-09-08 07:15:00+00:00
1788852000000,78448.72,78492.01,78424.87,78468.0,272.7119,2026-09-08 07:20:00+00:00
1788852300000,78467.99,78516.61,78465.47,78468.08,342.25171,2026-09-08 07:25:00+00:00
1788852600000,78468.09,78500.0,78442.48,78499.99,256.93213,2026-09-08 07:30:00+00:00
1788852900000,78500.0,78547.0,78498.42,78532.32,306.87152,2026-09-08 07:35:00+00:00
1788853200000,78532.32,78609.99,78434.3,78434.31,287.28384,2026-09-08 07:40:00+00:00
1788853500000,78434.3,78434.31,78278.17,78283.37,438.52677,2026-09-08 07:45:00+00:00
1788853800000,78283.36,78366.01,78179.98,78330.42,373.6484,2026-09-08 07:50:00+00:00
1788854100000,78330.42,78482.0,78330.42,78482.0,240.48937,2026-09-08 07:55:00+00:00
1788854400000,78482.0,78482.0,78286.01,78353.13,144.04945,2026-09-08 08:00:00+00:00
1788854700000,78353.12,78438.0,78337.08,78347.43,49.25523,2026-09-08 08:05:00+00:00
1788855000000,78347.44,78389.39,78316.0,78389.16,43.99833,2026-09-08 08:10:00+00:00
1788855300000,78389.17,78416.0,78307.52,78344.0,121.7839,2026-09-08 08:15:00+00:00
1788855600000,78344.0,78412.0,78281.3,78411.99,78.63806,2026-09-08 08:20:00+00:00
1788855900000,78412.0,78508.32,78363.6,78476.89,54.72544,2026-09-08 08:25:00+00:00
1788856200000,78476.89,78542.56,78450.02,78499.99,151.3553,2026-09-08 08:30:00+00:00
1788856500000,78500.0,78561.18,78500.0,78549.98,59.1878,2026-09-08 08:35:00+00:00
1788856800000,78549.97,78550.01,78510.0,78530.71,57.06734,2026-09-08 08:40:00+00:00
1788857100000,78530.71,78581.8,78500.0,78503.99,28.52101,2026-09-08 08:45:00+00:00
1788857400000,78504.0,78516.0,78368.0,78405.99,38.83088,2026-09-08 08:50:00+00:00
1788857700000,78406.0,78454.88,78384.0,78418.0,27.99036,2026-09-08 08:55:00+00:00
1788858000000,78418.0,78447.99,78374.64,78435.99,15.68537,2026-09-08 09:00:00+00:00
1788858300000,78435.99,78458.87,78317.03,78395.29,88.65972,2026-09-08 09:05:00+00:00
1788858600000,78395.29,78496.0,78354.16,78490.01,73.34622,2026-09-08 09:10:00+00:00
1788858900000,78490.01,78506.0,78407.4,78420.17,91.62778,2026-09-08 09:15:00+00:00
1788859200000,78420.17,78450.2,78340.5,78430.38,97.85683,2026-09-08 09:20:00+00:00
1788859500000,78430.38,78485.38,78427.18,78476.65,22.17803,2026-09-08 09:25:00+00:00
1788859800000,78476.65,78605.31,78435.18,78590.14,54.15493,2026-09-08 09:30:00+00:00
1788860100000,78590.14,78695.67,78578.0,78694.0,52.72683,2026-09-08 09:35:00+00:00
1788860400000,78693.99,78780.0,78686.0,78761.99,42.68453,2026-09-08 09:40:00+00:00
1788860700000,78762.0,78778.0,78734.25,78767.77,42.43765,2026-09-08 09:45:00+00:00
1788861000000,78767.78,78800.0,78744.52,78759.49,31.62318,2026-09-08 09:50:00+00:00
1788861300000,78759.48,78774.0,78730.0,78761.99,28.54041,2026-09-08 09:55:00+00:00
1788861600000,78762.0,78762.0,78670.0,78725.01,36.43698,2026-09-08 10:00:00+00:00
1788861900000,78725.02,78752.0,78700.0,78706.04,27.96201,2026-09-08 10:05:00+00:00
1788862200000,78706.04,78745.12,78700.0,78741.98,19.14458,2026-09-08 10:10:00+00:00
1788862500000,78741.98,78814.0,78736.0,78813.99,23.58527,2026-09-08 10:15:00+00:00
1788862800000,78814.0,78994.5,78813.99,78878.01,86.22246,2026-09-08 10:20:00+00:00
1788863100000,78878.0,78913.99,78832.43,78847.93,29.4513,2026-09-08 10:25:00+00:00
1788863400000,78847.93,78871.24,78733.46,78736.53,41.28773,2026-09-08 10:30:00+00:00
1788863700000,78736.53,78736.53,78672.57,78722.0,31.87893,2026-09-08 10:35:00+00:00
1788864000000,78722.0,78722.01,78656.77,78670.1,41.10002,2026-09-08 10:40:00+00:00
1788864300000,78670.1,78680.0,78656.48,78662.32,29.6952,2026-09-08 10:45:00+00:00
1788864600000,78662.32,78692.0,78624.65,78635.64,36.81997,2026-09-08 10:50:00+00:00
1788864900000,78635.64,78635.64,78568.0,78568.0,32.04518,2026-09-08 10:55:00+00:00
1788865200000,78568.01,78576.0,78483.52,78483.53,74.08093,2026-09-08 11:00:00+00:00
1788865500000,78483.53,78484.97,78360.87,78396.74,113.44818,2026-09-08 11:05:00+00:00
1788865800000,78396.74,78396.74,78271.63,78313.89,92.78406,2026-09-08 11:10:00+00:00
1788866100000,78313.89,78394.0,78297.47,78393.68,77.80709,2026-09-08 11:15:00+00:00
1788866400000,78393.68,78480.0,78384.0,78480.0,51.79651,2026-09-08 11:20:00+00:00
1788866700000,78480.0,78480.0,78421.32,78443.02,18.32141,2026-09-08 11:25:00+00:00
1788867000000,78443.02,78484.8,78396.82,78482.18,33.82185,2026-09-08 11:30:00+00:00
1788867300000,78482.19,78492.0,78422.19,78432.0,48.02922,2026-09-08 11:35:00+00:00
1788867600000,78432.01,78476.71,78422.9,78440.26,43.0785,2026-09-08 11:40:00+00:00
1788867900000,78440.27,78450.34,78388.38,78432.01,45.1785,2026-09-08 11:45:00+00:00
1788868200000,78432.0,78452.0,78370.0,78380.83,40.76201,2026-09-08 11:50:00+00:00
1788868500000,78380.84,78463.64,78380.83,78430.01,43.258,2026-09-08 11:55:00+00:00
1788868800000,78430.0,78430.01,78215.36,78232.0,142.42949,2026-09-08 12:00:00+00:00
1788869100000,78232.0,78347.33,78232.0,78347.33,61.91892,2026-09-08 12:05:00+00:00
1788869400000,78347.33,78367.1,78222.0,78222.01,54.53643,2026-09-08 12:10:00+00:00
1788869700000,78222.01,78274.08,78222.0,78270.32,34.22517,2026-09-08 12:15:00+00:00
1788870000000,78270.33,78329.03,78262.0,78324.0,34.18558,2026-09-08 12:20:00+00:00
1788870300000,78324.0,78401.94,78284.0,78377.84,49.32171,2026-09-08 12:25:00+00:00
1788870600000,78377.85,78450.0,78316.16,78403.92,63.09013,2026-09-08 12:30:00+00:00
1788870900000,78403.91,78422.0,78374.81,78387.11,35.00714,2026-09-08 12:35:00+00:00
1788871200000,78387.11,78387.12,78287.43,78333.99,72.06314,2026-09-08 12:40:00+00:00
1788871500000,78334.0,78399.88,78280.35,78399.88,76.3474,2026-09-08 12:45:00+00:00
1788871800000,78399.88,78469.14,78314.89,78469.14,115.23864,2026-09-08 12:50:00+00:00
1788872100000,78469.14,78483.42,78390.0,78449.99,101.25704,2026-09-08 12:55:00+00:00
1788872400000,78450.0,78506.3,78392.36,78492.0,56.50783,2026-09-08 13:00:00+00:00
1788872700000,78492.0,78545.46,78446.91,78460.0,111.15742,2026-09-08 13:05:00+00:00
1788873000000,78460.0,78521.99,78423.62,78472.97,56.44083,2026-09-08 13:10:00+00:00
1788873300000,78472.98,78484.0,78400.0,78400.0,43.24142,2026-09-08 13:15:00+00:00
1788873600000,78400.01,78417.93,78318.0,78344.01,45.7317,2026-09-08 13:20:00+00:00
1788873900000,78344.0,78401.04,78309.23,78335.09,83.87686,2026-09-08 13:25:00+00:00
1788874200000,78335.09,78372.0,78063.46,78118.55,300.95289,2026-09-08 13:30:00+00:00
1788874500000,78118.55,78183.73,77844.92,77878.15,385.68711,2026-09-08 13:35:00+00:00
1788874800000,77878.16,77895.9,77675.75,77844.27,539.67072,2026-09-08 13:40:00+00:00
1788875100000,77844.27,77942.08,77756.79,77883.99,152.60114,2026-09-08 13:45:00+00:00
1788875400000,77884.0,77884.0,77620.01,77827.6,270.69093,2026-09-08 13:50:00+00:00
1788875700000,77827.6,78087.99,77818.01,77961.66,227.55363,2026-09-08 13:55:00+00:00
1788876000000,77961.66,78034.89,77854.0,78023.99,168.84261,2026-09-08 14:00:00+00:00
1788876300000,78024.0,78109.2,77974.26,78085.9,74.68071,2026-09-08 14:05:00+00:00
1788876600000,78084.0,78190.0,78048.0,78151.64,72.1239,2026-09-08 14:10:00+00:00
1788876900000,78151.63,78311.61,78151.63,78305.17,92.91841,2026-09-08 14:15:00+00:00
1788877200000,78305.18,78375.73,78286.01,78335.34,49.1371,2026-09-08 14:20:00+00:00
1788877500000,78335.33,78365.93,78254.0,78337.46,48.00329,2026-09-08 14:25:00+00:00
1788877800000,78337.46,78412.03,78248.0,78382.0,61.3813,2026-09-08 14:30:00+00:00
1788878100000,78381.99,78400.43,78298.0,78346.01,37.74314,2026-09-08 14:35:00+00:00
1788878400000,78346.01,78432.0,78282.0,78407.73,71.14501,2026-09-08 14:40:00+00:00
1788878700000,78407.73,78630.81,78385.26,78555.99,107.23221,2026-09-08 14:45:00+00:00
1788879000000,78556.0,78595.15,78458.0,78521.38,51.20066,2026-09-08 14:50:00+00:00
1788879300000,78521.38,78588.57,78490.0,78567.52,51.29759,2026-09-08 14:55:00+00:00
1788879600000,78567.52,78662.99,78526.51,78545.99,51.22266,2026-09-08 15:00:00+00:00
1788879900000,78546.0,78589.23,78477.32,78589.23,39.31967,2026-09-08 15:05:00+00:00
1788880200000,78589.23,78664.0,78555.85,78644.96,36.11609,2026-09-08 15:10:00+00:00
1788880500000,78644.96,78708.08,78610.63,78618.01,87.3521,2026-09-08 15:15:00+00:00
1788880800000,78618.01,78631.65,78480.0,78541.6,51.5885,2026-09-08 15:20:00+00:00
1788881100000,78541.6,78565.16,78451.39,78465.0,42.9621,2026-09-08 15:25:00+00:00
1788881400000,78465.01,78563.47,78453.52,78545.22,49.64503,2026-09-08 15:30:00+00:00
1788881700000,78545.22,78659.99,78540.0,78630.76,54.4127,2026-09-08 15:35:00+00:00
1788882000000,78630.76,78770.0,78600.0,78721.54,46.01092,2026-09-08 15:40:00+00:00
1788882300000,78721.55,78797.15,78682.0,78778.73,51.02518,2026-09-08 15:45:00+00:00
1788882600000,78778.73,78874.64,78753.7,78840.42,120.72673,2026-09-08 15:50:00+00:00
1788882900000,78840.43,78910.88,78820.65,78904.0,38.18139,2026-09-08 15:55:00+00:00
1788883200000,78904.0,78908.0,78750.0,78832.73,39.94092,2026-09-08 16:00:00+00:00
1788883500000,78832.72,78834.0,78728.34,78728.34,31.12858,2026-09-08 16:05:00+00:00
1788883800000,78728.33,78728.34,78634.13,78648.82,19.32139,2026-09-08 16:10:00+00:00
1788884100000,78648.82,78677.9,78581.33,78632.01,18.94272,2026-09-08 16:15:00+00:00
1788884400000,78632.01,78671.59,78582.0,78629.99,25.02873,2026-09-08 16:20:00+00:00
1788884700000,78629.99,78682.0,78627.16,78633.98,21.46509,2026-09-08 16:25:00+00:00
1788885000000,78633.98,78708.0,78624.0,78658.54,15.27273,2026-09-08 16:30:00+00:00
1788885300000,78658.54,78880.0,78652.0,78880.0,33.10905,2026-09-08 16:35:00+00:00
1788885600000,78880.0,78978.39,78796.0,78796.0,50.43241,2026-09-08 16:40:00+00:00
1788885900000,78796.01,78836.0,78778.0,78819.24,20.65349,2026-09-08 16:45:00+00:00
1788886200000,78819.23,78878.0,78748.32,78788.01,33.24791,2026-09-08 16:50:00+00:00
1788886500000,78788.0,78788.0,78654.0,78735.89,31.26516,2026-09-08 16:55:00+00:00
1788886800000,78735.88,78857.45,78735.88,78840.01,35.12064,2026-09-08 17:00:00+00:00
1788887100000,78840.0,78892.0,78710.0,78710.01,49.85584,2026-09-08 17:05:00+00:00
1788887400000,78710.01,78726.0,78668.0,78709.94,16.27898,2026-09-08 17:10:00+00:00
1788887700000,78709.93,78718.0,78629.44,78640.01,19.91608,2026-09-08 17:15:00+00:00
1788888000000,78640.0,78640.0,78585.38,78588.0,19.31674,2026-09-08 17:20:00+00:00
1788888300000,78587.99,78598.98,78550.21,78594.96,25.86406,2026-09-08 17:25:00+00:00
1788888600000,78594.96,78630.0,78560.0,78630.0,41.16085,2026-09-08 17:30:00+00:00
1788888900000,78630.0,78668.0,78592.0,78592.01,42.81718,2026-09-08 17:35:00+00:00
1788889200000,78592.0,78594.0,78535.59,78535.6,15.55656,2026-09-08 17:40:00+00:00
1788889500000,78535.59,78573.74,78500.0,78522.47,28.198,2026-09-08 17:45:00+00:00
1788889800000,78522.47,78652.0,78522.47,78599.22,59.56051,2026-09-08 17:50:00+00:00
1788890100000,78599.22,78603.87,78500.0,78504.38,23.18907,2026-09-08 17:55:00+00:00
1788890400000,78504.38,78574.85,78500.0,78536.01,31.27734,2026-09-08 18:00:00+00:00
1788890700000,78536.0,78675.21,78536.0,78675.21,40.85878,2026-09-08 18:05:00+00:00
1788891000000,78675.2,78724.99,78649.32,78676.01,16.07663,2026-09-08 18:10:00+00:00
1788891300000,78676.0,78764.0,78676.0,78762.73,14.64913,2026-09-08 18:15:00+00:00
1788891600000,78762.72,78822.47,78756.0,78794.0,14.37235,2026-09-08 18:20:00+00:00
1788891900000,78794.01,78794.01,78723.97,78731.99,8.55273,2026-09-08 18:25:00+00:00
1788892200000,78732.0,78772.0,78720.0,78728.01,23.45103,2026-09-08 18:30:00+00:00
1788892500000,78728.0,78728.0,78600.01,78600.01,19.57053,2026-09-08 18:35:00+00:00
1788892800000,78600.01,78612.0,78586.0,78608.21,17.72366,2026-09-08 18:40:00+00:00
1788893100000,78608.22,78656.0,78324.03,78340.43,63.52138,2026-09-08 18:45:00+00:00
1788893400000,78340.42,78440.0,78271.49,78378.23,31.01505,2026-09-08 18:50:00+00:00
1788893700000,78378.22,78460.0,78371.31,78436.0,29.61033,2026-09-08 18:55:00+00:00
1788894000000,78436.01,78520.0,78400.0,78512.0,19.4243,2026-09-08 19:00:00+00:00
1788894300000,78511.99,78517.61,78428.0,78459.99,22.23094,2026-09-08 19:05:00+00:00
1788894600000,78460.0,78483.99,78434.44,78468.0,35.74821,2026-09-08 19:10:00+00:00
1788894900000,78468.0,78528.0,78440.0,78448.57,28.7355,2026-09-08 19:15:00+00:00
1788895200000,78448.57,78448.58,78350.0,78400.5,30.23583,2026-09-08 19:20:00+00:00
1788895500000,78400.5,78484.0,78362.29,78474.0,50.27201,2026-09-08 19:25:00+00:00
1788895800000,78473.99,78521.28,78340.9,78454.0,53.7084,2026-09-08 19:30:00+00:00
1788896100000,78454.0,78487.09,78418.0,78465.99,30.50693,2026-09-08 19:35:00+00:00
1788896400000,78466.0,78521.06,78416.0,78420.5,47.78651,2026-09-08 19:40:00+00:00
1788896700000,78420.5,78420.5,78332.0,78416.0,43.54856,2026-09-08 19:45:00+00:00
1788897000000,78415.99,78415.99,78325.39,78349.98,50.82587,2026-09-08 19:50:00+00:00
1788897300000,78349.99,78446.0,78332.0,78446.0,44.25527,2026-09-08 19:55:00+00:00
1788897600000,78445.99,78498.0,78410.05,78469.99,34.47839,2026-09-08 20:00:00+00:00
1788897900000,78470.0,78534.0,78470.0,78528.37,14.45229,2026-09-08 20:05:00+00:00
1788898200000,78528.37,78621.77,78528.36,78610.0,33.22815,2026-09-08 20:10:00+00:00
1788898500000,78610.0,78614.0,78520.49,78520.49,24.19358,2026-09-08 20:15:00+00:00
1788898800000,78520.5,78536.0,78458.0,78497.83,26.39135,2026-09-08 20:20:00+00:00
1788899100000,78497.84,78592.0,78497.83,78583.18,31.65951,2026-09-08 20:25:00+00:00
1788899400000,78583.17,78583.18,78433.13,78435.99,26.57156,2026-09-08 20:30:00+00:00
1788899700000,78436.0,78545.84,78419.61,78534.01,13.1559,2026-09-08 20:35:00+00:00
1788900000000,78534.01,78557.99,78480.94,78526.01,16.82031,2026-09-08 20:40:00+00:00
1788900300000,78526.0,78550.0,78498.01,78498.05,12.91086,2026-09-08 20:45:00+00:00
1788900600000,78498.05,78563.5,78478.0,78478.01,18.1863,2026-09-08 20:50:00+00:00
1788900900000,78478.01,78522.26,78474.0,78487.99,34.8416,2026-09-08 20:55:00+00:00
1788901200000,78487.99,78581.33,78471.35,78514.0,53.54219,2026-09-08 21:00:00+00:00
1788901500000,78514.0,78558.47,78514.0,78549.43,17.69965,2026-09-08 21:05:00+00:00
1788901800000,78549.43,78568.35,78549.34,78555.77,12.71145,2026-09-08 21:10:00+00:00
1788902100000,78555.78,78576.04,78530.0,78536.0,6.06922,2026-09-08 21:15:00+00:00
1788902400000,78536.01,78571.2,78512.0,78522.57,20.78925,2026-09-08 21:20:00+00:00
1788902700000,78522.56,78623.21,78522.56,78542.36,42.17831,2026-09-08 21:25:00+00:00
1788903000000,78542.36,78554.0,78482.49,78525.06,40.14629,2026-09-08 21:30:00+00:00
1788903300000,78525.07,78534.0,78478.4,78524.0,55.45097,2026-09-08 21:35:00+00:00
1788903600000,78523.99,78565.58,78446.0,78523.97,49.72611,2026-09-08 21:40:00+00:00
1788903900000,78523.96,78534.0,78506.39,78510.7,12.07045,2026-09-08 21:45:00+00:00
1788904200000,78510.7,78510.7,78406.0,78436.0,27.12062,2026-09-08 21:50:00+00:00
1788904500000,78436.0,78492.19,78435.99,78492.18,8.81729,2026-09-08 21:55:00+00:00
1788904800000,78492.19,78662.75,78490.18,78579.01,32.35093,2026-09-08 22:00:00+00:00
1788905100000,78579.0,78595.84,78458.0,78488.73,17.07472,2026-09-08 22:05:00+00:00
1788905400000,78488.73,78506.0,78476.0,78505.99,16.68935,2026-09-08 22:10:00+00:00
1788905700000,78505.99,78535.5,78474.0,78474.0,26.21625,2026-09-08 22:15:00+00:00
1788906000000,78474.0,78581.99,78474.0,78562.0,26.00305,2026-09-08 22:20:00+00:00
1788906300000,78561.99,78562.0,78504.55,78504.56,8.54689,2026-09-08 22:25:00+00:00
1788906600000,78504.56,78506.0,78476.0,78490.01,7.19217,2026-09-08 22:30:00+00:00
1788906900000,78490.01,78512.0,78468.69,78500.0,17.95718,2026-09-08 22:35:00+00:00
1788907200000,78500.01,78532.0,78484.0,78490.0,115.86003,2026-09-08 22:40:00+00:00
1788907500000,78490.0,78554.0,78490.0,78554.0,8.89746,2026-09-08 22:45:00+00:00
1788907800000,78553.99,78576.0,78528.98,78528.99,33.00865,2026-09-08 22:50:00+00:00
1788908100000,78528.99,78577.99,78512.65,78562.44,34.65768,2026-09-08 22:55:00+00:00
1788908400000,78562.43,78575.31,78510.0,78522.9,20.81863,2026-09-08 23:00:00+00:00
1788908700000,78522.9,78522.9,78502.9,78502.91,60.20883,2026-09-08 23:05:00+00:00
1788909000000,78502.91,78522.89,78462.53,78498.01,31.02922,2026-09-08 23:10:00+00:00
1788909300000,78498.01,78506.57,78468.27,78468.29,73.96825,2026-09-08 23:15:00+00:00
1788909600000,78468.29,78484.0,78454.19,78460.01,30.98173,2026-09-08 23:20:00+00:00
1788909900000,78460.01,78480.0,78432.87,78460.0,28.40503,2026-09-08 23:25:00+00:00
1788910200000,78460.0,78466.0,78448.56,78466.0,88.97985,2026-09-08 23:30:00+00:00
1788910500000,78466.0,78467.84,78450.05,78466.05,14.93621,2026-09-08 23:35:00+00:00
1788910800000,78466.04,78466.05,78446.89,78448.12,13.25401,2026-09-08 23:40:00+00:00
1788911100000,78448.12,78458.0,78436.0,78436.14,23.04318,2026-09-08 23:45:00+00:00
1788911400000,78436.14,78463.64,78418.0,78418.0,17.38139,2026-09-08 23:50:00+00:00
1788911700000,78418.01,78464.81,78408.64,78455.8,19.17437,2026-09-08 23:55:00+00:00
1788912000000,78455.8,78559.25,78455.79,78556.43,37.11242,2026-09-09 00:00:00+00:00
1788912300000,78556.43,78625.01,78556.42,78620.48,24.58749,2026-09-09 00:05:00+00:00
1788912600000,78620.47,78732.12,78611.59,78719.22,27.97449,2026-09-09 00:10:00+00:00
1788912900000,78719.23,78719.23,78632.95,78698.0,22.32135,2026-09-09 00:15:00+00:00
1788913200000,78698.0,78747.23,78646.0,78665.61,20.71039,2026-09-09 00:20:00+00:00
1788913500000,78665.62,78665.62,78604.0,78630.0,14.12637,2026-09-09 00:25:00+00:00
1788913800000,78630.0,78633.53,78588.0,78630.01,15.966,2026-09-09 00:30:00+00:00
1788914100000,78630.06,78659.81,78564.96,78659.81,13.60797,2026-09-09 00:35:00+00:00
1788914400000,78659.81,78698.14,78624.0,78698.13,15.30235,2026-09-09 00:40:00+00:00
1788914700000,78698.14,78771.31,78698.13,78771.3,24.5239,2026-09-09 00:45:00+00:00
1788915000000,78771.3,78781.35,78733.29,78781.35,28.82677,2026-09-09 00:50:00+00:00
1788915300000,78781.34,78796.97,78760.91,78774.65,18.75115,2026-09-09 00:55:00+00:00
1788915600000,78774.66,78783.85,78709.36,78709.37,16.5407,2026-09-09 01:00:00+00:00
1788915900000,78709.36,78800.0,78701.25,78800.0,27.50045,2026-09-09 01:05:00+00:00
1788916200000,78800.0,78863.0,78738.0,78740.01,218.31991,2026-09-09 01:10:00+00:00
1788916500000,78740.0,78752.0,78634.52,78648.03,30.99567,2026-09-09 01:15:00+00:00
1788916800000,78648.04,78700.0,78633.53,78675.81,23.82036,2026-09-09 01:20:00+00:00
1788917100000,78675.81,78769.3,78662.0,78734.01,101.94705,2026-09-09 01:25:00+00:00
1788917400000,78734.0,78768.59,78702.0,78768.59,21.03398,2026-09-09 01:30:00+00:00
1788917700000,78768.59,78879.54,78764.96,78833.99,30.83926,2026-09-09 01:35:00+00:00
1788918000000,78833.99,78871.17,78808.7,78839.99,15.77488,2026-09-09 01:40:00+00:00
1788918300000,78840.0,78877.99,78840.0,78866.0,15.69426,2026-09-09 01:45:00+00:00
1788918600000,78866.0,78887.12,78827.99,78887.12,30.53993,2026-09-09 01:50:00+00:00
1788918900000,78887.12,78891.5,78818.66,78891.5,204.83719,2026-09-09 01:55:00+00:00
1788919200000,78891.49,78910.0,78846.0,78888.25,26.1326,2026-09-09 02:00:00+00:00
1788919500000,78888.24,78912.0,78846.0,78908.0,22.73444,2026-09-09 02:05:00+00:00
1788919800000,78908.0,78928.65,78796.49,78802.45,42.06358,2026-09-09 02:10:00+00:00
1788920100000,78802.46,78802.46,78686.46,78760.01,131.20877,2026-09-09 02:15:00+00:00
1788920400000,78760.01,78833.22,78710.0,78825.99,19.5166,2026-09-09 02:20:00+00:00
1788920700000,78825.99,78826.0,78772.88,78821.99,27.09691,2026-09-09 02:25:00+00:00
1788921000000,78821.99,78841.75,78780.0,78780.51,15.74417,2026-09-09 02:30:00+00:00
1788921300000,78780.51,78780.95,78758.0,78763.62,13.60706,2026-09-09 02:35:00+00:00
1788921600000,78763.62,78792.0,78762.0,78792.0,7.00577,2026-09-09 02:40:00+00:00
1788921900000,78791.99,78800.0,78774.45,78774.46,13.10611,2026-09-09 02:45:00+00:00
1788922200000,78774.46,78800.0,78768.01,78782.0,9.94591,2026-09-09 02:50:00+00:00
1788922500000,78782.0,78782.01,78726.0,78726.01,10.53522,2026-09-09 02:55:00+00:00
1788922800000,78726.01,78726.01,78672.99,78676.36,12.12532,2026-09-09 03:00:00+00:00
1788923100000,78676.36,78717.26,78638.0,78649.18,23.74304,2026-09-09 03:05:00+00:00
1788923400000,78649.19,78659.99,78592.45,78592.45,18.45061,2026-09-09 03:10:00+00:00
1788923700000,78592.46,78622.0,78580.0,78584.45,18.99301,2026-09-09 03:15:00+00:00
1788924000000,78584.37,78620.32,78575.56,78583.31,38.67045,2026-09-09 03:20:00+00:00
1788924300000,78583.31,78592.41,78548.46,78577.71,47.16356,2026-09-09 03:25:00+00:00
1788924600000,78577.71,78596.0,78577.71,78595.99,6.86461,2026-09-09 03:30:00+00:00
1788924900000,78595.99,78604.63,78580.0,78601.99,25.17518,2026-09-09 03:35:00+00:00
1788925200000,78602.0,78662.92,78601.99,78650.01,18.26574,2026-09-09 03:40:00+00:00
1788925500000,78650.0,78679.99,78633.07,78647.98,24.79102,2026-09-09 03:45:00+00:00
1788925800000,78647.98,78648.0,78604.0,78644.01,14.7079,2026-09-09 03:50:00+00:00
1788926100000,78644.01,78672.0,78605.38,78638.01,20.43172,2026-09-09 03:55:00+00:00
1788926400000,78638.01,78941.65,78638.0,78927.99,68.17218,2026-09-09 04:00:00+00:00
1788926700000,78928.0,78940.41,78782.0,78782.0,112.74259,2026-09-09 04:05:00+00:00
1788927000000,78782.0,78851.99,78757.72,78841.62,33.27891,2026-09-09 04:10:00+00:00
1788927300000,78841.62,78847.69,78790.0,78830.0,23.5744,2026-09-09 04:15:00+00:00
1788927600000,78830.0,78920.0,78814.0,78919.99,22.67065,2026-09-09 04:20:00+00:00
1788927900000,78920.0,78945.99,78896.0,78896.01,14.08408,2026-09-09 04:25:00+00:00
1788928200000,78896.01,78924.64,78879.76,78922.42,14.63947,2026-09-09 04:30:00+00:00
1788928500000,78922.42,78938.64,78912.59,78922.19,36.2427,2026-09-09 04:35:00+00:00
1788928800000,78922.19,79206.26,78912.96,79195.07,163.67321,2026-09-09 04:40:00+00:00
1788929100000,79195.07,79215.83,79080.89,79129.87,101.05278,2026-09-09 04:45:00+00:00
1788929400000,79129.87,79187.05,79123.87,79172.87,38.86757,2026-09-09 04:50:00+00:00
1788929700000,79172.88,79194.41,79160.47,79171.5,30.48641,2026-09-09 04:55:00+00:00
1788930000000,79171.5,79182.82,79058.77,79130.52,47.47226,2026-09-09 05:00:00+00:00
1788930300000,79130.52,79145.5,79092.07,79129.45,30.39332,2026-09-09 05:05:00+00:00
1788930600000,79129.46,79330.0,79100.0,79273.85,119.45999,2026-09-09 05:10:00+00:00
1788930900000,79273.84,79370.01,79232.25,79317.64,86.84037,2026-09-09 05:15:00+00:00
1788931200000,79317.65,79317.65,79175.99,79181.55,30.37137,2026-09-09 05:20:00+00:00
1788931500000,79181.54,79200.0,79131.18,79131.18,26.37729,2026-09-09 05:25:00+00:00
1788931800000,79131.19,79137.75,78956.0,79030.91,70.02538,2026-09-09 05:30:00+00:00
1788932100000,79030.91,79047.32,78942.0,78943.99,32.41946,2026-09-09 05:35:00+00:00
1788932400000,78944.0,78955.66,78900.0,78926.67,39.51517,2026-09-09 05:40:00+00:00
1788932700000,78926.68,78926.68,78840.59,78858.38,35.46371,2026-09-09 05:45:00+00:00
1788933000000,78858.38,78924.0,78856.78,78923.99,22.0415,2026-09-09 05:50:00+00:00
1788933300000,78924.0,78962.0,78916.01,78923.43,31.61163,2026-09-09 05:55:00+00:00
1788933600000,78923.43,78963.5,78865.71,78877.99,24.65813,2026-09-09 06:00:00+00:00
1788933900000,78877.99,78977.67,78876.0,78950.65,41.44036,2026-09-09 06:05:00+00:00
1788934200000,78950.65,79135.64,78950.64,79121.65,46.17833,2026-09-09 06:10:00+00:00
1788934500000,79121.65,79170.0,79099.16,79169.04,25.93215,2026-09-09 06:15:00+00:00
1788934800000,79169.03,79290.63,79143.78,79228.1,51.12069,2026-09-09 06:20:00+00:00
1788935100000,79228.09,79235.63,79156.18,79156.19,18.34028,2026-09-09 06:25:00+00:00
1788935400000,79156.19,79227.62,79135.9,79187.7,15.09637,2026-09-09 06:30:00+00:00
1788935700000,79187.71,79236.02,79187.71,79208.56,12.07802,2026-09-09 06:35:00+00:00
1788936000000,79208.55,79208.55,79151.0,79187.41,20.01009,2026-09-09 06:40:00+00:00
1788936300000,79187.42,79198.69,79134.84,79144.67,20.05879,2026-09-09 06:45:00+00:00
1788936600000,79144.67,79167.54,79120.5,79132.18,18.657,2026-09-09 06:50:00+00:00
1788936900000,79132.18,79177.98,79117.88,79159.03,12.83375,2026-09-09 06:55:00+00:00
1788937200000,79159.03,79205.43,79151.34,79205.43,18.55903,2026-09-09 07:00:00+00:00
1788937500000,79205.43,79400.0,79205.42,79309.91,57.16198,2026-09-09 07:05:00+00:00
1788937800000,79309.9,79338.78,79244.65,79249.36,93.04465,2026-09-09 07:10:00+00:00
1788938100000,79249.35,79290.36,79220.17,79261.29,46.402,2026-09-09 07:15:00+00:00
1788938400000,79261.3,79292.04,79249.27,79292.03,29.37534,2026-09-09 07:20:00+00:00
1788938700000,79292.03,79292.03,79243.49,79277.42,32.98313,2026-09-09 07:25:00+00:00
1788939000000,79277.42,79292.03,79222.01,79223.04,25.15297,2026-09-09 07:30:00+00:00
1788939300000,79223.03,79254.0,79223.03,79225.89,22.098,2026-09-09 07:35:00+00:00
1788939600000,79225.88,79245.78,79182.65,79196.25,33.26694,2026-09-09 07:40:00+00:00
1788939900000,79196.26,79254.0,79196.25,79198.0,26.58701,2026-09-09 07:45:00+00:00
1788940200000,79198.01,79276.0,79195.92,79254.15,29.4208,2026-09-09 07:50:00+00:00
1788940500000,79254.15,79283.56,79240.91,79277.43,21.35447,2026-09-09 07:55:00+00:00
1788940800000,79277.44,79434.34,79264.0,79425.39,74.50335,2026-09-09 08:00:00+00:00
1788941100000,79425.38,79500.77,79381.83,79464.75,88.43516,2026-09-09 08:05:00+00:00
1788941400000,79464.76,79544.65,79411.29,79411.46,136.92995,2026-09-09 08:10:00+00:00
1788941700000,79411.45,79511.62,79400.0,79511.6,44.40563,2026-09-09 08:15:00+00:00
1788942000000,79511.6,79618.15,79497.28,79567.31,66.31682,2026-09-09 08:20:00+00:00
1788942300000,79567.32,79708.03,79544.03,79683.38,93.51427,2026-09-09 08:25:00+00:00
1788942600000,79683.38,79693.39,79633.75,79687.55,47.2364,2026-09-09 08:30:00+00:00
1788942900000,79687.54,79760.0,79564.85,79624.01,112.69099,2026-09-09 08:35:00+00:00
1788943200000,79624.0,79700.0,79622.41,79640.0,46.52248,2026-09-09 08:40:00+00:00
1788943500000,79639.99,79670.0,79598.76,79609.56,57.6694,2026-09-09 08:45:00+00:00
1788943800000,79609.56,79701.68,79579.7,79700.01,41.17261,2026-09-09 08:50:00+00:00
1788944100000,79700.0,79707.78,79660.67,79698.02,28.78748,2026-09-09 08:55:00+00:00
1788944400000,79698.02,79716.0,79610.3,79652.0,35.60203,2026-09-09 09:00:00+00:00
1788944700000,79651.99,79652.0,79504.99,79504.99,67.3099,2026-09-09 09:05:00+00:00
1788945000000,79504.99,79543.42,79471.02,79534.36,47.26864,2026-09-09 09:10:00+00:00
1788945300000,79534.37,79551.36,79477.15,79487.96,26.93194,2026-09-09 09:15:00+00:00
1788945600000,79487.96,79487.97,79458.0,79464.95,28.20023,2026-09-09 09:20:00+00:00
1788945900000,79464.94,79464.95,79430.53,79430.53,19.8937,2026-09-09 09:25:00+00:00
1788946200000,79430.54,79448.0,79375.28,79408.4,38.21431,2026-09-09 09:30:00+00:00
1788946500000,79408.41,79408.41,79291.76,79316.01,29.37204,2026-09-09 09:35:00+00:00
1788946800000,79316.01,79316.01,79069.42,79082.87,75.787,2026-09-09 09:40:00+00:00
1788947100000,79082.87,79124.47,79002.37,79016.01,79.0954,2026-09-09 09:45:00+00:00
1788947400000,79016.01,79038.83,78964.0,78965.23,39.23719,2026-09-09 09:50:00+00:00
1788947700000,78965.24,78988.0,78900.0,78952.01,37.41978,2026-09-09 09:55:00+00:00
1788948000000,78952.01,79044.0,78952.0,79035.58,37.95565,2026-09-09 10:00:00+00:00
1788948300000,79035.57,79048.0,78965.32,78965.36,43.39833,2026-09-09 10:05:00+00:00
1788948600000,78965.35,79032.38,78941.93,79004.13,28.90002,2026-09-09 10:10:00+00:00
1788948900000,79004.13,79065.83,78928.72,79065.83,39.28785,2026-09-09 10:15:00+00:00
1788949200000,79065.83,79130.89,79065.82,79076.34,26.63549,2026-09-09 10:20:00+00:00
1788949500000,79076.34,79120.0,79064.0,79082.01,39.38034,2026-09-09 10:25:00+00:00
1788949800000,79082.0,79144.0,79071.22,79144.0,53.34507,2026-09-09 10:30:00+00:00
1788950100000,79144.0,79183.91,79070.0,79153.08,38.55521,2026-09-09 10:35:00+00:00
1788950400000,79153.07,79156.0,79060.0,79071.45,31.56978,2026-09-09 10:40:00+00:00
1788950700000,79071.45,79071.46,79004.0,79034.0,28.16656,2026-09-09 10:45:00+00:00
1788951000000,79034.0,79034.0,78878.11,78880.41,32.49785,2026-09-09 10:50:00+00:00
1788951300000,78880.41,78952.76,78878.11,78920.01,19.65507,2026-09-09 10:55:00+00:00
1788951600000,78920.01,78956.93,78725.29,78803.28,82.93051,2026-09-09 11:00:00+00:00
1788951900000,78803.27,78848.0,78750.52,78848.0,64.61944,2026-09-09 11:05:00+00:00
1788952200000,78848.0,78914.0,78836.29,78869.61,40.84911,2026-09-09 11:10:00+00:00
1788952500000,78870.0,78882.0,78793.77,78814.01,60.43916,2026-09-09 11:15:00+00:00
1788952800000,78814.01,78926.0,78790.88,78923.99,35.34224,2026-09-09 11:20:00+00:00
1788953100000,78923.99,78995.98,78912.0,78995.98,40.52456,2026-09-09 11:25:00+00:00
1788953400000,78995.97,79098.0,78962.0,79070.01,52.94485,2026-09-09 11:30:00+00:00
1788953700000,79070.0,79079.92,79013.62,79049.9,38.81489,2026-09-09 11:35:00+00:00
1788954000000,79049.89,79077.45,79000.0,79024.44,23.19781,2026-09-09 11:40:00+00:00
1788954300000,79024.44,79186.14,79024.44,79154.0,34.27612,2026-09-09 11:45:00+00:00
1788954600000,79153.99,79379.28,79148.05,79306.27,83.49332,2026-09-09 11:50:00+00:00
1788954900000,79306.26,79359.99,79280.0,79324.75,184.66381,2026-09-09 11:55:00+00:00
1788955200000,79324.75,79420.0,79310.0,79322.51,177.91915,2026-09-09 12:00:00+00:00
1788955500000,79322.51,79452.93,79281.51,79421.28,238.94286,2026-09-09 12:05:00+00:00
1788955800000,79421.28,79443.2,79380.33,79390.0,29.74433,2026-09-09 12:10:00+00:00
1788956100000,79390.0,79460.04,79326.0,79367.99,119.95336,2026-09-09 12:15:00+00:00
1788956400000,79368.0,79430.19,79368.0,79393.82,32.39797,2026-09-09 12:20:00+00:00
1788956700000,79393.83,79413.84,79371.17,79405.25,59.72048,2026-09-09 12:25:00+00:00
1788957000000,79405.25,79515.24,79405.24,79515.23,63.9719,2026-09-09 12:30:00+00:00
1788957300000,79515.23,79576.71,79469.82,79528.55,168.96896,2026-09-09 12:35:00+00:00
1788957600000,79528.55,79610.6,79503.62,79528.58,59.0493,2026-09-09 12:40:00+00:00
1788957900000,79528.58,79631.74,79528.55,79631.73,54.94975,2026-09-09 12:45:00+00:00
1788958200000,79631.74,79662.56,79576.43,79608.86,74.31003,2026-09-09 12:50:00+00:00
1788958500000,79608.87,79639.73,79568.0,79606.14,56.27827,2026-09-09 12:55:00+00:00
1788958800000,79606.15,79629.57,79510.0,79606.12,52.84948,2026-09-09 13:00:00+00:00
1788959100000,79606.12,79615.42,79538.23,79538.23,54.42022,2026-09-09 13:05:00+00:00
1788959400000,79538.23,79538.24,79498.55,79523.45,20.86399,2026-09-09 13:10:00+00:00
1788959700000,79523.46,79526.0,79464.08,79514.0,28.4006,2026-09-09 13:15:00+00:00
1788960000000,79514.0,79600.0,79496.52,79555.83,32.94752,2026-09-09 13:20:00+00:00
1788960300000,79555.82,79640.84,79546.01,79620.05,38.14071,2026-09-09 13:25:00+00:00
1788960600000,79620.05,79678.84,79516.0,79666.56,85.63328,2026-09-09 13:30:00+00:00
1788960900000,79666.56,79666.56,79290.35,79344.0,94.13113,2026-09-09 13:35:00+00:00
1788961200000,79344.0,79471.86,79103.81,79246.68,88.16577,2026-09-09 13:40:00+00:00
1788961500000,79246.68,79390.0,79212.0,79306.0,80.70642,2026-09-09 13:45:00+00:00
1788961800000,79306.01,79379.18,79171.67,79181.1,63.04411,2026-09-09 13:50:00+00:00
1788962100000,79181.11,79298.08,79103.19,79140.69,61.63397,2026-09-09 13:55:00+00:00
1788962400000,79140.69,79152.0,78890.43,79068.51,170.33603,2026-09-09 14:00:00+00:00
1788962700000,79068.52,79205.43,78978.37,78988.93,107.29419,2026-09-09 14:05:00+00:00
1788963000000,78988.77,79094.98,78900.18,79086.01,94.74038,2026-09-09 14:10:00+00:00
1788963300000,79086.0,79089.25,78937.2,78959.99,86.73542,2026-09-09 14:15:00+00:00
1788963600000,78959.99,79013.67,78877.36,78936.01,116.90394,2026-09-09 14:20:00+00:00
1788963900000,78936.0,79274.74,78914.0,79274.74,62.2579,2026-09-09 14:25:00+00:00
1788964200000,79274.74,79344.16,79230.0,79297.16,68.49735,2026-09-09 14:30:00+00:00
1788964500000,79297.16,79413.74,79240.63,79266.76,49.89495,2026-09-09 14:35:00+00:00
1788964800000,79266.76,79268.0,78965.69,79000.0,67.9106,2026-09-09 14:40:00+00:00
1788965100000,78999.99,79134.0,78932.89,79134.0,66.8789,2026-09-09 14:45:00+00:00
1788965400000,79134.01,79136.01,78910.4,78910.4,58.33038,2026-09-09 14:50:00+00:00
1788965700000,78910.39,78960.71,78885.53,78958.01,84.91112,2026-09-09 14:55:00+00:00
1788966000000,78958.01,79394.99,78628.47,78808.01,490.75933,2026-09-09 15:00:00+00:00
1788966300000,78808.0,78910.01,78450.37,78611.43,310.74947,2026-09-09 15:05:00+00:00
1788966600000,78611.43,78676.37,78280.0,78478.01,183.05745,2026-09-09 15:10:00+00:00
1788966900000,78478.01,78625.19,78428.0,78533.44,97.37263,2026-09-09 15:15:00+00:00
1788967200000,78533.44,78551.92,78060.03,78075.03,156.00731,2026-09-09 15:20:00+00:00
1788967500000,78075.03,78400.0,78060.04,78377.23,159.87419,2026-09-09 15:25:00+00:00
1788967800000,78377.23,78611.64,78340.3,78611.63,95.06149,2026-09-09 15:30:00+00:00
1788968100000,78611.63,78739.8,78556.0,78730.35,84.19448,2026-09-09 15:35:00+00:00
1788968400000,78730.35,78750.0,78616.02,78643.39,49.49684,2026-09-09 15:40:00+00:00
1788968700000,78643.4,78682.53,78555.39,78612.21,34.27583,2026-09-09 15:45:00+00:00
1788969000000,78612.21,78686.53,78556.02,78686.52,31.62387,2026-09-09 15:50:00+00:00
1788969300000,78686.53,78689.36,78590.48,78596.7,38.19469,2026-09-09 15:55:00+00:00
1788969600000,78596.7,78789.42,78570.01,78746.01,59.33862,2026-09-09 16:00:00+00:00
1788969900000,78746.0,78779.96,78502.15,78502.16,47.54874,2026-09-09 16:05:00+00:00
1788970200000,78502.15,78666.97,78493.19,78666.96,56.94825,2026-09-09 16:10:00+00:00
1788970500000,78666.97,78667.0,78500.0,78557.4,35.83082,2026-09-09 16:15:00+00:00
1788970800000,78557.4,78646.01,78460.34,78506.0,32.92382,2026-09-09 16:20:00+00:00
1788971100000,78506.01,78661.23,78506.01,78634.01,38.18294,2026-09-09 16:25:00+00:00
1788971400000,78634.01,78938.55,78634.01,78873.06,83.02332,2026-09-09 16:30:00+00:00
1788971700000,78873.06,78886.0,78780.0,78810.01,49.00107,2026-09-09 16:35:00+00:00
1788972000000,78810.01,78810.01,78756.0,78806.02,42.45903,2026-09-09 16:40:00+00:00
1788972300000,78806.01,78806.02,78750.0,78750.0,32.09667,2026-09-09 16:45:00+00:00
1788972600000,78750.01,78785.6,78738.88,78738.89,24.73121,2026-09-09 16:50:00+00:00
1788972900000,78738.89,78812.19,78738.78,78804.9,46.45262,2026-09-09 16:55:00+00:00
1788973200000,78804.9,78837.46,78734.18,78738.0,61.13759,2026-09-09 17:00:00+00:00
1788973500000,78738.0,78811.91,78724.0,78800.0,40.5326,2026-09-09 17:05:00+00:00
1788973800000,78800.0,78919.76,78784.0,78871.62,59.07116,2026-09-09 17:10:00+00:00
1788974100000,78871.62,78889.58,78808.75,78829.71,32.46842,2026-09-09 17:15:00+00:00
1788974400000,78829.72,78854.09,78794.0,78854.08,13.76427,2026-09-09 17:20:00+00:00
1788974700000,78854.09,78934.4,78853.68,78854.17,33.26642,2026-09-09 17:25:00+00:00
1788975000000,78854.16,78858.91,78769.5,78800.01,17.15367,2026-09-09 17:30:00+00:00
1788975300000,78800.0,78862.01,78738.83,78738.84,30.85743,2026-09-09 17:35:00+00:00
1788975600000,78738.83,78762.13,78692.0,78702.49,25.35631,2026-09-09 17:40:00+00:00
1788975900000,78702.48,78764.42,78674.0,78764.42,38.03506,2026-09-09 17:45:00+00:00
1788976200000,78764.42,78800.0,78708.0,78800.0,38.92686,2026-09-09 17:50:00+00:00
1788976500000,78799.99,78823.99,78772.0,78776.01,34.25425,2026-09-09 17:55:00+00:00
1788976800000,78776.0,78792.25,78733.76,78736.0,27.13474,2026-09-09 18:00:00+00:00
1788977100000,78736.0,78768.01,78664.0,78680.0,16.10103,2026-09-09 18:05:00+00:00
1788977400000,78680.0,78680.0,78598.0,78600.0,19.54235,2026-09-09 18:10:00+00:00
1788977700000,78600.0,78626.91,78578.6,78578.61,19.26998,2026-09-09 18:15:00+00:00
1788978000000,78578.6,78640.54,78568.0,78598.78,15.67844,2026-09-09 18:20:00+00:00
1788978300000,78598.79,78624.01,78591.76,78624.0,20.44435,2026-09-09 18:25:00+00:00
1788978600000,78624.01,78642.0,78578.6,78583.5,15.08281,2026-09-09 18:30:00+00:00
1788978900000,78583.5,78583.5,78540.0,78544.0,15.30933,2026-09-09 18:35:00+00:00
1788979200000,78544.0,78555.75,78499.72,78534.01,24.45158,2026-09-09 18:40:00+00:00
1788979500000,78534.01,78538.19,78482.0,78529.45,35.23186,2026-09-09 18:45:00+00:00
1788979800000,78529.46,78559.66,78421.59,78434.93,56.88748,2026-09-09 18:50:00+00:00
1788980100000,78434.93,78488.01,78403.36,78414.42,26.35782,2026-09-09 18:55:00+00:00
1788980400000,78414.42,78480.54,78380.0,78392.27,43.5615,2026-09-09 19:00:00+00:00
1788980700000,78392.26,78442.01,78340.11,78392.79,34.07978,2026-09-09 19:05:00+00:00
1788981000000,78392.78,78488.0,78392.78,78484.07,16.65592,2026-09-09 19:10:00+00:00
1788981300000,78484.07,78520.01,78470.0,78518.48,20.03659,2026-09-09 19:15:00+00:00
1788981600000,78518.48,78575.32,78496.0,78572.0,13.3996,2026-09-09 19:20:00+00:00
1788981900000,78572.01,78572.01,78530.1,78534.0,27.88151,2026-09-09 19:25:00+00:00
1788982200000,78534.0,78547.18,78502.5,78533.99,67.90788,2026-09-09 19:30:00+00:00
1788982500000,78533.99,78533.99,78343.25,78343.25,54.63038,2026-09-09 19:35:00+00:00
1788982800000,78343.26,78384.01,78290.73,78296.82,78.03743,2026-09-09 19:40:00+00:00
1788983100000,78296.83,78332.01,78290.0,78332.01,27.43283,2026-09-09 19:45:00+00:00
1788983400000,78332.0,78332.0,78150.0,78230.01,66.36078,2026-09-09 19:50:00+00:00
1788983700000,78230.01,78236.82,78194.0,78234.94,24.59943,2026-09-09 19:55:00+00:00
1788984000000,78234.94,78273.02,78194.0,78194.0,26.79369,2026-09-09 20:00:00+00:00
1788984300000,78194.0,78270.01,78192.07,78265.69,30.21175,2026-09-09 20:05:00+00:00
1788984600000,78265.7,78295.52,78236.0,78254.67,21.93302,2026-09-09 20:10:00+00:00
1788984900000,78254.67,78340.01,78243.41,78270.01,28.18127,2026-09-09 20:15:00+00:00
1788985200000,78270.0,78270.0,78150.01,78216.01,48.81407,2026-09-09 20:20:00+00:00
1788985500000,78216.01,78232.02,77917.09,78107.48,190.55159,2026-09-09 20:25:00+00:00
1788985800000,78107.47,78285.99,78104.97,78243.27,39.17241,2026-09-09 20:30:00+00:00
1788986100000,78243.27,78313.31,78237.07,78310.01,26.28327,2026-09-09 20:35:00+00:00
1788986400000,78310.0,78317.46,78232.95,78277.61,31.79744,2026-09-09 20:40:00+00:00
1788986700000,78277.62,78282.01,78104.02,78110.01,27.23681,2026-09-09 20:45:00+00:00
1788987000000,78110.0,78248.01,78100.53,78206.0,54.43197,2026-09-09 20:50:00+00:00
1788987300000,78206.01,78330.84,78206.01,78324.07,25.47535,2026-09-09 20:55:00+00:00
1788987600000,78324.07,78324.07,78244.0,78317.32,49.8002,2026-09-09 21:00:00+00:00
1788987900000,78317.32,78339.56,78268.9,78268.9,16.62526,2026-09-09 21:05:00+00:00
1788988200000,78268.9,78268.91,78169.58,78241.61,24.57931,2026-09-09 21:10:00+00:00
1788988500000,78241.62,78248.01,78142.0,78184.4,17.27852,2026-09-09 21:15:00+00:00
1788988800000,78184.41,78246.91,78136.67,78246.91,16.32658,2026-09-09 21:20:00+00:00
1788989100000,78246.9,78294.03,78235.82,78282.53,14.1501,2026-09-09 21:25:00+00:00
1788989400000,78282.54,78282.54,78180.0,78180.01,50.87767,2026-09-09 21:30:00+00:00
1788989700000,78180.01,78234.01,78146.0,78231.99,25.55428,2026-09-09 21:35:00+00:00
1788990000000,78231.99,78271.7,78231.99,78244.39,14.98218,2026-09-09 21:40:00+00:00
1788990300000,78244.39,78244.39,78100.53,78100.54,23.9433,2026-09-09 21:45:00+00:00
1788990600000,78100.53,78126.01,77994.15,78126.0,48.26275,2026-09-09 21:50:00+00:00
1788990900000,78126.01,78145.02,78064.0,78145.02,13.76484,2026-09-09 21:55:00+00:00
1788991200000,78145.02,78196.0,78036.64,78081.37,57.45286,2026-09-09 22:00:00+00:00
1788991500000,78081.37,78084.01,77770.0,77854.67,171.76781,2026-09-09 22:05:00+00:00
1788991800000,77854.66,77978.01,77854.66,77859.73,80.75334,2026-09-09 22:10:00+00:00
1788992100000,77859.74,77960.0,77770.81,77960.0,45.41718,2026-09-09 22:15:00+00:00
1788992400000,77960.0,78039.27,77959.99,78039.27,22.40732,2026-09-09 22:20:00+00:00
1788992700000,78039.28,78058.01,78021.14,78031.46,17.18441,2026-09-09 22:25:00+00:00
1788993000000,78031.46,78033.58,77959.78,77994.15,22.43509,2026-09-09 22:30:00+00:00
1788993300000,77994.15,78050.25,77944.0,78038.01,23.12229,2026-09-09 22:35:00+00:00
1788993600000,78038.01,78053.82,77982.97,78031.97,18.83768,2026-09-09 22:40:00+00:00
1788993900000,78032.01,78046.0,78010.27,78010.28,17.92362,2026-09-09 22:45:00+00:00
1788994200000,78010.28,78033.52,77952.0,77959.75,19.63891,2026-09-09 22:50:00+00:00
1788994500000,77959.75,77960.01,77918.0,77924.06,16.94894,2026-09-09 22:55:00+00:00
1788994800000,77924.0,78148.75,77920.56,78125.42,56.36721,2026-09-09 23:00:00+00:00
1788995100000,78125.42,78185.42,78116.0,78185.41,17.63142,2026-09-09 23:05:00+00:00
1788995400000,78185.41,78200.0,78130.35,78157.56,20.79593,2026-09-09 23:10:00+00:00
1788995700000,78157.55,78170.01,78100.0,78164.86,42.2945,2026-09-09 23:15:00+00:00
1788996000000,78164.86,78174.53,78103.98,78120.01,25.87398,2026-09-09 23:20:00+00:00
1788996300000,78120.0,78184.0,78120.0,78184.0,9.78252,2026-09-09 23:25:00+00:00
1788996600000,78184.01,78244.41,78177.91,78241.09,21.2094,2026-09-09 23:30:00+00:00
1788996900000,78241.09,78259.35,78217.71,78242.66,16.72413,2026-09-09 23:35:00+00:00
1788997200000,78242.66,78242.67,78220.09,78230.0,29.20735,2026-09-09 23:40:00+00:00
1788997500000,78230.0,78274.42,78222.73,78266.59,14.32954,2026-09-09 23:45:00+00:00
1788997800000,78266.58,78297.04,78262.94,78295.15,15.40298,2026-09-09 23:50:00+00:00
1788998100000,78295.14,78321.09,78263.69,78306.43,30.46537,2026-09-09 23:55:00+00:00
1788998400000,78306.43,78358.08,78281.8,78347.45,44.82696,2026-09-10 00:00:00+00:00
1788998700000,78347.45,78382.35,78309.51,78309.99,22.81214,2026-09-10 00:05:00+00:00
1788999000000,78309.99,78373.52,78263.99,78269.28,205.67831,2026-09-10 00:10:00+00:00
1788999300000,78269.29,78299.47,78255.0,78256.55,15.40056,2026-09-10 00:15:00+00:00
1788999600000,78256.55,78319.67,78215.55,78278.51,36.49379,2026-09-10 00:20:00+00:00
1788999900000,78278.5,78330.84,78243.48,78325.31,40.32861,2026-09-10 00:25:00+00:00
1789000200000,78325.3,78325.3,78175.69,78255.86,43.09258,2026-09-10 00:30:00+00:00
1789000500000,78255.86,78309.72,78241.63,78248.0,25.83405,2026-09-10 00:35:00+00:00
1789000800000,78247.99,78248.0,78159.97,78159.97,22.26697,2026-09-10 00:40:00+00:00
1789001100000,78159.97,78244.59,78130.48,78166.0,53.8237,2026-09-10 00:45:00+00:00
1789001400000,78166.01,78216.91,78124.0,78137.27,43.3988,2026-09-10 00:50:00+00:00
1789001700000,78137.27,78196.77,78073.8,78180.7,272.06352,2026-09-10 00:55:00+00:00
1789002000000,78180.7,78295.37,78172.0,78295.37,72.85723,2026-09-10 01:00:00+00:00
1789002300000,78295.36,78508.49,78295.36,78423.6,66.71429,2026-09-10 01:05:00+00:00
1789002600000,78423.6,78431.45,78296.47,78334.8,16.81807,2026-09-10 01:10:00+00:00
1789002900000,78334.79,78338.24,78176.47,78284.01,39.43302,2026-09-10 01:15:00+00:00
1789003200000,78284.0,78284.01,78170.0,78252.0,24.24976,2026-09-10 01:20:00+00:00
1789003500000,78252.0,78252.0,78176.0,78176.0,7.36378,2026-09-10 01:25:00+00:00
1789003800000,78176.01,78204.01,78045.77,78046.01,36.16123,2026-09-10 01:30:00+00:00
1789004100000,78046.0,78046.01,77952.0,77962.25,36.17324,2026-09-10 01:35:00+00:00
1789004400000,77962.48,78242.01,77962.48,78174.92,44.85368,2026-09-10 01:40:00+00:00
1789004700000,78174.92,78174.92,78062.0,78100.0,29.93357,2026-09-10 01:45:00+00:00
1789005000000,78100.0,78110.98,77990.38,78018.54,31.75116,2026-09-10 01:50:00+00:00
1789005300000,78018.55,78134.01,78002.51,78094.0,22.90212,2026-09-10 01:55:00+00:00
1789005600000,78094.01,78100.54,78032.0,78032.0,21.73456,2026-09-10 02:00:00+00:00
1789005900000,78032.0,78088.01,78011.06,78045.21,14.91524,2026-09-10 02:05:00+00:00
1789006200000,78045.22,78067.71,78003.48,78040.01,35.64857,2026-09-10 02:10:00+00:00
1789006500000,78040.0,78054.22,77986.95,78050.01,20.26192,2026-09-10 02:15:00+00:00
1789006800000,78050.01,78070.01,78000.01,78000.01,23.71258,2026-09-10 02:20:00+00:00
1789007100000,78000.0,78024.01,77980.0,78024.01,15.80819,2026-09-10 02:25:00+00:00
1789007400000,78024.0,78160.0,78006.6,78160.0,22.16923,2026-09-10 02:30:00+00:00
1789007700000,78160.01,78219.65,78129.97,78191.39,29.8442,2026-09-10 02:35:00+00:00
1789008000000,78191.38,78268.9,78169.06,78262.19,22.58576,2026-09-10 02:40:00+00:00
1789008300000,78262.19,78319.25,78251.67,78313.48,11.17236,2026-09-10 02:45:00+00:00
1789008600000,78313.47,78361.53,78292.0,78361.52,20.56763,2026-09-10 02:50:00+00:00
1789008900000,78361.53,78373.1,78335.78,78357.86,11.86716,2026-09-10 02:55:00+00:00
1789009200000,78357.87,78550.0,78338.52,78512.82,56.47148,2026-09-10 03:00:00+00:00
1789009500000,78512.81,78512.82,78402.4,78411.01,34.29885,2026-09-10 03:05:00+00:00
1789009800000,78411.0,78427.53,78375.83,78382.07,15.71945,2026-09-10 03:10:00+00:00
1789010100000,78382.07,78390.02,78335.79,78364.56,17.56418,2026-09-10 03:15:00+00:00
1789010400000,78364.55,78392.0,78325.33,78325.34,24.85102,2026-09-10 03:20:00+00:00
1789010700000,78325.34,78400.0,78306.4,78395.74,36.51016,2026-09-10 03:25:00+00:00
1789011000000,78395.74,78450.0,78363.91,78388.25,48.30287,2026-09-10 03:30:00+00:00
1789011300000,78388.25,78388.25,78325.35,78352.75,13.74125,2026-09-10 03:35:00+00:00
1789011600000,78352.75,78397.76,78321.86,78368.68,36.05551,2026-09-10 03:40:00+00:00
1789011900000,78368.69,78450.0,78364.61,78450.0,16.14275,2026-09-10 03:45:00+00:00
1789012200000,78449.99,78449.99,78333.08,78337.91,31.38213,2026-09-10 03:50:00+00:00
1789012500000,78337.91,78337.91,78278.0,78328.08,39.83078,2026-09-10 03:55:00+00:00
1789012800000,78328.08,78352.66,78303.28,78352.65,17.7333,2026-09-10 04:00:00+00:00
1789013100000,78352.65,78404.42,78352.65,78373.08,13.01278,2026-09-10 04:05:00+00:00
1789013400000,78373.07,78377.75,78344.85,78344.86,9.46382,2026-09-10 04:10:00+00:00
1789013700000,78344.85,78415.96,78344.85,78415.95,15.05657,2026-09-10 04:15:00+00:00
1789014000000,78415.96,78429.24,78378.45,78384.22,17.81399,2026-09-10 04:20:00+00:00
1789014300000,78384.23,78419.67,78376.9,78387.63,6.79455,2026-09-10 04:25:00+00:00
1789014600000,78387.63,78416.41,78380.78,78405.19,8.65164,2026-09-10 04:30:00+00:00
1789014900000,78405.2,78405.2,78356.26,78359.72,27.1232,2026-09-10 04:35:00+00:00
1789015200000,78359.72,78366.09,78339.99,78339.99,16.78672,2026-09-10 04:40:00+00:00
1789015500000,78339.99,78374.77,78331.71,78348.1,21.54044,2026-09-10 04:45:00+00:00
1789015800000,78348.09,78359.76,78300.0,78345.17,23.35393,2026-09-10 04:50:00+00:00
1789016100000,78345.17,78437.99,78328.1,78400.0,44.46285,2026-09-10 04:55:00+00:00
1789016400000,78400.01,78427.22,78277.12,78277.13,20.10595,2026-09-10 05:00:00+00:00
1789016700000,78277.13,78329.44,78270.75,78317.59,28.25349,2026-09-10 05:05:00+00:00
1789017000000,78317.59,78486.35,78317.58,78477.5,54.62387,2026-09-10 05:10:00+00:00
1789017300000,78477.5,78477.5,78377.08,78385.18,28.80262,2026-09-10 05:15:00+00:00
1789017600000,78385.18,78386.0,78358.63,78381.96,24.42753,2026-09-10 05:20:00+00:00
1789017900000,78381.95,78516.66,78358.63,78476.6,182.20825,2026-09-10 05:25:00+00:00
1789018200000,78476.59,78520.04,78465.31,78476.56,43.87769,2026-09-10 05:30:00+00:00
1789018500000,78476.56,78520.04,78446.56,78446.56,24.8964,2026-09-10 05:35:00+00:00
1789018800000,78446.57,78446.57,78401.75,78418.85,42.84013,2026-09-10 05:40:00+00:00
1789019100000,78418.84,78436.0,78408.64,78415.26,14.64745,2026-09-10 05:45:00+00:00
1789019400000,78415.27,78549.99,78415.26,78532.27,29.12149,2026-09-10 05:50:00+00:00
1789019700000,78532.27,78564.39,78486.01,78536.71,60.89633,2026-09-10 05:55:00+00:00
1789020000000,78536.71,78542.05,78447.03,78447.03,23.6327,2026-09-10 06:00:00+00:00
1789020300000,78447.04,78458.01,78419.68,78419.69,23.16307,2026-09-10 06:05:00+00:00
1789020600000,78419.69,78419.69,78306.0,78308.92,29.66101,2026-09-10 06:10:00+00:00
1789020900000,78308.91,78308.92,78148.65,78222.01,58.14509,2026-09-10 06:15:00+00:00
1789021200000,78222.01,78232.01,78168.55,78215.42,47.27953,2026-09-10 06:20:00+00:00
1789021500000,78215.43,78234.01,78198.23,78216.65,31.26822,2026-09-10 06:25:00+00:00
1789021800000,78216.64,78230.01,78148.24,78154.79,41.42748,2026-09-10 06:30:00+00:00
1789022100000,78154.79,78198.01,78147.98,78198.01,21.15183,2026-09-10 06:35:00+00:00
1789022400000,78198.01,78268.9,78184.35,78198.0,113.25557,2026-09-10 06:40:00+00:00
1789022700000,78198.0,78452.01,78198.0,78452.0,125.73864,2026-09-10 06:45:00+00:00
1789023000000,78452.01,78528.01,78418.0,78419.68,40.24348,2026-09-10 06:50:00+00:00
1789023300000,78419.68,78472.01,78416.0,78416.01,18.37461,2026-09-10 06:55:00+00:00
1789023600000,78416.01,78422.01,78247.05,78260.86,59.71799,2026-09-10 07:00:00+00:00
1789023900000,78260.85,78260.85,78157.17,78200.0,49.73002,2026-09-10 07:05:00+00:00
1789024200000,78200.0,78235.04,78200.0,78214.01,12.93604,2026-09-10 07:10:00+00:00
1789024500000,78214.02,78215.68,78174.99,78200.54,20.96242,2026-09-10 07:15:00+00:00
1789024800000,78200.54,78200.54,78086.92,78086.92,28.75291,2026-09-10 07:20:00+00:00
1789025100000,78086.93,78105.43,78025.31,78025.38,27.52633,2026-09-10 07:25:00+00:00
1789025400000,78025.38,78046.83,77906.48,77935.05,74.00846,2026-09-10 07:30:00+00:00
1789025700000,77935.05,77992.73,77919.45,77966.9,50.50482,2026-09-10 07:35:00+00:00
1789026000000,77966.9,78021.14,77948.25,78021.14,49.47735,2026-09-10 07:40:00+00:00
1789026300000,78021.14,78068.01,78018.17,78068.01,32.83289,2026-09-10 07:45:00+00:00
1789026600000,78068.01,78160.89,78068.01,78134.01,79.82461,2026-09-10 07:50:00+00:00
1789026900000,78134.01,78136.01,78090.0,78112.0,40.59481,2026-09-10 07:55:00+00:00
1789027200000,78112.0,78148.01,78089.37,78122.0,30.4122,2026-09-10 08:00:00+00:00
1789027500000,78122.0,78160.0,78104.0,78146.01,32.56651,2026-09-10 08:05:00+00:00
1789027800000,78146.0,78146.0,78066.0,78080.7,24.10799,2026-09-10 08:10:00+00:00
1789028100000,78080.69,78096.0,78041.64,78076.04,20.50202,2026-09-10 08:15:00+00:00
1789028400000,78076.04,78162.96,78076.04,78162.01,14.94177,2026-09-10 08:20:00+00:00
1789028700000,78162.01,78170.74,78091.64,78170.73,27.40123,2026-09-10 08:25:00+00:00
1789029000000,78170.74,78170.74,78038.0,78117.91,44.57234,2026-09-10 08:30:00+00:00
1789029300000,78117.92,78154.01,78106.0,78116.21,27.90696,2026-09-10 08:35:00+00:00
1789029600000,78116.21,78126.01,78074.0,78100.53,14.51079,2026-09-10 08:40:00+00:00
1789029900000,78100.54,78120.99,78096.0,78100.56,33.93322,2026-09-10 08:45:00+00:00
1789030200000,78100.56,78170.01,78096.0,78162.0,22.62775,2026-09-10 08:50:00+00:00
1789030500000,78162.01,78162.01,78106.92,78110.0,7.93563,2026-09-10 08:55:00+00:00
1789030800000,78110.0,78188.89,78110.0,78175.46,19.2351,2026-09-10 09:00:00+00:00
1789031100000,78175.47,78210.01,78112.0,78112.01,45.63563,2026-09-10 09:05:00+00:00
1789031400000,78112.0,78150.01,78111.03,78150.01,15.53884,2026-09-10 09:10:00+00:00
1789031700000,78150.01,78200.0,78139.35,78182.91,55.40439,2026-09-10 09:15:00+00:00
1789032000000,78182.92,78200.0,78153.26,78175.99,31.79884,2026-09-10 09:20:00+00:00
1789032300000,78175.99,78229.22,78139.36,78206.02,38.34634,2026-09-10 09:25:00+00:00
1789032600000,78206.01,78206.01,78060.33,78120.01,53.59199,2026-09-10 09:30:00+00:00
1789032900000,78120.0,78120.01,77987.48,77996.2,113.20407,2026-09-10 09:35:00+00:00
1789033200000,77996.19,77996.2,77910.86,77962.63,93.72154,2026-09-10 09:40:00+00:00
1789033500000,77962.63,77996.01,77944.7,77990.24,41.89797,2026-09-10 09:45:00+00:00
1789033800000,77990.24,78023.5,77955.47,77989.04,53.82149,2026-09-10 09:50:00+00:00
1789034100000,77989.04,78002.04,77944.01,77992.01,43.32313,2026-09-10 09:55:00+00:00
1789034400000,77992.0,78038.01,77962.01,77980.58,58.42564,2026-09-10 10:00:00+00:00
1789034700000,77980.57,78037.34,77952.01,77952.02,43.2418,2026-09-10 10:05:00+00:00
1789035000000,77952.02,78010.01,77952.01,77985.1,47.5985,2026-09-10 10:10:00+00:00
1789035300000,77985.1,78014.01,77956.84,77995.83,33.88687,2026-09-10 10:15:00+00:00
1789035600000,77996.01,78020.01,77932.22,77940.46,32.03961,2026-09-10 10:20:00+00:00
1789035900000,77940.46,77979.87,77927.11,77979.86,28.60657,2026-09-10 10:25:00+00:00
1789036200000,77979.87,77979.87,77821.21,77890.01,116.73057,2026-09-10 10:30:00+00:00
1789036500000,77890.01,78030.01,77890.01,78016.0,37.9248,2026-09-10 10:35:00+00:00
1789036800000,78016.01,78044.57,77979.01,77986.78,24.50515,2026-09-10 10:40:00+00:00
1789037100000,77986.78,78012.01,77957.48,77970.01,56.7979,2026-09-10 10:45:00+00:00
1789037400000,77970.01,77970.25,77889.42,77889.42,31.65726,2026-09-10 10:50:00+00:00
1789037700000,77889.42,78032.01,77860.62,77863.21,106.8568,2026-09-10 10:55:00+00:00
1789038000000,77863.2,77863.85,77688.0,77735.31,161.98615,2026-09-10 11:00:00+00:00
1789038300000,77735.31,77851.87,77716.71,77812.01,71.01746,2026-09-10 11:05:00+00:00
1789038600000,77812.01,77920.01,77812.0,77908.56,63.93714,2026-09-10 11:10:00+00:00
1789038900000,77916.7,78054.84,77908.59,77967.58,124.53604,2026-09-10 11:15:00+00:00
1789039200000,77967.59,78020.97,77967.58,78020.96,25.11302,2026-09-10 11:20:00+00:00
1789039500000,78020.97,78020.97,77968.35,78004.01,21.0933,2026-09-10 11:25:00+00:00
1789039800000,78004.01,78050.0,78004.01,78044.01,32.60628,2026-09-10 11:30:00+00:00
1789040100000,78044.0,78047.96,77986.0,78045.18,28.61624,2026-09-10 11:35:00+00:00
1789040400000,78045.17,78045.17,77984.0,78006.0,27.12704,2026-09-10 11:40:00+00:00
1789040700000,78006.0,78025.92,77888.99,77961.47,29.35228,2026-09-10 11:45:00+00:00
1789041000000,77961.47,77974.0,77864.19,77904.17,44.63047,2026-09-10 11:50:00+00:00
1789041300000,77904.17,77908.68,77830.0,77840.8,29.0741,2026-09-10 11:55:00+00:00
1789041600000,77840.64,77888.45,77770.0,77780.01,53.65367,2026-09-10 12:00:00+00:00
1789041900000,77780.0,77815.54,77702.84,77723.52,186.29718,2026-09-10 12:05:00+00:00
1789042200000,77723.52,77838.01,77705.69,77823.75,111.02657,2026-09-10 12:10:00+00:00
1789042500000,77823.75,77836.02,77700.01,77718.84,204.67614,2026-09-10 12:15:00+00:00
1789042800000,77718.84,77758.57,77650.0,77729.85,95.04271,2026-09-10 12:20:00+00:00
1789043100000,77729.85,77821.78,77700.0,77796.93,83.97992,2026-09-10 12:25:00+00:00
1789043400000,77796.93,77959.2,77337.39,77371.28,719.65973,2026-09-10 12:30:00+00:00
1789043700000,77371.28,77502.05,77019.63,77110.22,412.18798,2026-09-10 12:35:00+00:00
1789044000000,77110.22,77256.47,77082.89,77130.25,184.66929,2026-09-10 12:40:00+00:00
1789044300000,77130.26,77166.0,76676.07,77041.33,508.47125,2026-09-10 12:45:00+00:00
1789044600000,77041.33,77123.0,76858.0,76858.0,137.83595,2026-09-10 12:50:00+00:00
1789044900000,76858.01,76912.67,76700.0,76896.01,188.57267,2026-09-10 12:55:00+00:00
1789045200000,76896.01,77088.0,76882.08,77043.99,94.76583,2026-09-10 13:00:00+00:00
1789045500000,77043.8,77079.77,76904.01,76972.0,103.73602,2026-09-10 13:05:00+00:00
1789045800000,76972.01,77038.01,76780.0,76835.33,134.66942,2026-09-10 13:10:00+00:00
1789046100000,76835.32,76915.38,76750.0,76750.01,97.12996,2026-09-10 13:15:00+00:00
1789046400000,76750.01,76966.73,76745.0,76888.01,106.49688,2026-09-10 13:20:00+00:00
1789046700000,76888.0,76970.01,76834.28,76934.0,79.32618,2026-09-10 13:25:00+00:00
1789047000000,76934.01,76978.01,76774.0,76923.45,144.02278,2026-09-10 13:30:00+00:00
1789047300000,76923.44,77106.01,76879.23,77064.01,140.4891,2026-09-10 13:35:00+00:00
1789047600000,77064.0,77084.01,76932.09,76936.22,196.00332,2026-09-10 13:40:00+00:00
1789047900000,76936.23,77100.01,76926.01,77076.01,97.41983,2026-09-10 13:45:00+00:00
1789048200000,77076.01,77234.0,76924.0,77154.0,113.53555,2026-09-10 13:50:00+00:00
1789048500000,77154.01,77226.01,77111.61,77174.44,64.74305,2026-09-10 13:55:00+00:00
1789048800000,77174.43,77345.85,77174.43,77236.01,145.54767,2026-09-10 14:00:00+00:00
1789049100000,77236.01,77238.01,76959.23,77040.01,151.46921,2026-09-10 14:05:00+00:00
1789049400000,77040.01,77146.01,77002.0,77085.9,65.55954,2026-09-10 14:10:00+00:00
1789049700000,77085.9,77086.01,76943.45,77044.14,129.90432,2026-09-10 14:15:00+00:00
1789050000000,77044.14,77350.59,76978.14,77275.51,83.26379,2026-09-10 14:20:00+00:00
1789050300000,77275.52,77380.0,77240.64,77276.01,87.55087,2026-09-10 14:25:00+00:00
1789050600000,77276.01,77313.18,77240.0,77294.0,35.11068,2026-09-10 14:30:00+00:00
1789050900000,77294.0,77360.01,77184.28,77250.01,123.58505,2026-09-10 14:35:00+00:00
1789051200000,77250.01,77365.75,77250.01,77282.01,114.40457,2026-09-10 14:40:00+00:00
1789051500000,77282.0,77410.03,77282.0,77325.98,117.75454,2026-09-10 14:45:00+00:00
1789051800000,77325.98,77389.79,77272.0,77388.0,18.81114,2026-09-10 14:50:00+00:00
1789052100000,77388.01,77424.98,77366.0,77412.01,32.31318,2026-09-10 14:55:00+00:00
1789052400000,77412.01,77412.01,77250.0,77286.53,64.7996,2026-09-10 15:00:00+00:00
1789052700000,77286.54,77380.0,77286.53,77342.17,37.66183,2026-09-10 15:05:00+00:00
1789053000000,77342.16,77412.89,77324.0,77336.01,27.05106,2026-09-10 15:10:00+00:00
1789053300000,77336.0,77355.62,77242.01,77262.0,110.89715,2026-09-10 15:15:00+00:00
1789053600000,77262.01,77262.01,77158.0,77174.0,32.35148,2026-09-10 15:20:00+00:00
1789053900000,77174.01,77174.86,77098.0,77108.01,44.59065,2026-09-10 15:25:00+00:00
1789054200000,77108.0,77204.4,77092.16,77164.44,93.70978,2026-09-10 15:30:00+00:00
1789054500000,77164.44,77337.9,77156.72,77276.0,48.4141,2026-09-10 15:35:00+00:00
1789054800000,77276.0,77280.01,77191.84,77216.01,32.75478,2026-09-10 15:40:00+00:00
1789055100000,77216.0,77240.01,77120.0,77186.01,87.67035,2026-09-10 15:45:00+00:00
1789055400000,77186.01,77218.01,77148.0,77148.01,35.85729,2026-09-10 15:50:00+00:00
1789055700000,77148.02,77250.01,77121.0,77250.0,79.32872,2026-09-10 15:55:00+00:00
1789056000000,77250.0,77312.01,77100.0,77100.01,56.84167,2026-09-10 16:00:00+00:00
1789056300000,77100.0,77110.01,76928.06,76931.41,72.80662,2026-09-10 16:05:00+00:00
1789056600000,76931.42,77002.01,76910.0,76986.0,53.41195,2026-09-10 16:10:00+00:00
1789056900000,76986.0,77000.0,76884.27,76914.0,44.22544,2026-09-10 16:15:00+00:00
1789057200000,76914.01,77077.02,76914.0,76990.01,36.89159,2026-09-10 16:20:00+00:00
1789057500000,76990.0,76994.01,76930.0,76932.0,23.08209,2026-09-10 16:25:00+00:00
1789057800000,76932.01,76976.01,76841.0,76841.16,69.00711,2026-09-10 16:30:00+00:00
1789058100000,76841.16,77020.01,76804.99,77020.01,56.11149,2026-09-10 16:35:00+00:00
1789058400000,77020.01,77073.79,76978.0,77044.88,42.19834,2026-09-10 16:40:00+00:00
1789058700000,77044.89,77234.9,77044.88,77124.01,47.61091,2026-09-10 16:45:00+00:00
1789059000000,77124.0,77128.01,77074.0,77098.01,26.46514,2026-09-10 16:50:00+00:00
1789059300000,77098.0,77211.35,77090.0,77200.01,33.79563,2026-09-10 16:55:00+00:00
1789059600000,77200.0,77210.0,77126.26,77144.7,34.20994,2026-09-10 17:00:00+00:00
1789059900000,77144.7,77173.55,77134.0,77152.01,11.74914,2026-09-10 17:05:00+00:00
1789060200000,77152.01,77244.6,77152.0,77180.01,30.4662,2026-09-10 17:10:00+00:00
1789060500000,77180.01,77188.01,77140.0,77174.8,21.86267,2026-09-10 17:15:00+00:00
1789060800000,77174.79,77307.02,77135.15,77306.04,43.35404,2026-09-10 17:20:00+00:00
1789061100000,77306.04,77339.37,77241.85,77321.54,59.97576,2026-09-10 17:25:00+00:00
1789061400000,77321.53,77517.94,77319.61,77506.96,56.9664,2026-09-10 17:30:00+00:00
1789061700000,77506.7,77544.0,77367.25,77367.26,143.73791,2026-09-10 17:35:00+00:00
1789062000000,77367.25,77391.65,77299.58,77361.93,114.32248,2026-09-10 17:40:00+00:00
1789062300000,77361.94,77415.85,77324.51,77392.83,34.64364,2026-09-10 17:45:00+00:00
1789062600000,77392.83,77432.01,77368.5,77403.34,15.62396,2026-09-10 17:50:00+00:00
1789062900000,77403.34,77403.34,77328.72,77328.72,17.59926,2026-09-10 17:55:00+00:00
1789063200000,77328.72,77340.0,77165.66,77165.69,41.07034,2026-09-10 18:00:00+00:00
1789063500000,77165.68,77192.85,77000.0,77008.25,36.08204,2026-09-10 18:05:00+00:00
1789063800000,77008.25,77038.01,76982.6,77020.01,15.19438,2026-09-10 18:10:00+00:00
1789064100000,77020.01,77086.52,77005.27,77054.67,27.72025,2026-09-10 18:15:00+00:00
1789064400000,77054.67,77169.64,77054.66,77105.88,36.51989,2026-09-10 18:20:00+00:00
1789064700000,77105.89,77129.24,77074.0,77074.0,19.39905,2026-09-10 18:25:00+00:00
1789065000000,77074.01,77090.0,77050.0,77088.01,15.19284,2026-09-10 18:30:00+00:00
1789065300000,77088.01,77166.01,77078.0,77158.01,13.66173,2026-09-10 18:35:00+00:00
1789065600000,77158.01,77158.01,77116.02,77158.01,26.59596,2026-09-10 18:40:00+00:00
1789065900000,77158.01,77182.57,77102.97,77124.0,21.24292,2026-09-10 18:45:00+00:00
1789066200000,77124.0,77298.48,77100.0,77281.78,55.00544,2026-09-10 18:50:00+00:00
1789066500000,77281.78,77281.78,77200.0,77252.0,13.5734,2026-09-10 18:55:00+00:00
1789066800000,77252.0,77252.01,77180.0,77214.0,24.52963,2026-09-10 19:00:00+00:00
1789067100000,77214.0,77227.65,77160.0,77199.49,24.82769,2026-09-10 19:05:00+00:00
1789067400000,77199.49,77199.49,77130.0,77172.01,17.48035,2026-09-10 19:10:00+00:00
1789067700000,77172.01,77190.01,77144.18,77156.52,13.71899,2026-09-10 19:15:00+00:00
1789068000000,77156.51,77186.01,77120.1,77186.01,50.68756,2026-09-10 19:20:00+00:00
1789068300000,77186.01,77254.01,77178.7,77190.01,36.62491,2026-09-10 19:25:00+00:00
1789068600000,77190.0,77190.02,77120.1,77159.73,27.2305,2026-09-10 19:30:00+00:00
1789068900000,77159.74,77198.01,77137.57,77180.73,29.2478,2026-09-10 19:35:00+00:00
1789069200000,77180.73,77298.48,77180.73,77254.0,31.61289,2026-09-10 19:40:00+00:00
1789069500000,77254.01,77258.01,77154.0,77154.01,14.64885,2026-09-10 19:45:00+00:00
1789069800000,77154.01,77162.01,77083.17,77103.98,94.8734,2026-09-10 19:50:00+00:00
1789070100000,77103.98,77195.12,77103.98,77160.83,29.11862,2026-09-10 19:55:00+00:00
1789070400000,77160.83,77193.2,77116.0,77172.0,12.5519,2026-09-10 20:00:00+00:00
1789070700000,77172.0,77286.01,77166.01,77286.01,12.79095,2026-09-10 20:05:00+00:00
1789071000000,77286.01,77323.82,77272.58,77323.82,14.52169,2026-09-10 20:10:00+00:00
1789071300000,77323.82,77336.0,77306.01,77335.63,10.40737,2026-09-10 20:15:00+00:00
1789071600000,77335.63,77347.45,77274.0,77274.0,16.96241,2026-09-10 20:20:00+00:00
1789071900000,77274.0,77290.01,77256.0,77277.8,9.45997,2026-09-10 20:25:00+00:00
1789072200000,77277.8,77277.81,77234.0,77254.01,11.98032,2026-09-10 20:30:00+00:00
1789072500000,77254.01,77274.01,77238.0,77274.01,5.94345,2026-09-10 20:35:00+00:00
1789072800000,77274.0,77298.01,77264.8,77298.01,8.75509,2026-09-10 20:40:00+00:00
1789073100000,77298.01,77298.01,77221.64,77252.0,12.93309,2026-09-10 20:45:00+00:00
1789073400000,77252.01,77296.02,77252.0,77296.02,14.19425,2026-09-10 20:50:00+00:00
1789073700000,77296.02,77305.13,77268.08,77268.08,11.6733,2026-09-10 20:55:00+00:00
1789074000000,77268.08,77284.01,77240.87,77240.87,28.34131,2026-09-10 21:00:00+00:00
1789074300000,77240.88,77279.51,77223.36,77279.5,8.40965,2026-09-10 21:05:00+00:00
1789074600000,77279.51,77303.02,77258.0,77258.01,12.02402,2026-09-10 21:10:00+00:00
1789074900000,77258.01,77258.01,77200.89,77200.89,7.05318,2026-09-10 21:15:00+00:00
1789075200000,77200.89,77224.67,77200.0,77218.01,17.79694,2026-09-10 21:20:00+00:00
1789075500000,77218.0,77230.69,77208.0,77230.69,9.68524,2026-09-10 21:25:00+00:00
1789075800000,77230.69,77238.01,77204.76,77231.7,33.52609,2026-09-10 21:30:00+00:00
1789076100000,77231.7,77231.7,77175.48,77189.94,18.7909,2026-09-10 21:35:00+00:00
1789076400000,77189.94,77196.96,77100.02,77158.01,32.98891,2026-09-10 21:40:00+00:00
1789076700000,77158.01,77201.84,77139.5,77157.01,58.48388,2026-09-10 21:45:00+00:00
1789077000000,77157.01,77178.01,77142.01,77142.01,29.94952,2026-09-10 21:50:00+00:00
1789077300000,77142.02,77150.01,77130.0,77144.0,11.20545,2026-09-10 21:55:00+00:00
1789077600000,77144.01,77164.01,77080.0,77152.0,22.49771,2026-09-10 22:00:00+00:00
1789077900000,77152.0,77170.01,77104.44,77170.01,11.23153,2026-09-10 22:05:00+00:00
1789078200000,77170.0,77191.69,77100.02,77144.01,31.39278,2026-09-10 22:10:00+00:00
1789078500000,77144.01,77200.0,77144.0,77186.01,8.28286,2026-09-10 22:15:00+00:00
1789078800000,77186.01,77218.01,77150.0,77158.73,14.9711,2026-09-10 22:20:00+00:00
1789079100000,77158.74,77158.74,77070.0,77070.01,9.67823,2026-09-10 22:25:00+00:00
1789079400000,77070.0,77082.57,76966.69,76993.8,35.82051,2026-09-10 22:30:00+00:00
1789079700000,76993.8,77010.14,76870.01,76912.08,28.14805,2026-09-10 22:35:00+00:00
1789080000000,76912.08,76912.09,76830.0,76862.99,25.51892,2026-09-10 22:40:00+00:00
1789080300000,76862.99,76970.84,76843.37,76968.4,24.37471,2026-09-10 22:45:00+00:00
1789080600000,76968.41,76968.41,76901.1,76912.51,15.05847,2026-09-10 22:50:00+00:00
1789080900000,76912.51,76912.52,76817.6,76836.45,26.49077,2026-09-10 22:55:00+00:00
1789081200000,76836.45,76876.31,76711.31,76778.46,62.06051,2026-09-10 23:00:00+00:00
1789081500000,76778.46,76876.31,76600.0,76701.49,112.9583,2026-09-10 23:05:00+00:00
1789081800000,76701.49,76774.29,76501.44,76516.23,164.67479,2026-09-10 23:10:00+00:00
1789082100000,76516.23,76698.25,76464.0,76659.72,149.04798,2026-09-10 23:15:00+00:00
1789082400000,76660.27,76771.52,76660.27,76717.78,71.98822,2026-09-10 23:20:00+00:00
1789082700000,76717.78,76790.91,76703.94,76734.29,27.15515,2026-09-10 23:25:00+00:00
1789083000000,76734.29,76792.64,76710.63,76774.04,19.43325,2026-09-10 23:30:00+00:00
1789083300000,76774.05,76821.92,76733.66,76760.0,24.50605,2026-09-10 23:35:00+00:00
1789083600000,76760.0,76794.22,76718.61,76776.71,34.85568,2026-09-10 23:40:00+00:00
1789083900000,76776.71,76782.54,76710.06,76713.95,24.67385,2026-09-10 23:45:00+00:00
1789084200000,76713.95,76742.53,76624.37,76642.59,31.40434,2026-09-10 23:50:00+00:00
1789084500000,76642.59,76654.32,76544.17,76568.72,74.73269,2026-09-10 23:55:00+00:00
1789084800000,76568.73,76714.09,76563.01,76661.67,66.77653,2026-09-11 00:00:00+00:00
1789085100000,76661.67,76815.58,76589.44,76793.9,69.88921,2026-09-11 00:05:00+00:00
1789085400000,76793.91,76851.6,76793.71,76818.09,21.63859,2026-09-11 00:10:00+00:00
1789085700000,76818.08,76839.79,76782.93,76819.05,26.50708,2026-09-11 00:15:00+00:00
1789086000000,76819.06,76870.01,76772.81,76846.53,20.94288,2026-09-11 00:20:00+00:00
1789086300000,76846.52,76876.31,76790.41,76848.85,191.18088,2026-09-11 00:25:00+00:00
1789086600000,76848.85,76848.86,76686.09,76787.13,43.10694,2026-09-11 00:30:00+00:00
1789086900000,76787.12,76824.33,76761.28,76800.56,15.98479,2026-09-11 00:35:00+00:00
1789087200000,76800.55,76800.55,76734.31,76762.37,18.65177,2026-09-11 00:40:00+00:00
1789087500000,76762.38,76792.9,76741.76,76779.01,17.41107,2026-09-11 00:45:00+00:00
1789087800000,76779.0,76906.22,76771.01,76897.26,33.92789,2026-09-11 00:50:00+00:00
1789088100000,76897.25,76939.8,76883.18,76908.59,12.93118,2026-09-11 00:55:00+00:00
1789088400000,76908.59,77000.0,76890.56,76999.99,30.15187,2026-09-11 01:00:00+00:00
1789088700000,77000.0,77000.0,76943.44,76982.0,18.83373,2026-09-11 01:05:00+00:00
1789089000000,76982.0,76997.01,76900.66,76901.29,14.97808,2026-09-11 01:10:00+00:00
1789089300000,76901.3,76910.35,76841.03,76910.35,33.77813,2026-09-11 01:15:00+00:00
1789089600000,76910.35,76957.45,76795.93,76877.34,36.91947,2026-09-11 01:20:00+00:00
1789089900000,76877.33,76905.62,76809.6,76813.09,15.14962,2026-09-11 01:25:00+00:00
1789090200000,76813.08,76815.84,76670.57,76746.97,47.56635,2026-09-11 01:30:00+00:00
1789090500000,76746.97,76918.16,76746.97,76779.09,36.45504,2026-09-11 01:35:00+00:00
1789090800000,76779.08,76891.62,76693.17,76891.61,58.58646,2026-09-11 01:40:00+00:00
1789091100000,76891.62,76906.39,76800.23,76906.38,33.68258,2026-09-11 01:45:00+00:00
1789091400000,76906.38,76971.44,76888.4,76971.43,19.76196,2026-09-11 01:50:00+00:00
1789091700000,76971.43,76971.44,76939.74,76971.43,41.11354,2026-09-11 01:55:00+00:00
1789092000000,76971.44,76989.36,76926.0,76986.55,17.48813,2026-09-11 02:00:00+00:00
1789092300000,76986.55,77013.62,76900.0,76930.31,30.04269,2026-09-11 02:05:00+00:00
1789092600000,76930.31,76993.49,76907.15,76990.0,85.83517,2026-09-11 02:10:00+00:00
1789092900000,76990.01,76990.01,76882.13,76883.36,23.6074,2026-09-11 02:15:00+00:00
1789093200000,76883.36,76924.02,76848.15,76848.15,21.299,2026-09-11 02:20:00+00:00
1789093500000,76848.15,76848.15,76769.69,76809.51,23.59755,2026-09-11 02:25:00+00:00
1789093800000,76809.5,76815.6,76782.42,76800.42,11.51141,2026-09-11 02:30:00+00:00
1789094100000,76800.41,76925.68,76782.77,76922.2,15.75553,2026-09-11 02:35:00+00:00
1789094400000,76922.19,76922.68,76868.34,76868.39,16.43466,2026-09-11 02:40:00+00:00
1789094700000,76868.4,76924.08,76852.53,76921.9,25.29493,2026-09-11 02:45:00+00:00
1789095000000,76921.91,76933.33,76806.29,76857.39,15.75424,2026-09-11 02:50:00+00:00
1789095300000,76857.38,76887.74,76838.67,76838.68,10.86952,2026-09-11 02:55:00+00:00
1789095600000,76838.68,76871.74,76800.0,76800.0,13.33882,2026-09-11 03:00:00+00:00
1789095900000,76800.0,76800.01,76708.37,76723.51,82.10422,2026-09-11 03:05:00+00:00
1789096200000,76723.51,76897.54,76705.88,76883.03,171.76976,2026-09-11 03:10:00+00:00
1789096500000,76883.04,76895.73,76774.78,76842.46,27.64736,2026-09-11 03:15:00+00:00
1789096800000,76842.47,76853.48,76765.98,76777.66,25.19183,2026-09-11 03:20:00+00:00
1789097100000,76777.66,76833.49,76763.32,76824.33,15.35822,2026-09-11 03:25:00+00:00
1789097400000,76824.32,76824.33,76702.7,76776.73,75.26797,2026-09-11 03:30:00+00:00
1789097700000,76776.73,76879.24,76751.72,76865.23,39.33565,2026-09-11 03:35:00+00:00
1789098000000,76865.23,76897.54,76810.0,76874.17,353.59777,2026-09-11 03:40:00+00:00
1789098300000,76874.17,76880.33,76794.24,76797.04,14.1029,2026-09-11 03:45:00+00:00
1789098600000,76797.04,76825.47,76770.56,76813.42,52.32308,2026-09-11 03:50:00+00:00
1789098900000,76813.41,76896.12,76794.61,76891.8,97.5435,2026-09-11 03:55:00+00:00
1789099200000,76891.81,76953.02,76889.23,76948.68,123.98024,2026-09-11 04:00:00+00:00
1789099500000,76948.68,76999.99,76948.67,76957.45,18.96452,2026-09-11 04:05:00+00:00
1789099800000,76957.46,76988.0,76908.79,76982.31,27.55697,2026-09-11 04:10:00+00:00
1789100100000,76982.32,76997.46,76946.43,76977.49,23.88714,2026-09-11 04:15:00+00:00
1789100400000,76977.49,77076.47,76977.49,77076.46,50.21583,2026-09-11 04:20:00+00:00
1789100700000,77076.47,77189.78,77076.46,77183.41,41.3595,2026-09-11 04:25:00+00:00
1789101000000,77183.41,77196.01,77150.0,77150.01,19.90589,2026-09-11 04:30:00+00:00
1789101300000,77150.0,77150.01,77104.0,77114.0,17.28761,2026-09-11 04:35:00+00:00
1789101600000,77114.01,77130.1,77088.06,77096.01,12.40849,2026-09-11 04:40:00+00:00
1789101900000,77096.01,77114.01,77096.0,77107.13,14.28254,2026-09-11 04:45:00+00:00
1789102200000,77107.12,77133.85,77107.12,77133.85,10.4503,2026-09-11 04:50:00+00:00
1789102500000,77133.85,77146.32,77114.01,77114.01,10.36294,2026-09-11 04:55:00+00:00
1789102800000,77114.01,77114.02,77076.46,77076.46,13.31642,2026-09-11 05:00:00+00:00
1789103100000,77076.46,77097.2,77069.06,77093.49,14.5588,2026-09-11 05:05:00+00:00
1789103400000,77093.5,77159.38,77086.96,77143.6,24.78577,2026-09-11 05:10:00+00:00
1789103700000,77143.6,77150.01,77126.0,77130.0,15.41764,2026-09-11 05:15:00+00:00
1789104000000,77130.01,77130.03,77098.0,77130.03,23.58926,2026-09-11 05:20:00+00:00
1789104300000,77130.03,77130.03,77092.01,77101.31,24.32479,2026-09-11 05:25:00+00:00
1789104600000,77101.3,77135.99,77080.01,77111.94,26.19514,2026-09-11 05:30:00+00:00
1789104900000,77111.94,77187.18,77111.93,77179.4,33.88977,2026-09-11 05:35:00+00:00
1789105200000,77179.4,77188.47,77160.0,77188.47,14.00694,2026-09-11 05:40:00+00:00
1789105500000,77188.46,77196.01,77163.74,77196.01,14.62,2026-09-11 05:45:00+00:00
1789105800000,77196.01,77200.0,77180.88,77199.99,62.1297,2026-09-11 05:50:00+00:00
1789106100000,77200.0,77252.88,77199.99,77252.86,17.60893,2026-09-11 05:55:00+00:00
1789106400000,77252.87,77260.86,77229.05,77260.86,13.81956,2026-09-11 06:00:00+00:00
1789106700000,77260.86,77280.0,77249.89,77274.35,15.83462,2026-09-11 06:05:00+00:00
1789107000000,77274.36,77431.48,77274.35,77410.01,128.22623,2026-09-11 06:10:00+00:00
1789107300000,77410.0,77410.01,77300.0,77314.33,54.53224,2026-09-11 06:15:00+00:00
1789107600000,77314.33,77314.34,77270.0,77271.04,48.61449,2026-09-11 06:20:00+00:00
1789107900000,77271.03,77276.01,77260.0,77276.01,29.53473,2026-09-11 06:25:00+00:00
1789108200000,77276.0,77276.01,77183.01,77183.01,62.63814,2026-09-11 06:30:00+00:00
1789108500000,77183.01,77256.31,77182.0,77256.31,14.89313,2026-09-11 06:35:00+00:00
1789108800000,77256.31,77256.31,77226.0,77238.7,16.55766,2026-09-11 06:40:00+00:00
1789109100000,77238.7,77282.01,77238.7,77282.01,5.17612,2026-09-11 06:45:00+00:00
1789109400000,77282.01,77298.01,77279.15,77280.01,9.19231,2026-09-11 06:50:00+00:00
1789109700000,77280.01,77298.01,77278.88,77298.01,6.16278,2026-09-11 06:55:00+00:00
1789110000000,77298.01,77314.72,77291.6,77314.72,11.02571,2026-09-11 07:00:00+00:00
1789110300000,77314.72,77364.8,77314.72,77364.8,10.32599,2026-09-11 07:05:00+00:00
1789110600000,77364.79,77397.61,77316.4,77323.37,20.70424,2026-09-11 07:10:00+00:00
1789110900000,77323.37,77358.11,77320.8,77332.22,15.37632,2026-09-11 07:15:00+00:00
1789111200000,77332.21,77403.19,77332.21,77357.74,48.44017,2026-09-11 07:20:00+00:00
1789111500000,77357.73,77357.74,77300.0,77336.01,31.00889,2026-09-11 07:25:00+00:00
1789111800000,77336.01,77347.59,77280.0,77300.44,51.72423,2026-09-11 07:30:00+00:00
1789112100000,77300.45,77300.45,77250.05,77263.2,66.8412,2026-09-11 07:35:00+00:00
1789112400000,77263.2,77275.56,77254.88,77263.82,47.52822,2026-09-11 07:40:00+00:00
1789112700000,77263.83,77263.85,77236.28,77246.01,45.92171,2026-09-11 07:45:00+00:00
1789113000000,77246.02,77254.5,77210.98,77215.33,46.20505,2026-09-11 07:50:00+00:00
1789113300000,77215.34,77257.5,77203.73,77230.7,39.9207,2026-09-11 07:55:00+00:00
1789113600000,77230.7,77270.02,77180.91,77180.91,32.20374,2026-09-11 08:00:00+00:00
1789113900000,77180.92,77180.92,77155.55,77155.56,15.30185,2026-09-11 08:05:00+00:00
1789114200000,77155.56,77182.01,77144.59,77182.0,20.589,2026-09-11 08:10:00+00:00
1789114500000,77182.0,77246.23,77182.0,77240.49,11.26638,2026-09-11 08:15:00+00:00
1789114800000,77240.49,77429.17,77240.49,77420.0,38.29612,2026-09-11 08:20:00+00:00
1789115100000,77420.01,77465.46,77331.07,77384.92,38.00112,2026-09-11 08:25:00+00:00
1789115400000,77384.92,77500.0,77384.92,77392.67,44.29007,2026-09-11 08:30:00+00:00
1789115700000,77392.68,77416.01,77362.49,77401.35,22.34987,2026-09-11 08:35:00+00:00
1789116000000,77401.35,77435.89,77401.34,77424.0,21.84553,2026-09-11 08:40:00+00:00
1789116300000,77424.0,77424.01,77366.15,77372.1,17.77897,2026-09-11 08:45:00+00:00
1789116600000,77372.09,77378.01,77330.0,77350.0,23.77871,2026-09-11 08:50:00+00:00
1789116900000,77350.0,77364.94,77348.0,77364.93,8.3056,2026-09-11 08:55:00+00:00
1789117200000,77364.94,77370.01,77334.0,77337.02,27.1208,2026-09-11 09:00:00+00:00
1789117500000,77337.03,77337.03,77273.56,77277.32,37.78133,2026-09-11 09:05:00+00:00
1789117800000,77277.32,77291.9,77266.0,77284.01,19.89399,2026-09-11 09:10:00+00:00
1789118100000,77284.0,77300.01,77278.0,77280.0,58.60696,2026-09-11 09:15:00+00:00
1789118400000,77280.0,77280.01,77217.12,77217.12,12.62855,2026-09-11 09:20:00+00:00
1789118700000,77217.13,77217.13,77150.0,77150.01,35.08589,2026-09-11 09:25:00+00:00
1789119000000,77150.01,77164.01,77093.31,77093.32,34.55971,2026-09-11 09:30:00+00:00
1789119300000,77093.32,77093.32,76901.81,76931.87,142.86453,2026-09-11 09:35:00+00:00
1789119600000,76931.88,76970.0,76865.58,76964.22,55.26222,2026-09-11 09:40:00+00:00
1789119900000,76964.23,77028.53,76964.23,77026.01,49.58093,2026-09-11 09:45:00+00:00
1789120200000,77026.01,77045.35,76997.64,77024.24,46.94197,2026-09-11 09:50:00+00:00
1789120500000,77024.25,77067.64,77021.11,77042.0,32.22462,2026-09-11 09:55:00+00:00
1789120800000,77042.0,77163.25,76968.4,77162.68,45.98232,2026-09-11 10:00:00+00:00
1789121100000,77162.68,77162.68,77091.01,77091.02,19.64876,2026-09-11 10:05:00+00:00
1789121400000,77091.02,77111.36,77038.0,77082.01,40.64319,2026-09-11 10:10:00+00:00
1789121700000,77082.01,77149.82,77082.01,77139.05,49.17462,2026-09-11 10:15:00+00:00
1789122000000,77139.04,77140.01,77094.0,77099.53,31.02863,2026-09-11 10:20:00+00:00
1789122300000,77099.52,77099.53,77038.0,77041.73,15.92601,2026-09-11 10:25:00+00:00
1789122600000,77041.74,77047.99,76966.0,77040.92,29.19414,2026-09-11 10:30:00+00:00
1789122900000,77040.92,77058.72,77010.0,77049.7,27.61721,2026-09-11 10:35:00+00:00
1789123200000,77049.69,77049.7,76984.28,77017.38,47.31109,2026-09-11 10:40:00+00:00
1789123500000,77017.38,77040.63,77003.05,77006.76,37.18029,2026-09-11 10:45:00+00:00
1789123800000,77006.77,77040.0,77006.76,77029.8,10.92957,2026-09-11 10:50:00+00:00
1789124100000,77029.79,77040.14,76993.24,76993.25,51.54367,2026-09-11 10:55:00+00:00
1789124400000,76993.25,77000.0,76878.85,76883.79,53.30292,2026-09-11 11:00:00+00:00
1789124700000,76883.78,76913.74,76777.74,76808.84,52.21786,2026-09-11 11:05:00+00:00
1789125000000,76808.85,76840.01,76761.28,76786.0,52.0783,2026-09-11 11:10:00+00:00
1789125300000,76786.01,76824.47,76746.95,76824.46,42.42523,2026-09-11 11:15:00+00:00
1789125600000,76824.46,76832.32,76778.01,76825.03,16.71615,2026-09-11 11:20:00+00:00
1789125900000,76825.04,76912.01,76825.03,76850.65,37.9913,2026-09-11 11:25:00+00:00
1789126200000,76850.66,76858.01,76800.0,76800.01,41.2602,2026-09-11 11:30:00+00:00
1789126500000,76800.0,76878.79,76800.0,76847.79,17.15866,2026-09-11 11:35:00+00:00
1789126800000,76847.8,76906.14,76846.01,76906.14,10.59019,2026-09-11 11:40:00+00:00
1789127100000,76906.13,76996.01,76906.0,76931.38,15.56,2026-09-11 11:45:00+00:00
1789127400000,76931.38,77015.0,76902.0,76984.52,32.66237,2026-09-11 11:50:00+00:00
1789127700000,76984.53,77049.25,76958.0,77036.12,48.90597,2026-09-11 11:55:00+00:00
1789128000000,77036.12,77125.0,77005.28,77060.53,46.18034,2026-09-11 12:00:00+00:00
1789128300000,77060.53,77063.6,76918.64,76918.65,30.11583,2026-09-11 12:05:00+00:00
1789128600000,76918.64,77005.96,76900.96,76924.46,69.54776,2026-09-11 12:10:00+00:00
1789128900000,76924.46,77082.0,76906.0,76958.54,53.76712,2026-09-11 12:15:00+00:00
1789129200000,76958.54,77067.84,76952.2,76962.56,45.12957,2026-09-11 12:20:00+00:00
1789129500000,76962.55,77417.15,76936.0,77095.12,209.77902,2026-09-11 12:25:00+00:00
1789129800000,77094.01,77272.26,76046.58,77147.9,1450.61129,2026-09-11 12:30:00+00:00
1789130100000,77147.9,77682.95,77010.0,77632.78,523.08042,2026-09-11 12:35:00+00:00
1789130400000,77632.77,77700.48,77400.0,77590.01,270.98171,2026-09-11 12:40:00+00:00
1789130700000,77590.01,78030.01,77566.3,77865.45,397.408,2026-09-11 12:45:00+00:00
1789131000000,77865.44,78148.74,77853.66,77944.0,313.54029,2026-09-11 12:50:00+00:00
1789131300000,77944.01,78032.99,77862.9,78032.99,121.00241,2026-09-11 12:55:00+00:00
1789131600000,78032.98,78032.99,77745.78,77765.77,179.05719,2026-09-11 13:00:00+00:00
1789131900000,77765.76,77918.01,77558.29,77574.0,157.26524,2026-09-11 13:05:00+00:00
1789132200000,77574.01,77726.0,77567.71,77726.0,159.45314,2026-09-11 13:10:00+00:00
1789132500000,77726.0,77731.95,77616.0,77709.59,46.13034,2026-09-11 13:15:00+00:00
1789132800000,77709.59,77836.0,77675.64,77725.99,86.6285,2026-09-11 13:20:00+00:00
1789133100000,77725.99,77726.71,77508.35,77526.01,134.27496,2026-09-11 13:25:00+00:00
1789133400000,77526.0,77771.11,77402.0,77533.63,158.48729,2026-09-11 13:30:00+00:00
1789133700000,77534.01,77648.2,77253.8,77648.2,169.22154,2026-09-11 13:35:00+00:00
1789134000000,77648.24,77938.06,77584.96,77877.29,262.50319,2026-09-11 13:40:00+00:00
1789134300000,77877.29,78600.0,77758.0,78534.04,420.16498,2026-09-11 13:45:00+00:00
1789134600000,78534.05,78800.01,78431.96,78670.57,324.31923,2026-09-11 13:50:00+00:00
1789134900000,78670.58,79333.0,78670.58,79242.56,354.15612,2026-09-11 13:55:00+00:00
1789135200000,79242.56,79890.0,79131.93,79532.86,590.95398,2026-09-11 14:00:00+00:00
1789135500000,79532.87,79573.53,78858.0,79032.01,297.96496,2026-09-11 14:05:00+00:00
1789135800000,79032.01,79198.0,78815.84,79065.47,169.0347,2026-09-11 14:10:00+00:00
1789136100000,79065.46,79188.0,78967.93,79188.0,133.3285,2026-09-11 14:15:00+00:00
1789136400000,79187.99,79189.18,79008.74,79050.0,79.31242,2026-09-11 14:20:00+00:00
1789136700000,79049.99,79117.47,78949.06,79048.0,115.61786,2026-09-11 14:25:00+00:00
1789137000000,79048.01,79048.01,78750.0,78754.0,102.43753,2026-09-11 14:30:00+00:00
1789137300000,78754.0,78822.09,78573.18,78748.09,125.34819,2026-09-11 14:35:00+00:00
1789137600000,78748.08,78779.35,78558.27,78652.01,113.87039,2026-09-11 14:40:00+00:00
1789137900000,78652.01,78802.0,78509.09,78681.92,129.07836,2026-09-11 14:45:00+00:00
1789138200000,78681.91,78872.01,78578.0,78834.0,64.96713,2026-09-11 14:50:00+00:00
1789138500000,78834.01,78857.28,78760.49,78798.51,65.1323,2026-09-11 14:55:00+00:00
1789138800000,78798.4,78849.98,78558.0,78669.58,90.59566,2026-09-11 15:00:00+00:00
1789139100000,78670.01,78770.01,78600.0,78656.0,58.70355,2026-09-11 15:05:00+00:00
1789139400000,78656.0,78656.0,78509.09,78512.23,78.32431,2026-09-11 15:10:00+00:00
1789139700000,78512.23,78692.01,78483.73,78673.85,74.63531,2026-09-11 15:15:00+00:00
1789140000000,78673.86,78739.91,78586.0,78696.38,53.99151,2026-09-11 15:20:00+00:00
1789140300000,78696.39,78780.63,78662.21,78720.76,62.47532,2026-09-11 15:25:00+00:00
1789140600000,78720.75,78836.01,78693.28,78836.01,66.03367,2026-09-11 15:30:00+00:00
1789140900000,78836.01,78836.01,78666.66,78780.01,58.46311,2026-09-11 15:35:00+00:00
1789141200000,78780.01,78799.4,78652.0,78652.01,52.24675,2026-09-11 15:40:00+00:00
1789141500000,78652.0,78658.01,78536.0,78552.93,63.00498,2026-09-11 15:45:00+00:00
1789141800000,78552.93,78568.01,77500.0,77618.62,426.84045,2026-09-11 15:50:00+00:00
1789142100000,77618.62,77760.0,77303.0,77732.25,279.14376,2026-09-11 15:55:00+00:00
1789142400000,77732.25,78000.0,77661.27,77833.06,126.3278,2026-09-11 16:00:00+00:00
1789142700000,77833.07,78068.01,77833.07,77954.75,68.15662,2026-09-11 16:05:00+00:00
1789143000000,77954.75,77980.01,77789.89,77799.9,69.32707,2026-09-11 16:10:00+00:00
1789143300000,77799.9,77835.69,77520.0,77520.01,135.62634,2026-09-11 16:15:00+00:00
1789143600000,77520.01,77556.03,77381.88,77488.47,205.21528,2026-09-11 16:20:00+00:00
1789143900000,77488.46,77746.01,77484.0,77668.61,85.4956,2026-09-11 16:25:00+00:00
1789144200000,77668.61,77766.01,77542.0,77752.85,63.99858,2026-09-11 16:30:00+00:00
1789144500000,77752.84,77752.85,77638.0,77646.0,37.81351,2026-09-11 16:35:00+00:00
1789144800000,77646.01,77798.01,77634.0,77798.01,37.96205,2026-09-11 16:40:00+00:00
1789145100000,77798.01,77997.93,77798.0,77892.18,167.1627,2026-09-11 16:45:00+00:00
1789145400000,77892.18,77946.16,77856.0,77902.0,43.04379,2026-09-11 16:50:00+00:00
1789145700000,77902.01,77956.01,77840.01,77916.0,41.35182,2026-09-11 16:55:00+00:00
1789146000000,77916.0,77960.01,77821.84,77862.01,60.97652,2026-09-11 17:00:00+00:00
1789146300000,77862.01,77927.99,77788.0,77798.0,76.54483,2026-09-11 17:05:00+00:00
1789146600000,77798.01,77846.01,77753.0,77753.01,31.97376,2026-09-11 17:10:00+00:00
1789146900000,77753.01,77857.23,77753.0,77826.02,51.26057,2026-09-11 17:15:00+00:00
1789147200000,77827.08,77850.01,77702.0,77850.01,22.36716,2026-09-11 17:20:00+00:00
1789147500000,77850.0,77907.23,77830.0,77836.0,22.28179,2026-09-11 17:25:00+00:00
1789147800000,77836.01,77875.25,77800.0,77818.96,32.09538,2026-09-11 17:30:00+00:00
1789148100000,77818.96,77818.97,77580.0,77583.92,22.83559,2026-09-11 17:35:00+00:00
1789148400000,77583.92,77652.01,77576.0,77610.01,37.17242,2026-09-11 17:40:00+00:00
1789148700000,77610.0,77626.01,77576.21,77594.64,51.26462,2026-09-11 17:45:00+00:00
1789149000000,77594.64,77594.64,77503.58,77505.45,25.70818,2026-09-11 17:50:00+00:00
1789149300000,77505.44,77588.01,77490.34,77534.0,58.2069,2026-09-11 17:55:00+00:00
1789149600000,77534.0,77538.01,77100.0,77150.01,126.41023,2026-09-11 18:00:00+00:00
1789149900000,77150.01,77158.01,76883.0,77070.0,265.69624,2026-09-11 18:05:00+00:00
1789150200000,77070.01,77120.01,76978.0,77088.01,87.7122,2026-09-11 18:10:00+00:00
1789150500000,77088.01,77250.0,77060.0,77240.01,58.48515,2026-09-11 18:15:00+00:00
1789150800000,77240.0,77240.0,77113.98,77164.01,59.60273,2026-09-11 18:20:00+00:00
1789151100000,77164.01,77224.01,77092.0,77212.0,47.80212,2026-09-11 18:25:00+00:00
1789151400000,77212.0,77262.47,77154.0,77256.01,34.05312,2026-09-11 18:30:00+00:00
1789151700000,77256.0,77287.0,77191.27,77228.01,20.07063,2026-09-11 18:35:00+00:00
1789152000000,77228.01,77240.01,77100.2,77118.0,24.73768,2026-09-11 18:40:00+00:00
1789152300000,77118.01,77214.98,77037.36,77082.01,42.83639,2026-09-11 18:45:00+00:00
1789152600000,77082.0,77082.01,76951.77,76974.0,35.30295,2026-09-11 18:50:00+00:00
1789152900000,76974.01,77067.57,76966.0,77054.0,39.41468,2026-09-11 18:55:00+00:00
1789153200000,77054.0,77164.01,77006.0,77164.01,43.22505,2026-09-11 19:00:00+00:00
1789153500000,77164.01,77242.01,77164.01,77182.0,39.90104,2026-09-11 19:05:00+00:00
1789153800000,77182.01,77217.57,77118.01,77217.56,21.2675,2026-09-11 19:10:00+00:00
1789154100000,77217.56,77219.46,77088.0,77150.0,60.156,2026-09-11 19:15:00+00:00
1789154400000,77150.0,77266.66,77106.56,77265.38,25.81307,2026-09-11 19:20:00+00:00
1789154700000,77265.37,77292.83,77235.76,77235.76,22.6421,2026-09-11 19:25:00+00:00
1789155000000,77234.42,77240.01,77207.08,77232.01,25.94212,2026-09-11 19:30:00+00:00
1789155300000,77232.02,77274.39,77202.34,77271.83,57.36831,2026-09-11 19:35:00+00:00
1789155600000,77271.83,77328.02,77271.82,77306.65,32.23358,2026-09-11 19:40:00+00:00
1789155900000,77306.66,77326.76,77250.0,77324.0,25.92646,2026-09-11 19:45:00+00:00
1789156200000,77324.0,77372.01,77290.36,77358.76,29.68471,2026-09-11 19:50:00+00:00
1789156500000,77358.77,77368.0,77286.0,77286.01,37.28968,2026-09-11 19:55:00+00:00
1789156800000,77286.0,77447.19,77286.0,77442.69,60.61597,2026-09-11 20:00:00+00:00
1789157100000,77442.7,77463.53,77420.0,77420.01,17.4784,2026-09-11 20:05:00+00:00
1789157400000,77420.01,77504.01,77418.0,77458.9,25.71369,2026-09-11 20:10:00+00:00
1789157700000,77458.9,77458.9,77377.0,77380.0,21.71628,2026-09-11 20:15:00+00:00
1789158000000,77380.0,77429.84,77380.0,77427.35,9.82002,2026-09-11 20:20:00+00:00
1789158300000,77427.36,77446.01,77375.99,77384.0,29.71286,2026-09-11 20:25:00+00:00
1789158600000,77384.0,77384.01,77273.5,77368.0,31.32521,2026-09-11 20:30:00+00:00
1789158900000,77368.0,77438.02,77368.0,77438.01,14.31767,2026-09-11 20:35:00+00:00
1789159200000,77438.01,77458.01,77378.77,77408.0,33.70127,2026-09-11 20:40:00+00:00
1789159500000,77408.01,77411.28,77246.57,77263.04,17.5762,2026-09-11 20:45:00+00:00
1789159800000,77263.04,77318.01,77192.0,77277.9,48.28721,2026-09-11 20:50:00+00:00
1789160100000,77278.01,77358.01,77273.46,77339.33,12.06086,2026-09-11 20:55:00+00:00
1789160400000,77339.33,77348.01,77328.57,77348.0,7.66523,2026-09-11 21:00:00+00:00
1789160700000,77348.0,77400.0,77336.0,77396.21,20.15891,2026-09-11 21:05:00+00:00
1789161000000,77396.21,77424.01,77330.0,77362.68,23.6626,2026-09-11 21:10:00+00:00
1789161300000,77362.68,77406.0,77362.68,77400.86,6.82871,2026-09-11 21:15:00+00:00
1789161600000,77400.86,77407.42,77385.99,77407.41,28.67308,2026-09-11 21:20:00+00:00
1789161900000,77407.41,77422.71,77356.0,77361.18,18.09007,2026-09-11 21:25:00+00:00
1789162200000,77361.17,77368.0,77340.07,77368.0,13.34103,2026-09-11 21:30:00+00:00
1789162500000,77367.99,77390.0,77348.0,77388.01,12.20154,2026-09-11 21:35:00+00:00
1789162800000,77388.01,77396.01,77338.0,77340.01,14.97609,2026-09-11 21:40:00+00:00
1789163100000,77340.01,77348.01,77270.01,77272.01,7.87377,2026-09-11 21:45:00+00:00
1789163400000,77272.01,77272.01,77210.02,77228.03,25.33842,2026-09-11 21:50:00+00:00
1789163700000,77228.04,77228.04,77078.01,77108.01,44.09382,2026-09-11 21:55:00+00:00
1789164000000,77108.01,77164.01,76967.13,77164.01,119.79446,2026-09-11 22:00:00+00:00
1789164300000,77164.0,77172.01,77076.12,77076.12,33.82641,2026-09-11 22:05:00+00:00
1789164600000,77076.13,77184.0,77076.13,77184.0,23.44197,2026-09-11 22:10:00+00:00
1789164900000,77184.0,77192.01,77114.6,77189.71,46.80285,2026-09-11 22:15:00+00:00
1789165200000,77189.71,77225.2,77172.84,77189.99,34.29008,2026-09-11 22:20:00+00:00
1789165500000,77190.0,77231.31,77100.33,77120.47,214.97677,2026-09-11 22:25:00+00:00
1789165800000,77120.0,77150.52,77000.0,77020.7,38.21397,2026-09-11 22:30:00+00:00
1789166100000,77020.7,77170.01,76996.0,77166.01,48.00218,2026-09-11 22:35:00+00:00
1789166400000,77166.01,77200.01,77102.0,77118.11,44.90579,2026-09-11 22:40:00+00:00
1789166700000,77118.1,77118.11,77052.26,77052.27,19.67365,2026-09-11 22:45:00+00:00
1789167000000,77052.26,77115.01,76994.22,77079.15,173.57814,2026-09-11 22:50:00+00:00
1789167300000,77079.15,77171.0,77057.82,77150.0,302.85497,2026-09-11 22:55:00+00:00
1789167600000,77150.0,77198.01,77129.76,77198.01,26.65287,2026-09-11 23:00:00+00:00
1789167900000,77198.01,77204.01,77144.17,77197.58,53.27802,2026-09-11 23:05:00+00:00
1789168200000,77197.58,77210.0,77119.68,77119.69,239.87502,2026-09-11 23:10:00+00:00
1789168500000,77119.69,77156.01,77119.68,77150.84,14.30497,2026-09-11 23:15:00+00:00
1789168800000,77150.01,77161.63,77142.54,77156.01,62.44383,2026-09-11 23:20:00+00:00
1789169100000,77156.01,77190.01,77156.0,77190.0,11.75095,2026-09-11 23:25:00+00:00
1789169400000,77190.0,77204.01,77190.0,77200.0,6.97174,2026-09-11 23:30:00+00:00
1789169700000,77200.01,77214.34,77200.0,77200.01,10.14775,2026-09-11 23:35:00+00:00
1789170000000,77200.01,77220.0,77152.01,77184.01,34.6543,2026-09-11 23:40:00+00:00
1789170300000,77184.02,77209.8,77173.04,77174.07,45.6537,2026-09-11 23:45:00+00:00
1789170600000,77174.06,77196.56,77172.84,77192.01,8.44512,2026-09-11 23:50:00+00:00
1789170900000,77192.01,77225.71,77192.0,77225.7,21.54244,2026-09-11 23:55:00+00:00
1789171200000,77225.71,77300.01,77207.65,77300.01,86.34145,2026-09-12 00:00:00+00:00
1789171500000,77300.0,77304.29,77266.0,77303.05,25.75247,2026-09-12 00:05:00+00:00
1789171800000,77303.06,77304.07,77281.48,77304.07,92.16458,2026-09-12 00:10:00+00:00
1789172100000,77304.06,77308.0,77288.0,77305.1,12.84281,2026-09-12 00:15:00+00:00
1789172400000,77305.1,77305.11,77286.0,77300.53,13.14366,2026-09-12 00:20:00+00:00
1789172700000,77300.53,77305.11,77279.9,77279.91,13.94679,2026-09-12 00:25:00+00:00
1789173000000,77279.91,77280.01,77248.13,77280.01,16.16137,2026-09-12 00:30:00+00:00
1789173300000,77280.0,77280.01,77250.8,77262.29,10.84355,2026-09-12 00:35:00+00:00
1789173600000,77262.3,77290.01,77262.29,77288.76,7.09241,2026-09-12 00:40:00+00:00
1789173900000,77288.77,77288.77,77280.29,77286.78,11.65058,2026-09-12 00:45:00+00:00
1789174200000,77286.79,77319.77,77276.0,77319.76,8.03162,2026-09-12 00:50:00+00:00
1789174500000,77319.77,77320.0,77287.43,77287.43,16.37262,2026-09-12 00:55:00+00:00
1789174800000,77287.43,77291.22,77262.29,77291.21,21.57489,2026-09-12 01:00:00+00:00
1789175100000,77291.21,77348.01,77291.21,77348.0,14.23748,2026-09-12 01:05:00+00:00
1789175400000,77348.0,77365.88,77348.0,77365.88,8.09763,2026-09-12 01:10:00+00:00
1789175700000,77365.87,77378.37,77364.28,77364.29,7.75067,2026-09-12 01:15:00+00:00
1789176000000,77364.28,77364.29,77325.99,77328.5,21.10377,2026-09-12 01:20:00+00:00
1789176300000,77328.49,77329.72,77300.0,77329.08,21.34507,2026-09-12 01:25:00+00:00
1789176600000,77329.61,77329.61,77319.99,77322.02,12.56787,2026-09-12 01:30:00+00:00
1789176900000,77322.01,77322.02,77264.01,77294.92,23.49175,2026-09-12 01:35:00+00:00
1789177200000,77294.92,77315.46,77274.0,77277.03,7.38292,2026-09-12 01:40:00+00:00
1789177500000,77277.02,77315.71,77277.02,77315.7,13.64349,2026-09-12 01:45:00+00:00
1789177800000,77315.71,77337.61,77272.0,77288.39,24.49945,2026-09-12 01:50:00+00:00
1789178100000,77288.4,77290.01,77272.36,77272.37,11.12381,2026-09-12 01:55:00+00:00
1789178400000,77272.36,77304.01,77272.36,77292.01,12.1107,2026-09-12 02:00:00+00:00
1789178700000,77292.01,77319.97,77292.0,77319.97,7.32247,2026-09-12 02:05:00+00:00
1789179000000,77319.96,77319.97,77306.0,77306.01,5.32857,2026-09-12 02:10:00+00:00
1789179300000,77306.01,77306.01,77306.0,77306.0,3.08411,2026-09-12 02:15:00+00:00
1789179600000,77306.0,77322.27,77306.0,77322.27,7.06277,2026-09-12 02:20:00+00:00
1789179900000,77322.26,77322.27,77286.0,77286.09,11.43149,2026-09-12 02:25:00+00:00
1789180200000,77286.09,77286.89,77264.01,77264.02,7.82941,2026-09-12 02:30:00+00:00
1789180500000,77264.01,77286.49,77220.0,77243.36,44.60662,2026-09-12 02:35:00+00:00
1789180800000,77243.36,77278.01,77226.01,77234.72,63.56393,2026-09-12 02:40:00+00:00
1789181100000,77234.73,77260.0,77220.0,77260.0,16.76142,2026-09-12 02:45:00+00:00
1789181400000,77260.0,77270.0,77237.16,77258.85,14.75904,2026-09-12 02:50:00+00:00
1789181700000,77258.85,77311.98,77229.96,77288.0,113.59206,2026-09-12 02:55:00+00:00
1789182000000,77288.01,77307.97,77250.89,77307.97,12.54956,2026-09-12 03:00:00+00:00
1789182300000,77307.97,77347.82,77276.81,77280.0,26.32351,2026-09-12 03:05:00+00:00
1789182600000,77280.0,77314.01,77271.24,77281.03,38.87108,2026-09-12 03:10:00+00:00
1789182900000,77281.02,77309.11,77274.86,77298.5,21.02518,2026-09-12 03:15:00+00:00
1789183200000,77298.5,77298.5,77229.99,77244.01,41.48148,2026-09-12 03:20:00+00:00
1789183500000,77244.01,77287.69,77240.0,77287.69,54.21012,2026-09-12 03:25:00+00:00
1789183800000,77287.69,77290.01,77274.0,77274.01,7.61512,2026-09-12 03:30:00+00:00
1789184100000,77274.01,77274.01,77264.64,77264.65,4.80227,2026-09-12 03:35:00+00:00
1789184400000,77264.64,77264.65,77244.0,77246.01,13.81322,2026-09-12 03:40:00+00:00
1789184700000,77246.01,77248.99,77238.0,77246.43,15.60232,2026-09-12 03:45:00+00:00
1789185000000,77246.44,77268.09,77246.43,77268.09,4.4987,2026-09-12 03:50:00+00:00
1789185300000,77268.08,77268.09,77268.08,77268.09,1.41712,2026-09-12 03:55:00+00:00
1789185600000,77268.09,77303.02,77268.08,77303.02,11.87756,2026-09-12 04:00:00+00:00
1789185900000,77303.01,77314.01,77302.92,77302.92,4.77201,2026-09-12 04:05:00+00:00
1789186200000,77302.93,77302.93,77294.0,77294.0,3.81532,2026-09-12 04:10:00+00:00
1789186500000,77294.01,77294.01,77234.41,77234.49,16.79486,2026-09-12 04:15:00+00:00
1789186800000,77234.49,77255.5,77226.07,77234.41,23.7898,2026-09-12 04:20:00+00:00
1789187100000,77234.42,77252.01,77232.98,77252.01,5.61254,2026-09-12 04:25:00+00:00
1789187400000,77252.01,77278.13,77252.0,77278.12,4.54369,2026-09-12 04:30:00+00:00
1789187700000,77278.13,77293.77,77278.12,77293.76,6.74449,2026-09-12 04:35:00+00:00
1789188000000,77293.77,77293.77,77219.99,77251.5,280.12527,2026-09-12 04:40:00+00:00
1789188300000,77251.5,77258.36,77215.86,77256.01,19.25902,2026-09-12 04:45:00+00:00
1789188600000,77256.02,77256.02,77242.0,77242.0,4.9584,2026-09-12 04:50:00+00:00
1789188900000,77242.01,77242.01,77222.74,77222.75,10.55642,2026-09-12 04:55:00+00:00
1789189200000,77222.75,77222.75,77200.0,77200.01,17.95144,2026-09-12 05:00:00+00:00
1789189500000,77200.01,77200.01,77168.07,77182.34,18.16071,2026-09-12 05:05:00+00:00
1789189800000,77182.35,77257.99,77164.06,77233.78,376.52544,2026-09-12 05:10:00+00:00
1789190100000,77233.78,77241.74,77196.0,77241.74,27.43887,2026-09-12 05:15:00+00:00
1789190400000,77241.73,77252.01,77208.0,77235.76,56.96003,2026-09-12 05:20:00+00:00
1789190700000,77235.77,77258.01,77202.0,77202.01,112.00152,2026-09-12 05:25:00+00:00
1789191000000,77202.0,77243.82,77201.38,77243.81,16.58975,2026-09-12 05:30:00+00:00
1789191300000,77243.81,77260.01,77231.5,77240.35,22.29533,2026-09-12 05:35:00+00:00
1789191600000,77240.25,77245.88,77232.78,77240.0,12.33971,2026-09-12 05:40:00+00:00
1789191900000,77239.99,77240.0,77239.99,77239.99,4.25585,2026-09-12 05:45:00+00:00
1789192200000,77240.0,77260.8,77239.86,77239.87,28.99082,2026-09-12 05:50:00+00:00
1789192500000,77239.86,77242.74,77218.0,77218.0,273.21903,2026-09-12 05:55:00+00:00
1789192800000,77218.0,77218.01,77207.24,77215.13,7.72423,2026-09-12 06:00:00+00:00
1789193100000,77215.12,77215.13,77199.99,77207.03,20.03368,2026-09-12 06:05:00+00:00
1789193400000,77207.03,77229.44,77207.02,77209.94,11.65433,2026-09-12 06:10:00+00:00
1789193700000,77209.95,77230.01,77209.94,77230.01,6.66143,2026-09-12 06:15:00+00:00
1789194000000,77230.0,77230.01,77230.0,77230.01,4.98725,2026-09-12 06:20:00+00:00
1789194300000,77230.0,77239.01,77230.0,77239.0,7.53597,2026-09-12 06:25:00+00:00
1789194600000,77239.01,77289.39,77239.0,77268.01,25.99918,2026-09-12 06:30:00+00:00
1789194900000,77268.01,77284.0,77258.09,77284.0,9.79951,2026-09-12 06:35:00+00:00
1789195200000,77283.99,77316.41,77283.99,77316.41,12.53726,2026-09-12 06:40:00+00:00
1789195500000,77316.4,77359.2,77312.0,77328.05,20.65763,2026-09-12 06:45:00+00:00
1789195800000,77328.04,77328.05,77304.86,77310.01,9.52326,2026-09-12 06:50:00+00:00
1789196100000,77310.01,77310.01,77289.71,77289.73,11.34716,2026-09-12 06:55:00+00:00
1789196400000,77289.73,77324.01,77289.72,77324.0,22.71249,2026-09-12 07:00:00+00:00
1789196700000,77324.01,77347.99,77324.0,77347.99,15.24657,2026-09-12 07:05:00+00:00
1789197000000,77347.98,77347.99,77342.0,77342.54,16.15184,2026-09-12 07:10:00+00:00
1789197300000,77342.55,77343.95,77324.0,77324.0,21.7427,2026-09-12 07:15:00+00:00
1789197600000,77324.01,77342.01,77324.0,77332.35,21.10462,2026-09-12 07:20:00+00:00
1789197900000,77332.35,77332.35,77310.09,77311.1,25.67146,2026-09-12 07:25:00+00:00
1789198200000,77311.1,77311.1,77295.61,77300.0,28.06348,2026-09-12 07:30:00+00:00
1789198500000,77300.0,77300.01,77286.44,77286.44,25.43418,2026-09-12 07:35:00+00:00
1789198800000,77286.44,77286.86,77284.0,77286.48,24.20903,2026-09-12 07:40:00+00:00
1789199100000,77286.48,77286.49,77266.0,77282.01,25.34869,2026-09-12 07:45:00+00:00
1789199400000,77282.01,77298.87,77282.0,77290.82,21.61848,2026-09-12 07:50:00+00:00
1789199700000,77290.82,77294.55,77269.53,77269.55,112.84435,2026-09-12 07:55:00+00:00
1789200000000,77269.54,77305.16,77269.54,77295.01,41.98199,2026-09-12 08:00:00+00:00
1789200300000,77295.0,77333.51,77293.39,77333.51,31.48502,2026-09-12 08:05:00+00:00
1789200600000,77333.51,77351.3,77270.0,77296.01,53.66696,2026-09-12 08:10:00+00:00
1789200900000,77296.01,77345.88,77296.0,77315.23,23.93804,2026-09-12 08:15:00+00:00
1789201200000,77315.24,77340.01,77315.06,77315.07,69.89447,2026-09-12 08:20:00+00:00
1789201500000,77315.07,77315.07,77303.52,77303.53,5.91353,2026-09-12 08:25:00+00:00
1789201800000,77303.53,77310.0,77303.52,77310.0,6.50624,2026-09-12 08:30:00+00:00
1789202100000,77310.0,77350.84,77309.99,77350.83,18.64533,2026-09-12 08:35:00+00:00
1789202400000,77350.83,77350.84,77350.83,77350.83,3.08877,2026-09-12 08:40:00+00:00
1789202700000,77350.83,77360.84,77350.83,77360.83,5.75912,2026-09-12 08:45:00+00:00
1789203000000,77360.83,77374.01,77351.42,77351.43,12.2265,2026-09-12 08:50:00+00:00
1789203300000,77351.42,77360.01,77342.26,77360.01,12.53365,2026-09-12 08:55:00+00:00
1789203600000,77360.0,77368.01,77343.7,77368.01,12.60939,2026-09-12 09:00:00+00:00
1789203900000,77368.0,77380.0,77346.55,77350.27,14.11284,2026-09-12 09:05:00+00:00
1789204200000,77350.27,77368.01,77350.0,77366.01,22.70663,2026-09-12 09:10:00+00:00
1789204500000,77366.0,77382.71,77358.01,77363.45,17.6943,2026-09-12 09:15:00+00:00
1789204800000,77363.46,77383.43,77350.0,77383.42,26.40459,2026-09-12 09:20:00+00:00
1789205100000,77383.43,77383.7,77356.0,77383.69,54.51722,2026-09-12 09:25:00+00:00
1789205400000,77383.69,77386.76,77349.99,77350.0,30.03249,2026-09-12 09:30:00+00:00
1789205700000,77350.0,77374.01,77335.99,77369.37,27.49453,2026-09-12 09:35:00+00:00
1789206000000,77369.38,77380.0,77339.99,77339.99,38.68079,2026-09-12 09:40:00+00:00
1789206300000,77340.0,77350.53,77339.99,77341.01,16.37957,2026-09-12 09:45:00+00:00
1789206600000,77341.0,77369.81,77335.14,77335.15,19.0398,2026-09-12 09:50:00+00:00
1789206900000,77335.15,77349.44,77335.14,77349.44,14.58213,2026-09-12 09:55:00+00:00
1789207200000,77349.44,77389.5,77349.43,77386.0,32.47301,2026-09-12 10:00:00+00:00
1789207500000,77386.01,77400.75,77386.0,77398.01,9.57105,2026-09-12 10:05:00+00:00
1789207800000,77398.0,77398.01,77398.0,77398.0,5.07842,2026-09-12 10:10:00+00:00
1789208100000,77398.0,77398.01,77389.62,77389.63,3.56891,2026-09-12 10:15:00+00:00
1789208400000,77389.63,77389.63,77380.1,77380.11,4.31271,2026-09-12 10:20:00+00:00
1789208700000,77380.1,77380.11,77380.1,77380.1,1.64712,2026-09-12 10:25:00+00:00
1789209000000,77380.1,77380.11,77361.19,77361.19,17.39024,2026-09-12 10:30:00+00:00
1789209300000,77361.2,77362.13,77350.88,77362.13,30.75507,2026-09-12 10:35:00+00:00
1789209600000,77362.12,77376.01,77362.12,77374.0,11.80879,2026-09-12 10:40:00+00:00
1789209900000,77374.0,77376.86,77356.0,77356.0,20.06134,2026-09-12 10:45:00+00:00
1789210200000,77356.01,77356.01,77315.19,77315.19,27.04712,2026-09-12 10:50:00+00:00
1789210500000,77315.2,77351.59,77310.55,77332.94,18.66074,2026-09-12 10:55:00+00:00
1789210800000,77332.94,77345.45,77310.51,77334.01,35.98863,2026-09-12 11:00:00+00:00
1789211100000,77334.0,77334.01,77307.08,77307.09,19.6808,2026-09-12 11:05:00+00:00
1789211400000,77307.08,77330.0,77307.08,77327.51,15.86956,2026-09-12 11:10:00+00:00
1789211700000,77327.51,77327.52,77299.99,77300.0,15.50048,2026-09-12 11:15:00+00:00
1789212000000,77300.0,77308.01,77298.35,77298.48,10.44616,2026-09-12 11:20:00+00:00
1789212300000,77298.48,77298.48,77292.0,77292.27,3.89507,2026-09-12 11:25:00+00:00
1789212600000,77292.28,77300.0,77292.27,77299.99,2.75158,2026-09-12 11:30:00+00:00
1789212900000,77300.0,77325.76,77299.99,77322.24,15.57073,2026-09-12 11:35:00+00:00
1789213200000,77322.23,77342.19,77314.8,77342.19,15.64211,2026-09-12 11:40:00+00:00
1789213500000,77342.19,77346.23,77342.18,77346.23,2.86637,2026-09-12 11:45:00+00:00
1789213800000,77346.22,77356.01,77346.22,77356.01,3.2819,2026-09-12 11:50:00+00:00
1789214100000,77356.01,77356.05,77356.0,77356.04,8.04978,2026-09-12 11:55:00+00:00
1789214400000,77356.05,77360.77,77350.02,77350.03,18.72632,2026-09-12 12:00:00+00:00
1789214700000,77350.03,77360.49,77350.02,77360.49,7.19622,2026-09-12 12:05:00+00:00
1789215000000,77360.49,77360.49,77330.0,77330.0,18.56766,2026-09-12 12:10:00+00:00
1789215300000,77330.01,77339.47,77315.98,77315.98,17.43336,2026-09-12 12:15:00+00:00
1789215600000,77315.98,77315.99,77315.98,77315.99,6.94555,2026-09-12 12:20:00+00:00
1789215900000,77315.99,77336.01,77315.98,77328.01,6.86667,2026-09-12 12:25:00+00:00
1789216200000,77328.01,77329.59,77328.0,77329.59,3.78571,2026-09-12 12:30:00+00:00
1789216500000,77329.58,77339.9,77329.58,77339.89,5.65348,2026-09-12 12:35:00+00:00
1789216800000,77339.9,77344.01,77319.92,77319.98,72.31026,2026-09-12 12:40:00+00:00
1789217100000,77319.98,77340.01,77319.98,77328.38,13.61095,2026-09-12 12:45:00+00:00
1789217400000,77328.39,77328.39,77290.0,77300.0,30.38784,2026-09-12 12:50:00+00:00
1789217700000,77300.0,77350.01,77290.0,77340.0,138.80836,2026-09-12 12:55:00+00:00
1789218000000,77340.01,77340.01,77309.02,77336.0,15.27225,2026-09-12 13:00:00+00:00
1789218300000,77336.0,77397.27,77334.98,77368.95,43.28174,2026-09-12 13:05:00+00:00
1789218600000,77368.95,77368.96,77309.99,77309.99,247.15307,2026-09-12 13:10:00+00:00
1789218900000,77309.99,77314.01,77270.0,77304.91,62.80087,2026-09-12 13:15:00+00:00
1789219200000,77304.91,77304.92,77280.0,77280.01,41.33524,2026-09-12 13:20:00+00:00
1789219500000,77280.0,77330.01,77255.19,77318.76,260.95611,2026-09-12 13:25:00+00:00
1789219800000,77318.76,77319.04,77270.0,77319.03,47.8519,2026-09-12 13:30:00+00:00
1789220100000,77319.03,77319.04,77292.0,77294.01,23.13734,2026-09-12 13:35:00+00:00
1789220400000,77294.01,77322.0,77289.97,77296.04,185.99776,2026-09-12 13:40:00+00:00
1789220700000,77296.03,77301.24,77277.79,77301.24,45.45606,2026-09-12 13:45:00+00:00
1789221000000,77301.23,77330.01,77301.23,77329.81,24.25141,2026-09-12 13:50:00+00:00
1789221300000,77329.82,77366.53,77329.81,77366.52,26.19824,2026-09-12 13:55:00+00:00
1789221600000,77366.52,77366.53,77366.0,77366.0,20.12353,2026-09-12 14:00:00+00:00
1789221900000,77366.0,77377.08,77366.0,77377.07,11.33937,2026-09-12 14:05:00+00:00
1789222200000,77377.08,77377.08,77368.94,77368.94,14.72965,2026-09-12 14:10:00+00:00
1789222500000,77368.95,77368.95,77368.94,77368.94,4.75797,2026-09-12 14:15:00+00:00
1789222800000,77368.94,77399.06,77368.94,77383.42,24.57693,2026-09-12 14:20:00+00:00
1789223100000,77383.43,77420.85,77383.42,77420.83,27.08319,2026-09-12 14:25:00+00:00
1789223400000,77420.83,77471.53,77420.83,77440.01,40.78334,2026-09-12 14:30:00+00:00
1789223700000,77440.0,77472.2,77440.0,77472.2,17.52913,2026-09-12 14:35:00+00:00
1789224000000,77472.2,77481.17,77454.0,77454.01,35.15375,2026-09-12 14:40:00+00:00
1789224300000,77454.01,77487.04,77454.0,77487.04,13.67913,2026-09-12 14:45:00+00:00
1789224600000,77487.03,77505.67,77482.73,77482.74,19.05823,2026-09-12 14:50:00+00:00
1789224900000,77482.73,77482.74,77460.0,77461.24,10.86779,2026-09-12 14:55:00+00:00
1789225200000,77461.25,77463.77,77452.0,77452.0,16.9822,2026-09-12 15:00:00+00:00
1789225500000,77452.0,77452.01,77431.18,77431.18,14.29031,2026-09-12 15:05:00+00:00
1789225800000,77431.18,77435.01,77412.52,77435.0,32.18533,2026-09-12 15:10:00+00:00
1789226100000,77435.01,77476.05,77434.45,77447.67,21.31706,2026-09-12 15:15:00+00:00
1789226400000,77447.66,77447.84,77434.45,77447.84,15.27266,2026-09-12 15:20:00+00:00
1789226700000,77447.83,77479.99,77447.83,77453.21,26.33353,2026-09-12 15:25:00+00:00
1789227000000,77453.21,77453.22,77400.16,77401.39,19.50458,2026-09-12 15:30:00+00:00
1789227300000,77401.39,77430.01,77376.0,77430.0,23.54739,2026-09-12 15:35:00+00:00
1789227600000,77430.01,77430.01,77403.3,77403.3,12.99676,2026-09-12 15:40:00+00:00
1789227900000,77403.31,77410.27,77380.0,77380.0,27.23843,2026-09-12 15:45:00+00:00
1789228200000,77380.01,77398.0,77380.0,77386.6,16.97961,2026-09-12 15:50:00+00:00
1789228500000,77386.6,77438.01,77380.37,77380.37,38.43757,2026-09-12 15:55:00+00:00
1789228800000,77380.38,77410.96,77380.37,77410.95,6.51823,2026-09-12 16:00:00+00:00
1789229100000,77410.95,77414.01,77344.0,77362.0,35.15564,2026-09-12 16:05:00+00:00
1789229400000,77362.0,77365.41,77361.98,77361.99,9.39034,2026-09-12 16:10:00+00:00
1789229700000,77361.99,77374.01,77361.98,77374.0,6.95825,2026-09-12 16:15:00+00:00
1789230000000,77374.0,77378.02,77374.0,77378.01,6.39696,2026-09-12 16:20:00+00:00
1789230300000,77378.02,77378.02,77378.01,77378.01,11.08249,2026-09-12 16:25:00+00:00
1789230600000,77378.02,77380.01,77378.01,77380.0,3.88493,2026-09-12 16:30:00+00:00
1789230900000,77380.01,77380.01,77356.0,77356.0,13.03962,2026-09-12 16:35:00+00:00
1789231200000,77356.01,77368.01,77355.96,77355.96,13.04569,2026-09-12 16:40:00+00:00
1789231500000,77355.96,77361.66,77344.0,77359.49,14.41748,2026-09-12 16:45:00+00:00
1789231800000,77359.48,77359.49,77344.0,77344.0,8.43003,2026-09-12 16:50:00+00:00
1789232100000,77344.01,77372.01,77336.0,77358.01,30.8585,2026-09-12 16:55:00+00:00
1789232400000,77358.0,77384.54,77345.84,77381.55,32.95564,2026-09-12 17:00:00+00:00
1789232700000,77381.56,77404.37,77381.55,77394.01,32.69566,2026-09-12 17:05:00+00:00
1789233000000,77394.01,77394.01,77351.99,77353.25,13.80078,2026-09-12 17:10:00+00:00
1789233300000,77353.25,77357.28,77318.7,77321.11,17.3779,2026-09-12 17:15:00+00:00
1789233600000,77321.11,77321.12,77266.86,77288.09,27.70239,2026-09-12 17:20:00+00:00
1789233900000,77288.09,77288.09,77288.07,77288.07,15.93973,2026-09-12 17:25:00+00:00
1789234200000,77288.08,77288.08,77260.0,77270.0,16.00929,2026-09-12 17:30:00+00:00
1789234500000,77270.01,77270.01,77225.35,77225.36,13.03234,2026-09-12 17:35:00+00:00
1789234800000,77225.35,77232.22,77217.33,77232.22,14.4005,2026-09-12 17:40:00+00:00
1789235100000,77232.22,77232.23,77190.51,77192.0,37.02436,2026-09-12 17:45:00+00:00
1789235400000,77192.0,77192.01,77170.57,77188.55,18.74299,2026-09-12 17:50:00+00:00
1789235700000,77188.55,77210.59,77188.55,77210.58,9.56677,2026-09-12 17:55:00+00:00
1789236000000,77210.58,77210.59,77190.0,77190.01,21.20645,2026-09-12 18:00:00+00:00
1789236300000,77190.0,77216.01,77189.91,77210.93,19.59866,2026-09-12 18:05:00+00:00
1789236600000,77210.93,77210.94,77168.89,77168.9,23.97054,2026-09-12 18:10:00+00:00
1789236900000,77168.89,77182.92,77125.03,77130.95,33.27784,2026-09-12 18:15:00+00:00
1789237200000,77130.94,77206.01,77130.94,77188.09,26.20226,2026-09-12 18:20:00+00:00
1789237500000,77188.08,77196.0,77170.39,77195.99,11.78072,2026-09-12 18:25:00+00:00
1789237800000,77196.0,77196.76,77156.23,77159.19,18.71235,2026-09-12 18:30:00+00:00
1789238100000,77159.19,77166.0,77125.03,77165.99,21.74393,2026-09-12 18:35:00+00:00
1789238400000,77166.0,77180.0,77161.64,77179.99,7.57855,2026-09-12 18:40:00+00:00
1789238700000,77179.99,77189.16,77173.33,77173.34,20.47702,2026-09-12 18:45:00+00:00
1789239000000,77173.33,77173.34,77144.0,77144.0,12.1152,2026-09-12 18:50:00+00:00
1789239300000,77144.0,77159.87,77130.99,77131.0,58.46961,2026-09-12 18:55:00+00:00
1789239600000,77131.0,77168.01,77130.99,77168.0,48.69393,2026-09-12 19:00:00+00:00
1789239900000,77168.0,77184.75,77140.0,77140.01,29.61308,2026-09-12 19:05:00+00:00
1789240200000,77140.01,77178.14,77132.0,77178.14,105.29425,2026-09-12 19:10:00+00:00
1789240500000,77178.13,77178.14,77152.83,77153.33,13.79967,2026-09-12 19:15:00+00:00
1789240800000,77153.34,77167.01,77137.61,77148.71,106.07045,2026-09-12 19:20:00+00:00
1789241100000,77148.71,77186.01,77121.78,77121.79,149.88405,2026-09-12 19:25:00+00:00
1789241400000,77121.79,77143.11,77100.0,77143.1,42.09543,2026-09-12 19:30:00+00:00
1789241700000,77143.1,77143.11,77065.0,77065.01,35.07776,2026-09-12 19:35:00+00:00
1789242000000,77065.0,77096.01,77059.75,77070.0,48.37162,2026-09-12 19:40:00+00:00
1789242300000,77070.01,77126.01,77070.01,77116.69,24.90798,2026-09-12 19:45:00+00:00
1789242600000,77116.68,77116.69,77116.68,77116.69,9.11689,2026-09-12 19:50:00+00:00
1789242900000,77116.68,77154.01,77114.83,77114.99,118.39044,2026-09-12 19:55:00+00:00
1789243200000,77115.0,77170.01,77114.99,77165.48,32.94964,2026-09-12 20:00:00+00:00
1789243500000,77165.48,77188.01,77165.47,77188.0,72.58641,2026-09-12 20:05:00+00:00
1789243800000,77188.0,77188.01,77179.5,77181.95,12.57063,2026-09-12 20:10:00+00:00
1789244100000,77181.96,77190.01,77167.73,77167.73,13.62557,2026-09-12 20:15:00+00:00
1789244400000,77167.73,77176.92,77162.0,77174.65,12.25421,2026-09-12 20:20:00+00:00
1789244700000,77174.65,77194.0,77172.19,77194.0,6.48246,2026-09-12 20:25:00+00:00
1789245000000,77194.0,77196.75,77180.0,77180.26,12.8437,2026-09-12 20:30:00+00:00
1789245300000,77180.26,77180.27,77164.01,77164.01,10.8189,2026-09-12 20:35:00+00:00
1789245600000,77164.02,77207.73,77164.01,77180.01,21.23362,2026-09-12 20:40:00+00:00
1789245900000,77180.0,77205.73,77180.0,77205.73,112.55539,2026-09-12 20:45:00+00:00
1789246200000,77205.72,77227.71,77164.24,77164.24,31.83638,2026-09-12 20:50:00+00:00
1789246500000,77164.24,77170.01,77162.0,77170.0,23.43521,2026-09-12 20:55:00+00:00
1789246800000,77170.0,77212.01,77166.01,77208.19,31.82744,2026-09-12 21:00:00+00:00
1789247100000,77208.19,77231.71,77208.19,77231.7,18.19592,2026-09-12 21:05:00+00:00
1789247400000,77231.7,77237.1,77148.5,77165.52,49.10406,2026-09-12 21:10:00+00:00
1789247700000,77165.53,77171.4,77165.52,77171.01,17.27902,2026-09-12 21:15:00+00:00
1789248000000,77171.01,77179.94,77171.0,77179.94,8.07715,2026-09-12 21:20:00+00:00
1789248300000,77179.93,77206.01,77174.05,77206.01,31.6052,2026-09-12 21:25:00+00:00
1789248600000,77206.01,77230.01,77206.0,77230.01,5.83473,2026-09-12 21:30:00+00:00
1789248900000,77230.0,77245.67,77230.0,77244.01,11.72403,2026-09-12 21:35:00+00:00
1789249200000,77244.01,77275.7,77237.44,77244.86,30.26505,2026-09-12 21:40:00+00:00
1789249500000,77244.86,77268.01,77210.6,77268.01,42.57834,2026-09-12 21:45:00+00:00
1789249800000,77268.0,77283.05,77216.84,77283.01,85.82677,2026-09-12 21:50:00+00:00
1789250100000,77283.0,77283.0,77236.0,77264.01,15.75913,2026-09-12 21:55:00+00:00
1789250400000,77264.0,77274.01,77221.62,77274.01,14.4709,2026-09-12 22:00:00+00:00
1789250700000,77274.0,77295.87,77215.37,77262.0,23.09235,2026-09-12 22:05:00+00:00
1789251000000,77262.01,77267.5,77227.74,77262.01,23.336,2026-09-12 22:10:00+00:00
1789251300000,77262.01,77270.01,77251.44,77270.01,12.44405,2026-09-12 22:15:00+00:00
1789251600000,77270.0,77300.0,77270.0,77298.75,16.6261,2026-09-12 22:20:00+00:00
1789251900000,77298.76,77298.76,77198.7,77202.01,31.03785,2026-09-12 22:25:00+00:00
1789252200000,77202.0,77240.0,77193.06,77212.0,22.40161,2026-09-12 22:30:00+00:00
1789252500000,77211.99,77212.01,77197.73,77204.22,8.56869,2026-09-12 22:35:00+00:00
1789252800000,77204.22,77205.46,77193.06,77193.07,6.0394,2026-09-12 22:40:00+00:00
1789253100000,77193.07,77208.01,77193.06,77208.0,2.81891,2026-09-12 22:45:00+00:00
1789253400000,77208.01,77242.12,77208.0,77242.11,3.16133,2026-09-12 22:50:00+00:00
1789253700000,77242.11,77242.12,77232.16,77232.17,3.38649,2026-09-12 22:55:00+00:00
1789254000000,77232.17,77252.78,77232.16,77252.78,3.25676,2026-09-12 23:00:00+00:00
1789254300000,77252.78,77277.32,77252.77,77273.0,6.91537,2026-09-12 23:05:00+00:00
1789254600000,77273.0,77273.0,77266.0,77272.61,9.7631,2026-09-12 23:10:00+00:00
1789254900000,77272.61,77282.01,77272.61,77272.62,3.35655,2026-09-12 23:15:00+00:00
1789255200000,77272.62,77272.62,77244.84,77246.07,6.93284,2026-09-12 23:20:00+00:00
1789255500000,77246.07,77251.65,77246.07,77251.65,1.84343,2026-09-12 23:25:00+00:00
1789255800000,77251.65,77251.65,77251.64,77251.65,1.19203,2026-09-12 23:30:00+00:00
1789256100000,77251.65,77251.65,77235.83,77242.62,7.18958,2026-09-12 23:35:00+00:00
1789256400000,77242.62,77262.03,77242.62,77246.01,7.51041,2026-09-12 23:40:00+00:00
1789256700000,77246.0,77264.01,77246.0,77264.01,2.6705,2026-09-12 23:45:00+00:00
1789257000000,77264.01,77292.83,77264.0,77278.88,5.06714,2026-09-12 23:50:00+00:00
1789257300000,77278.89,77286.82,77278.72,77278.73,11.64397,2026-09-12 23:55:00+00:00
1789257600000,77278.73,77282.04,77266.0,77282.04,7.05101,2026-09-13 00:00:00+00:00
1789257900000,77282.04,77282.04,77282.03,77282.03,3.27249,2026-09-13 00:05:00+00:00
1789258200000,77282.04,77299.99,77274.18,77274.19,8.01673,2026-09-13 00:10:00+00:00
1789258500000,77274.18,77274.19,77274.18,77274.19,3.1469,2026-09-13 00:15:00+00:00
1789258800000,77274.18,77274.19,77268.0,77268.01,3.7204,2026-09-13 00:20:00+00:00
1789259100000,77268.01,77276.01,77268.0,77270.31,3.75729,2026-09-13 00:25:00+00:00
1789259400000,77270.3,77270.31,77270.3,77270.3,3.91995,2026-09-13 00:30:00+00:00
1789259700000,77270.31,77270.31,77270.3,77270.31,1.32197,2026-09-13 00:35:00+00:00
1789260000000,77270.31,77270.31,77162.36,77210.65,43.66777,2026-09-13 00:40:00+00:00
1789260300000,77210.65,77239.68,77210.65,77238.43,5.10217,2026-09-13 00:45:00+00:00
1789260600000,77238.43,77282.01,77238.43,77276.01,17.3585,2026-09-13 00:50:00+00:00
1789260900000,77276.01,77276.02,77276.01,77276.02,1.84323,2026-09-13 00:55:00+00:00
1789261200000,77276.02,77280.77,77262.7,77262.71,5.28633,2026-09-13 01:00:00+00:00
1789261500000,77262.7,77276.77,77254.0,77271.36,8.70725,2026-09-13 01:05:00+00:00
1789261800000,77271.35,77295.68,77249.99,77272.84,109.13594,2026-09-13 01:10:00+00:00
1789262100000,77272.84,77295.68,77270.0,77295.67,31.01178,2026-09-13 01:15:00+00:00
1789262400000,77295.68,77341.37,77290.0,77334.02,17.07817,2026-09-13 01:20:00+00:00
1789262700000,77334.01,77334.02,77254.49,77254.5,86.68633,2026-09-13 01:25:00+00:00
1789263000000,77254.5,77254.5,77241.51,77241.51,4.08695,2026-09-13 01:30:00+00:00
1789263300000,77241.51,77281.31,77241.51,77281.31,12.93653,2026-09-13 01:35:00+00:00
1789263600000,77281.31,77307.02,77281.31,77292.01,9.56359,2026-09-13 01:40:00+00:00
1789263900000,77292.01,77316.01,77289.96,77289.99,35.26984,2026-09-13 01:45:00+00:00
1789264200000,77290.0,77295.67,77289.99,77295.66,2.78853,2026-09-13 01:50:00+00:00
1789264500000,77295.67,77320.01,77282.47,77319.97,20.28381,2026-09-13 01:55:00+00:00
1789264800000,77319.97,77319.97,77300.0,77300.01,2.76321,2026-09-13 02:00:00+00:00
1789265100000,77300.01,77300.01,77280.0,77280.0,15.87374,2026-09-13 02:05:00+00:00
1789265400000,77280.01,77280.01,77280.0,77280.01,5.70431,2026-09-13 02:10:00+00:00
1789265700000,77280.01,77289.58,77280.0,77289.57,11.39642,2026-09-13 02:15:00+00:00
1789266000000,77289.57,77289.57,77282.81,77282.82,3.75433,2026-09-13 02:20:00+00:00
1789266300000,77282.81,77282.82,77247.98,77260.0,11.82481,2026-09-13 02:25:00+00:00
1789266600000,77260.01,77282.01,77256.01,77271.52,12.88688,2026-09-13 02:30:00+00:00
1789266900000,77271.53,77292.0,77257.0,77257.0,18.33401,2026-09-13 02:35:00+00:00
1789267200000,77257.01,77308.01,77244.78,77308.0,98.9297,2026-09-13 02:40:00+00:00
1789267500000,77308.0,77314.01,77306.13,77312.0,8.37027,2026-09-13 02:45:00+00:00
1789267800000,77312.01,77312.01,77279.74,77302.38,41.20852,2026-09-13 02:50:00+00:00
1789268100000,77302.38,77302.39,77289.96,77289.96,7.83949,2026-09-13 02:55:00+00:00
1789268400000,77289.97,77310.78,77278.0,77310.77,24.17543,2026-09-13 03:00:00+00:00
1789268700000,77310.77,77310.78,77285.99,77286.0,7.68902,2026-09-13 03:05:00+00:00
1789269000000,77286.0,77303.22,77269.99,77277.38,61.66785,2026-09-13 03:10:00+00:00
1789269300000,77277.38,77280.01,77277.37,77279.97,10.97428,2026-09-13 03:15:00+00:00
1789269600000,77279.98,77279.98,77279.96,77279.96,4.07762,2026-09-13 03:20:00+00:00
1789269900000,77279.97,77282.01,77244.8,77257.19,23.70295,2026-09-13 03:25:00+00:00
1789270200000,77257.2,77257.2,77223.06,77223.07,11.07881,2026-09-13 03:30:00+00:00
1789270500000,77223.07,77223.07,77202.0,77203.25,14.32097,2026-09-13 03:35:00+00:00
1789270800000,77203.25,77213.47,77203.24,77213.47,4.92316,2026-09-13 03:40:00+00:00
1789271100000,77213.47,77223.08,77192.69,77192.7,14.80893,2026-09-13 03:45:00+00:00
1789271400000,77192.69,77216.38,77192.0,77207.68,25.00306,2026-09-13 03:50:00+00:00
1789271700000,77207.69,77207.69,77184.01,77192.01,23.35556,2026-09-13 03:55:00+00:00
1789272000000,77192.0,77204.81,77192.0,77204.8,7.92663,2026-09-13 04:00:00+00:00
1789272300000,77204.81,77238.56,77204.8,77226.19,10.31565,2026-09-13 04:05:00+00:00
1789272600000,77226.19,77254.03,77194.0,77202.01,24.27109,2026-09-13 04:10:00+00:00
1789272900000,77202.01,77252.38,77202.0,77252.37,7.56377,2026-09-13 04:15:00+00:00
1789273200000,77252.37,77252.38,77224.6,77236.0,7.26195,2026-09-13 04:20:00+00:00
1789273500000,77236.0,77236.01,77216.99,77216.99,25.79105,2026-09-13 04:25:00+00:00
1789273800000,77217.0,77235.23,77216.99,77235.0,15.39792,2026-09-13 04:30:00+00:00
1789274100000,77235.0,77235.18,77214.0,77214.0,22.01798,2026-09-13 04:35:00+00:00
1789274400000,77214.01,77214.01,77214.0,77214.01,2.6422,2026-09-13 04:40:00+00:00
1789274700000,77214.01,77214.01,77214.0,77214.01,2.77399,2026-09-13 04:45:00+00:00
1789275000000,77214.01,77214.01,77209.99,77210.0,10.40837,2026-09-13 04:50:00+00:00
1789275300000,77210.0,77217.35,77189.84,77210.01,54.61278,2026-09-13 04:55:00+00:00
1789275600000,77210.0,77219.45,77210.0,77219.45,8.18002,2026-09-13 05:00:00+00:00
1789275900000,77219.45,77238.87,77219.44,77238.01,30.59786,2026-09-13 05:05:00+00:00
1789276200000,77238.0,77246.01,77234.36,77246.01,26.05236,2026-09-13 05:10:00+00:00
1789276500000,77246.0,77253.73,77246.0,77253.73,14.63775,2026-09-13 05:15:00+00:00
1789276800000,77253.73,77270.01,77253.72,77270.0,14.32181,2026-09-13 05:20:00+00:00
1789277100000,77270.01,77282.0,77270.0,77281.99,9.05507,2026-09-13 05:25:00+00:00
1789277400000,77282.0,77300.01,77281.99,77300.0,30.57885,2026-09-13 05:30:00+00:00
1789277700000,77300.01,77303.45,77299.95,77299.95,18.23261,2026-09-13 05:35:00+00:00
1789278000000,77299.96,77310.01,77299.95,77310.01,10.62853,2026-09-13 05:40:00+00:00
1789278300000,77310.01,77317.96,77310.0,77317.96,14.86566,2026-09-13 05:45:00+00:00
1789278600000,77317.96,77322.76,77317.95,77322.76,13.7061,2026-09-13 05:50:00+00:00
1789278900000,77322.76,77324.46,77322.0,77322.01,11.98813,2026-09-13 05:55:00+00:00
1789279200000,77322.01,77323.3,77320.0,77323.3,17.22097,2026-09-13 06:00:00+00:00
1789279500000,77323.31,77325.82,77310.0,77310.0,19.86608,2026-09-13 06:05:00+00:00
1789279800000,77310.0,77318.01,77302.0,77310.0,35.27522,2026-09-13 06:10:00+00:00
1789280100000,77310.0,77310.0,77290.0,77299.68,27.59177,2026-09-13 06:15:00+00:00
1789280400000,77299.67,77299.99,77292.0,77292.01,16.42352,2026-09-13 06:20:00+00:00
1789280700000,77292.0,77296.43,77292.0,77296.43,11.81875,2026-09-13 06:25:00+00:00
1789281000000,77296.42,77296.43,77296.42,77296.43,13.62433,2026-09-13 06:30:00+00:00
1789281300000,77296.43,77296.43,77280.0,77280.01,18.24307,2026-09-13 06:35:00+00:00
1789281600000,77280.0,77320.01,77273.45,77306.01,141.75491,2026-09-13 06:40:00+00:00
1789281900000,77306.01,77306.01,77246.32,77246.32,43.73278,2026-09-13 06:45:00+00:00
1789282200000,77246.33,77246.33,77129.29,77129.99,76.15306,2026-09-13 06:50:00+00:00
1789282500000,77129.99,77130.0,77058.42,77122.35,82.29338,2026-09-13 06:55:00+00:00
1789282800000,77122.35,77155.05,77100.0,77151.67,21.08586,2026-09-13 07:00:00+00:00
1789283100000,77151.66,77171.97,77151.66,77171.96,19.70994,2026-09-13 07:05:00+00:00
1789283400000,77171.97,77177.03,77170.72,77170.73,20.73981,2026-09-13 07:10:00+00:00
1789283700000,77170.73,77180.0,77170.72,77172.42,18.80383,2026-09-13 07:15:00+00:00
1789284000000,77172.41,77172.42,77159.99,77160.0,27.18626,2026-09-13 07:20:00+00:00
1789284300000,77159.99,77160.0,77134.0,77142.04,21.62914,2026-09-13 07:25:00+00:00
1789284600000,77142.03,77142.04,77114.0,77131.34,15.707,2026-09-13 07:30:00+00:00
1789284900000,77131.34,77131.34,77100.0,77121.7,27.90208,2026-09-13 07:35:00+00:00
1789285200000,77121.7,77162.51,77121.69,77162.51,18.75579,2026-09-13 07:40:00+00:00
1789285500000,77162.51,77168.01,77136.27,77166.02,15.58175,2026-09-13 07:45:00+00:00
1789285800000,77166.02,77166.02,77125.0,77125.01,9.75467,2026-09-13 07:50:00+00:00
1789286100000,77125.01,77128.0,77091.88,77127.99,23.14185,2026-09-13 07:55:00+00:00
1789286400000,77127.99,77182.0,77124.0,77166.02,22.98095,2026-09-13 08:00:00+00:00
1789286700000,77166.01,77166.01,77120.0,77120.0,16.7949,2026-09-13 08:05:00+00:00
1789287000000,77120.01,77120.01,77041.04,77066.19,22.27967,2026-09-13 08:10:00+00:00
1789287300000,77066.19,77066.2,77012.0,77014.0,18.31721,2026-09-13 08:15:00+00:00
1789287600000,77014.01,77038.01,77014.0,77026.74,8.59714,2026-09-13 08:20:00+00:00
1789287900000,77026.75,77034.37,77026.62,77026.63,3.51233,2026-09-13 08:25:00+00:00
1789288200000,77026.62,77026.62,76855.36,76906.04,89.10686,2026-09-13 08:30:00+00:00
1789288500000,76906.04,76912.01,76773.67,76787.12,67.18328,2026-09-13 08:35:00+00:00
1789288800000,76787.12,76875.33,76756.0,76821.68,58.40983,2026-09-13 08:40:00+00:00
1789289100000,76821.69,76873.83,76800.0,76873.82,24.04824,2026-09-13 08:45:00+00:00
1789289400000,76873.82,76876.61,76818.0,76826.67,23.76795,2026-09-13 08:50:00+00:00
1789289700000,76826.67,76829.24,76764.0,76813.71,46.89351,2026-09-13 08:55:00+00:00
1789290000000,76813.71,76848.01,76810.0,76848.0,22.2932,2026-09-13 09:00:00+00:00
1789290300000,76848.01,76893.91,76846.91,76846.91,53.68364,2026-09-13 09:05:00+00:00
1789290600000,76846.91,76846.91,76790.89,76824.42,39.783,2026-09-13 09:10:00+00:00
1789290900000,76824.41,76824.42,76765.0,76772.0,43.50402,2026-09-13 09:15:00+00:00
1789291200000,76772.01,76816.63,76662.32,76712.29,82.41777,2026-09-13 09:20:00+00:00
1789291500000,76712.29,76730.5,76600.01,76650.0,52.07554,2026-09-13 09:25:00+00:00
1789291800000,76650.01,76689.07,76570.0,76602.01,98.04132,2026-09-13 09:30:00+00:00
1789292100000,76602.01,76773.36,76602.01,76726.0,63.50141,2026-09-13 09:35:00+00:00
1789292400000,76726.01,76751.22,76720.0,76720.01,15.15501,2026-09-13 09:40:00+00:00
1789292700000,76720.02,76776.51,76720.01,76772.0,26.07582,2026-09-13 09:45:00+00:00
1789293000000,76772.0,76796.01,76750.0,76796.01,19.11584,2026-09-13 09:50:00+00:00
1789293300000,76796.01,76824.01,76737.08,76808.01,21.97458,2026-09-13 09:55:00+00:00
1789293600000,76808.0,76813.26,76792.0,76792.0,22.64251,2026-09-13 10:00:00+00:00
1789293900000,76792.01,76806.72,76777.19,76791.78,10.63439,2026-09-13 10:05:00+00:00
1789294200000,76791.78,76798.01,76759.53,76792.32,13.60123,2026-09-13 10:10:00+00:00
1789294500000,76792.32,76800.0,76774.01,76774.02,8.49945,2026-09-13 10:15:00+00:00
1789294800000,76774.02,76774.02,76745.18,76745.18,8.07386,2026-09-13 10:20:00+00:00
1789295100000,76745.18,76755.19,76745.18,76755.19,6.41905,2026-09-13 10:25:00+00:00
1789295400000,76755.19,76810.8,76755.18,76804.0,25.55324,2026-09-13 10:30:00+00:00
1789295700000,76804.0,76804.03,76780.16,76780.17,8.46169,2026-09-13 10:35:00+00:00
1789296000000,76780.17,76780.17,76690.35,76690.36,20.02048,2026-09-13 10:40:00+00:00
1789296300000,76690.36,76748.01,76690.35,76748.01,9.17045,2026-09-13 10:45:00+00:00
1789296600000,76748.01,76748.01,76666.0,76677.27,11.58766,2026-09-13 10:50:00+00:00
1789296900000,76677.27,76706.64,76628.45,76677.29,46.15111,2026-09-13 10:55:00+00:00
1789297200000,76677.3,76706.01,76500.0,76694.0,74.21317,2026-09-13 11:00:00+00:00
1789297500000,76694.01,76702.01,76592.34,76604.83,18.94998,2026-09-13 11:05:00+00:00
1789297800000,76604.84,76631.83,76522.78,76533.29,36.04508,2026-09-13 11:10:00+00:00
1789298100000,76533.3,76635.28,76532.79,76604.61,40.93746,2026-09-13 11:15:00+00:00
1789298400000,76604.61,76661.22,76604.6,76661.22,14.14376,2026-09-13 11:20:00+00:00
1789298700000,76661.21,76666.1,76652.5,76665.76,11.76252,2026-09-13 11:25:00+00:00
1789299000000,76665.77,76692.01,76658.09,76692.01,9.1286,2026-09-13 11:30:00+00:00
1789299300000,76692.0,76763.21,76692.0,76763.21,15.58586,2026-09-13 11:35:00+00:00
1789299600000,76763.21,76796.01,76763.2,76776.0,12.62965,2026-09-13 11:40:00+00:00
1789299900000,76776.01,76788.18,76758.01,76771.17,9.93556,2026-09-13 11:45:00+00:00
1789300200000,76771.17,76800.0,76771.17,76792.0,7.84639,2026-09-13 11:50:00+00:00
1789300500000,76792.0,76792.32,76764.62,76792.32,14.72171,2026-09-13 11:55:00+00:00
1789300800000,76792.31,76792.32,76760.0,76760.01,7.15311,2026-09-13 12:00:00+00:00
1789301100000,76760.0,76778.81,76760.0,76774.13,20.3643,2026-09-13 12:05:00+00:00
1789301400000,76774.13,76808.01,76774.13,76802.0,10.87285,2026-09-13 12:10:00+00:00
1789301700000,76802.01,76853.1,76802.0,76842.0,19.47376,2026-09-13 12:15:00+00:00
1789302000000,76841.99,76845.33,76820.58,76845.32,20.07115,2026-09-13 12:20:00+00:00
1789302300000,76845.33,76851.25,76834.0,76834.01,11.75548,2026-09-13 12:25:00+00:00
1789302600000,76834.0,76866.01,76782.0,76788.0,21.40881,2026-09-13 12:30:00+00:00
1789302900000,76788.0,76801.25,76750.82,76788.02,28.27608,2026-09-13 12:35:00+00:00
1789303200000,76788.02,76788.03,76716.0,76738.8,30.85002,2026-09-13 12:40:00+00:00
1789303500000,76738.8,76738.8,76700.0,76700.21,30.65983,2026-09-13 12:45:00+00:00
1789303800000,76700.21,76748.01,76690.0,76746.0,36.22882,2026-09-13 12:50:00+00:00
1789304100000,76746.01,76764.01,76721.0,76763.33,55.21831,2026-09-13 12:55:00+00:00
1789304400000,76763.33,76763.33,76704.06,76704.06,37.3522,2026-09-13 13:00:00+00:00
1789304700000,76704.06,76739.7,76680.98,76739.7,36.92035,2026-09-13 13:05:00+00:00
1789305000000,76739.7,76768.82,76739.69,76768.82,22.41524,2026-09-13 13:10:00+00:00
1789305300000,76768.82,76781.65,76706.07,76706.08,27.94446,2026-09-13 13:15:00+00:00
1789305600000,76706.08,76706.08,76610.01,76664.48,58.52742,2026-09-13 13:20:00+00:00
1789305900000,76664.48,76664.48,76560.0,76584.67,54.41943,2026-09-13 13:25:00+00:00
1789306200000,76584.67,76685.96,76584.66,76668.78,39.25819,2026-09-13 13:30:00+00:00
1789306500000,76668.78,76714.01,76668.77,76714.01,26.49127,2026-09-13 13:35:00+00:00
1789306800000,76714.0,76774.09,76712.0,76770.4,25.60505,2026-09-13 13:40:00+00:00
1789307100000,76770.4,76842.39,76770.4,76842.39,45.6245,2026-09-13 13:45:00+00:00
1789307400000,76842.38,76922.01,76836.0,76863.58,34.74892,2026-09-13 13:50:00+00:00
1789307700000,76863.59,76872.9,76852.99,76853.02,26.22371,2026-09-13 13:55:00+00:00
1789308000000,76853.01,76880.01,76850.56,76867.64,37.78819,2026-09-13 14:00:00+00:00
1789308300000,76867.65,76980.01,76867.64,76974.22,32.88414,2026-09-13 14:05:00+00:00
1789308600000,76974.21,77016.46,76958.02,77009.52,53.78842,2026-09-13 14:10:00+00:00
1789308900000,77009.51,77109.94,77009.51,77056.01,56.81893,2026-09-13 14:15:00+00:00
1789309200000,77056.01,77099.24,77056.01,77077.89,44.28966,2026-09-13 14:20:00+00:00
1789309500000,77077.88,77120.01,77067.07,77110.01,27.49022,2026-09-13 14:25:00+00:00
1789309800000,77110.0,77120.69,77092.03,77108.49,35.6345,2026-09-13 14:30:00+00:00
1789310100000,77108.5,77254.45,77108.5,77203.89,54.76914,2026-09-13 14:35:00+00:00
1789310400000,77203.89,77213.25,77156.64,77186.01,49.8002,2026-09-13 14:40:00+00:00
1789310700000,77186.0,77252.87,77186.0,77208.01,52.75704,2026-09-13 14:45:00+00:00
1789311000000,77208.01,77210.0,77166.29,77201.98,42.87099,2026-09-13 14:50:00+00:00
1789311300000,77201.99,77221.11,77178.0,77216.01,35.749,2026-09-13 14:55:00+00:00
1789311600000,77216.01,77216.01,77122.8,77127.04,33.19587,2026-09-13 15:00:00+00:00
1789311900000,77127.04,77137.01,77114.63,77130.14,15.92507,2026-09-13 15:05:00+00:00
1789312200000,77130.14,77130.15,77098.63,77117.71,51.48557,2026-09-13 15:10:00+00:00
1789312500000,77117.7,77117.71,77011.33,77022.01,26.07139,2026-09-13 15:15:00+00:00
1789312800000,77022.01,77207.32,77022.0,77190.01,24.07861,2026-09-13 15:20:00+00:00
1789313100000,77190.0,77190.0,77026.62,77038.01,23.37875,2026-09-13 15:25:00+00:00
1789313400000,77038.0,77114.01,77038.0,77114.01,12.57871,2026-09-13 15:30:00+00:00
1789313700000,77114.01,77115.85,77080.73,77082.72,6.93588,2026-09-13 15:35:00+00:00
1789314000000,77082.72,77178.01,77069.03,77171.53,12.40017,2026-09-13 15:40:00+00:00
1789314300000,77171.53,77171.53,77142.0,77159.53,3.05534,2026-09-13 15:45:00+00:00
1789314600000,77159.54,77159.8,77137.12,77159.8,12.76034,2026-09-13 15:50:00+00:00
1789314900000,77159.8,77159.8,77122.0,77134.83,14.10484,2026-09-13 15:55:00+00:00
1789315200000,77134.82,77189.78,77134.82,77160.01,15.8168,2026-09-13 16:00:00+00:00
1789315500000,77160.01,77200.0,77134.0,77159.98,41.03545,2026-09-13 16:05:00+00:00
1789315800000,77159.99,77260.21,77125.66,77206.0,25.54572,2026-09-13 16:10:00+00:00
1789316100000,77206.0,77226.01,77190.33,77226.0,9.4435,2026-09-13 16:15:00+00:00
1789316400000,77226.0,77270.0,77226.0,77268.01,14.0573,2026-09-13 16:20:00+00:00
1789316700000,77268.01,77298.0,77244.0,77244.01,12.32469,2026-09-13 16:25:00+00:00
1789317000000,77244.01,77286.79,77242.0,77242.0,15.95147,2026-09-13 16:30:00+00:00
1789317300000,77242.01,77264.77,77235.44,77264.76,8.93421,2026-09-13 16:35:00+00:00
1789317600000,77264.77,77359.0,77264.76,77314.0,99.36863,2026-09-13 16:40:00+00:00
1789317900000,77314.01,77314.01,77248.18,77248.19,11.26905,2026-09-13 16:45:00+00:00
1789318200000,77248.19,77290.55,77248.18,77283.78,9.27283,2026-09-13 16:50:00+00:00
1789318500000,77283.78,77331.33,77276.04,77276.14,33.29201,2026-09-13 16:55:00+00:00
1789318800000,77276.14,77290.01,77276.13,77290.01,2.16861,2026-09-13 17:00:00+00:00
